,,,,,,,,,,,,,,,,,,,,,,,,,,,,,,,,,,,,,,,,,,,
10070753,Stradpult,https://imgur.com/gallery/uljVxNX,Fighter,FFA,k,,3481473,Harry,https://imgur.com/a/WlB4zGt,Spreadshot,Maze 4TDM,,,,,,,,,,,,,,,,,,,,,,,,,,,,,,,,
9586016,Stradpult,https://imgur.com/gallery/oH1wsYj,Auto-5,FFA,k,,3748656,Harry,https://imgur.com/a/R31X1yN,Manager,Portal 4TDM,,,,,,,,,,,,,,,,,,,,,,,,,,,,,,,,
8708932,Stradpult,https://imgur.com/gallery/wVINCNQ,Surfer,FFA,k,,4134803,Harry,https://imgur.com/a/R5jhhUf,Overseer,2TDM,,,,,,,,,,,,,,,,,,,,,,,,,,,,,,,,
7407179,Stradpult,https://media.discordapp.net/attachments/454578417745133580/579267259894333440/unknown.png,Fighter,FFA,k,,4165955,Harry,https://imgur.com/a/GE3WFcJ,Spreadshot,2TDM,,,,,,,,,,,,,,,,,,,,,,,,,,,,,,,,
7403118,Stradpult,https://imgur.com/gallery/NPw1Hfj,Surfer,FFA,k,,2635406,Harry,https://imgur.com/a/pcdEXBc,Spreadshot,Portal 4TDM,,,,,,,,,,,,,,,,,,,,,,,,,,,,,,,,
7275547,Stradpult,https://imgur.com/gallery/I3ip2El,Fighter,FFA,k,,2941325,Harry,https://imgur.com/a/46M0yOa,Swarmer,4TDM,,,,,,,,,,,,,,,,,,,,,,,,,,,,,,,,
6780645,Stradpult,https://imgur.com/gallery/sntRDmQ,Necromancer,2TDM,,,3013317,Harry,https://imgur.com/a/RiZZvoa,Bomber,Squads,,,,,,,,,,,,,,,,,,,,,,,,,,,,,,,,
6012132,Stradpult,https://media.discordapp.net/attachments/454578417745133580/819296181259075594/unknown.png,Surfer,FFA,k,,3176379,Harry,https://imgur.com/gallery/xviFcC5,Falcon,2TDM,,,,,,,,,,,,,,,,,,,,,,,,,,,,,,,,
5887844,Stradpult,https://media.discordapp.net/attachments/454578417745133580/792779223999184906/unknown.png,Surfer,FFA,k,,2618396,Harry,https://imgur.com/gallery/jK23xmd,Trap Guard,Duos,,,,,,,,,,,,,,,,,,,,,,,,,,,,,,,,
5679922,Stradpult,https://media.discordapp.net/attachments/454578417745133580/818586541759791124/unknown.png,Overlord,4TDM,k,,2282933,Harry,https://imgur.com/gallery/VACbrzp,Overlord,4TDM,,,,,,,,,,,,,,,,,,,,,,,,,,,,,,,,
5485864,Stradpult,https://media.discordapp.net/attachments/360882315200823297/551463467199234049/unknown.png,Spike,FFA,,,3386549,Harry,https://imgur.com/a/Vwv5LPY,Poacher,Portal 4TDM,,,,,,,,,,,,,,,,,,,,,,,,,,,,,,,,
5432375,Stradpult,https://imgur.com/a/6d4Qted,Assassin,2TDM,,,3142474,Harry,https://imgur.com/a/5ZQCM9N,Overseer,Squads,,,,,,,,,,,,,,,,,,,,,,,,,,,,,,,,
5324842,Stradpult,https://imgur.com/gallery/x1DyvFb,Fighter,FFA,k,,2966417,Harry,https://imgur.com/gallery/3fk13KO,Beekeeper,Squads,,,,,,,,,,,,,,,,,,,,,,,,,,,,,,,,
5310738,Stradpult,https://imgur.com/gallery/X1fkZdU,Landmine,4TDM,,,6816604,Harry,https://imgur.com/a/N9tb1Wb,Auto Overseer,Portal 4TDM,,,,,,,,,,,,,,,,,,,,,,,,,,,,,,,,
5194435,Stradpult,https://media.discordapp.net/attachments/454578417745133580/816691830765649971/unknown.png,Surfer,FFA,k,,6408085,Harry,https://imgur.com/a/ei70RC0,Bent Hybrid,Portal 4TDM,,,,,,,,,,,,,,,,,,,,,,,,,,,,,,,,
5107133,Stradpult,https://media.discordapp.net/attachments/454578417745133580/762070289047355392/unknown.png,Overlord,2TDM,k,,13005049,Harry,https://imgur.com/a/8c1B2EI,Overlord,2TDM,,,,,,,,,,,,,,,,,,,,,,,,,,,,,,,,
5077858,Stradpult,https://imgur.com/gallery/tNkmW3K,Surfer,FFA,k,,9787467,Harry,https://imgur.com/a/X6iIVv3,Auto-Assassin,2TDM,,,,,,,,,,,,,,,,,,,,,,,,,,,,,,,,
5040753,Stradpult,https://media.discordapp.net/attachments/454578417745133580/587246088541700117/unknown.png,Fighter,FFA,k,,3941252,Harry,https://imgur.com/a/JZ2WUkW,Auto Overseer,Maze 2TDM,,,,,,,,,,,,,,,,,,,,,,,,,,,,,,,,
5030990,Stradpult,https://imgur.com/gallery/YmbevKC,Booster,FFA,k,,2862205,Harry,https://imgur.com/a/uR97oaA,Director,4TDM,,,,,,,,,,,,,,,,,,,,,,,,,,,,,,,,
5005473,Stradpult,https://imgur.com/gallery/y1ERvRO,Fighter,FFA,k,,,,,,,,,,,,,,,,,,,,,,,,,,,,,,,,,,,,,,
4681743,Stradpult,https://media.discordapp.net/attachments/454578417745133580/587612624271966211/unknown.png,Surfer,FFA,k,,,,,,,,,,,,,,,,,,,,,,,,,,,,,,,,,,,,,,
4643278,Stradpult,https://imgur.com/gallery/stllXQe,Auto-Assassin,2TDM,,,2001637,Sonder,https://imgur.com/gallery/GUjJwik,Swarmer,4TDM,,,,,,,,,,,,,,,,,,,,,,,,,,,,,,,,
4325424,Stradpult,https://media.discordapp.net/attachments/250835739539931136/559374404656824342/unknown.png,Surfer,FFA,k,,2007337,Sonder,https://imgur.com/gallery/p5iNYQL,Stalker,Squads,,,,,,,,,,,,,,,,,,,,,,,,,,,,,,,,
4292817,Stradpult,https://media.discordapp.net/attachments/454578417745133580/719090202148208640/unknown.png,Hybrid,2TDM,,,2009229,Sonder,https://i.imgur.com/JqToRdu.png,Battleship,2TDM,,,,,,,,,,,,,,,,,,,,,,,,,,,,,,,,
4279167,Stradpult,https://media.discordapp.net/attachments/454578417745133580/729325376257654864/unknown.png,Crop Duster,FFA,,,2010662,Sonder,https://i.imgur.com/AUHwMph.png,Auto-5,4TDM,k,,,,,,,,,,,,,,,,,,,,,,,,,,,,,,,
4225250,Stradpult,https://imgur.com/gallery/xhU3jMm,Streamliner,FFA,,,2011408,Sonder,https://cdn.discordapp.com/attachments/866023322529955870/882374258515410984/screenshot_-_2021-08-31T171939.429.png,Octo Tank,4TDM,,,,,,,,,,,,,,,,,,,,,,,,,,,,,,,,
4207870,Stradpult,https://imgur.com/gallery/Khl3nL4,Fighter,FFA,k,,2013012,Sonder,https://i.imgur.com/GBS8ruQ.png,Mega-3,FFA,,,,,,,,,,,,,,,,,,,,,,,,,,,,,,,,
4142287,Stradpult,https://media.discordapp.net/attachments/454578417745133580/730084282273366137/unknown.png,Fighter,2TDM,k,,2015890,Sonder,https://i.imgur.com/4hrtQB2.png,Penta Shot,Maze 4TDM,,,,,,,,,,,,,,,,,,,,,,,,,,,,,,,,
4107477,Stradpult,https://media.discordapp.net/attachments/454578417745133580/771463582671700048/unknown.png,Surfer,FFA,k,,2018287,Sonder,https://i.imgur.com/LfE00MX.png,Annihilator,FFA,,,,,,,,,,,,,,,,,,,,,,,,,,,,,,,,
4104199,Stradpult,https://media.discordapp.net/attachments/454578417745133580/583023590056787986/unknown.png,Fighter,FFA,k,,2021539,Sonder,https://i.imgur.com/wzVhso4.png,Spike,4TDM,,,,,,,,,,,,,,,,,,,,,,,,,,,,,,,,
4085330,Stradpult,https://media.discordapp.net/attachments/454578417745133580/786189687370547220/unknown.png,Mega Smasher,4TDM,,,2026131,Sonder,https://imgur.com/gallery/AGerLki,Swarmer,2TDM,,,,,,,,,,,,,,,,,,,,,,,,,,,,,,,,
4064640,Stradpult,https://media.discordapp.net/attachments/454578417745133580/563009123747102741/unknown.png,Auto Builder,FFA,,,2036360,Sonder,https://media.discordapp.net/attachments/790131315139543040/843828963583459408/screenshot_-_2021-05-16T195513.210.png,Auto Double,Squads,,,,,,,,,,,,,,,,,,,,,,,,,,,,,,,,
4056118,Stradpult,https://imgur.com/gallery/8MvCVwL,Auto-Assassin,4TDM,,,2044008,Sonder,https://i.imgur.com/f76rpZ9.png,Basic,4TDM,,,,,,,,,,,,,,,,,,,,,,,,,,,,,,,,
4027927,Stradpult,https://dl.airtable.com/4nO9AqIWTm8ycvVya2Tl_unknown.png,Skimmer,Open TDM,,,2051440,Sonder,https://i.imgur.com/rk1XLZM.png,Triplet,Squads,,,,,,,,,,,,,,,,,,,,,,,,,,,,,,,,
3866176,Stradpult,https://media.discordapp.net/attachments/454578417745133580/578225206967926795/unknown.png,Surfer,FFA,k,,2073802,Sonder,https://imgur.com/a/oAoiQZv,Penta Shot,Maze 2TDM,,,,,,,,,,,,,,,,,,,,,,,,,,,,,,,,
3816681,Stradpult,https://media.discordapp.net/attachments/454578417745133580/722797003574214736/unknown.png,Spike,2TDM,,,2091414,Sonder,https://imgur.com/a/vqbcifj,Destroyer,Maze 2TDM,,,,,,,,,,,,,,,,,,,,,,,,,,,,,,,,
3666981,Stradpult,https://media.discordapp.net/attachments/454578417745133580/737781936994385990/unknown.png,Surfer,FFA,k,,2125892,Sonder,https://imgur.com/a/GdrsuDj,Bent Hybrid,2TDM,,,,,,,,,,,,,,,,,,,,,,,,,,,,,,,,
3615801,Stradpult,https://imgur.com/gallery/zLDCSNF,Necromancer,4TDM,k,,2133456,Sonder,https://imgur.com/a/y2qxH9l,Penta Shot,Open TDM,,,,,,,,,,,,,,,,,,,,,,,,,,,,,,,,
3586514,Stradpult,https://imgur.com/a/UnlZzmE,Swarmer,FFA,,,2154601,Sonder,https://i.imgur.com/p1EIeqH.png,Triple Shot,FFA,,,,,,,,,,,,,,,,,,,,,,,,,,,,,,,,
3455210,Stradpult,https://dl.airtable.com/FLSwOmEgTFq7TOPbgDIw_unknown.png,Auto Double,FFA,k,,2182002,Sonder,https://imgur.com/gallery/FzM9tNp,Overlord,4TDM,,,,,,,,,,,,,,,,,,,,,,,,,,,,,,,,
3287268,Stradpult,https://media.discordapp.net/attachments/454578417745133580/600069955546775572/unknown.png,Annihilator,FFA,,,2202281,Sonder,https://imgur.com/gallery/KbIt2xE,Smasher,Maze 4TDM,,,,,,,,,,,,,,,,,,,,,,,,,,,,,,,,
3238897,Stradpult,https://imgur.com/gallery/Bcyt5KC,Auto Overseer,FFA,k,,2231932,Sonder,https://imgur.com/a/NT71Ohg,Factory,Siege,e,,,,,,,,,,,,,,,,,,,,,,,,,,,,,,,
3217590,Stradpult,https://media.discordapp.net/attachments/395646588682240020/552146528140263454/unknown.png,Hybrid,FFA,,,2232438,Sonder,https://i.imgur.com/bMGsVkF.png,Overdrive,4TDM,,,,,,,,,,,,,,,,,,,,,,,,,,,,,,,,
3158380,Stradpult,https://media.discordapp.net/attachments/454578417745133580/584125646628716555/unknown.png,Fighter,FFA,k,,2267513,Sonder,https://imgur.com/a/MB6rNXR,Machine Gun,FFA,,,,,,,,,,,,,,,,,,,,,,,,,,,,,,,,
3107409,Stradpult,https://media.discordapp.net/attachments/454578417745133580/561608328640331802/unknown.png,Spike,FFA,,,2267590,Sonder,https://imgur.com/gallery/cI4o0S0,Machine Gun,Open TDM,,,,,,,,,,,,,,,,,,,,,,,,,,,,,,,,
3089912,Stradpult,https://media.discordapp.net/attachments/454578417745133580/719272305414373398/unknown.png,Surfer,FFA,k,,2270294,Sonder,https://i.imgur.com/gG4Hhj1.jpg,Gunner Trapper,4TDM,,,,,,,,,,,,,,,,,,,,,,,,,,,,,,,,
3089234,Stradpult,https://media.discordapp.net/attachments/454578417745133580/813129898292936764/unknown.png,Surfer,FFA,k,,2295499,Sonder,https://imgur.com/a/MB6rNXR,Overdrive,2TDM,,,,,,,,,,,,,,,,,,,,,,,,,,,,,,,,
3077840,Stradpult,https://media.discordapp.net/attachments/454578417745133580/653288181302820884/unknown.png,Fighter,FFA,k,,2302743,Sonder,https://imgur.com/a/sJuVrxj,Booster,4TDM,,,,,,,,,,,,,,,,,,,,,,,,,,,,,,,,
3054630,Stradpult,https://media.discordapp.net/attachments/454578417745133580/794199009383153674/unknown.png,Surfer,FFA,k,,2308734,Sonder,https://media.discordapp.net/attachments/790131315139543040/887027572494467143/screenshot_-_2021-09-13T132941.617.png,Smasher,2TDM,,,,,,,,,,,,,,,,,,,,,,,,,,,,,,,,
3051289,Stradpult,https://imgur.com/gallery/IITTNps,Octo Tank,FFA,,,2370675,Sonder,https://i.imgur.com/9axSIA7.png,Spike,Portal 4TDM,,,,,,,,,,,,,,,,,,,,,,,,,,,,,,,,
3045061,Stradpult,https://media.discordapp.net/attachments/454578417745133580/557953551763243033/unknown.png,Manager,2TDM,k,,2379595,Sonder,https://i.imgur.com/ENrKK1D.png,Hybrid,2TDM,,,,,,,,,,,,,,,,,,,,,,,,,,,,,,,,
3030637,Stradpult,https://media.discordapp.net/attachments/454578417745133580/582893438228496386/unknown.png,Fighter,FFA,k,,2456559,Sonder,https://i.imgur.com/lAuNYf4.png,Booster,FFA,,,,,,,,,,,,,,,,,,,,,,,,,,,,,,,,
3019913,Stradpult,https://media.discordapp.net/attachments/454578417745133580/792142677164425226/unknown.png,Fighter,FFA,k,,2549963,Sonder,https://imgur.com/a/MB6rNXR,Auto-5,2TDM,k,,,,,,,,,,,,,,,,,,,,,,,,,,,,,,,
3015683,Stradpult,https://media.discordapp.net/attachments/454578417745133580/721813799480328322/unknown.png,Surfer,FFA,k,,2570851,Sonder,https://i.imgur.com/GV15yMu.png,Annihilator,4TDM,,,,,,,,,,,,,,,,,,,,,,,,,,,,,,,,
3012026,Stradpult,https://imgur.com/gallery/iU6ZL5Y,Maleficitor,2TDM,,,2721621,Sonder,https://imgur.com/a/4d3wqIw,Shotgun,4TDM,,,,,,,,,,,,,,,,,,,,,,,,,,,,,,,,
2910196,Stradpult,https://media.discordapp.net/attachments/454578417745133580/817436022094299256/unknown.png,Surfer,FFA,k,,3004529,Sonder,https://imgur.com/a/iQ4tQIT,Mega-3,2TDM,,,,,,,,,,,,,,,,,,,,,,,,,,,,,,,,
2822527,Stradpult,https://media.discordapp.net/attachments/454578417745133580/749626801164386384/unknown.png,Mega Smasher,Portal 4TDM,,,3008992,Sonder,https://i.imgur.com/5h81g0G.png,Triple Shot,4TDM,,,,,,,,,,,,,,,,,,,,,,,,,,,,,,,,
2807414,Stradpult,https://media.discordapp.net/attachments/454578417745133580/759182437300961280/unknown.png,Auto Double,Maze,k,,3009237,Sonder,https://i.imgur.com/yKVM6tR.png,Underseer,4TDM,k,,,,,,,,,,,,,,,,,,,,,,,,,,,,,,,
2755653,Stradpult,https://media.discordapp.net/attachments/454578417745133580/715890397569745006/unknown.png,Engineer,FFA,,,3079368,Sonder,https://imgur.com/a/d7spWUZ,Bent Hybrid,Squads,,,,,,,,,,,,,,,,,,,,,,,,,,,,,,,,
2746594,Stradpult,https://cdn.discordapp.com/attachments/454578417745133580/584727518318297118/unknown.png,Fighter,FFA,k,,3134030,Sonder,https://imgur.com/a/8csmONW,Gunner Trapper,Open TDM,,,,,,,,,,,,,,,,,,,,,,,,,,,,,,,,
2735688,Stradpult,https://media.discordapp.net/attachments/454578417745133580/777254605960249374/unknown.png,Surfer,FFA,k,,3151613,Sonder,https://imgur.com/gallery/i583Cou,Penta Shot,Open TDM,,,,,,,,,,,,,,,,,,,,,,,,,,,,,,,,
2669656,Stradpult,https://media.discordapp.net/attachments/395646588682240020/563339827362136064/unknown.png,Auto Builder,FFA,,,3174307,Sonder,https://i.imgur.com/lvNo7yl.png,Hybrid,4TDM,,,,,,,,,,,,,,,,,,,,,,,,,,,,,,,,
2652029,Stradpult,https://media.discordapp.net/attachments/454578417745133580/812597141977432064/unknown.png,Hybrid,4TDM,,,3180675,Sonder,https://i.imgur.com/QfgGDO3.png,Auto-5,FFA,k,,,,,,,,,,,,,,,,,,,,,,,,,,,,,,,
2631105,Stradpult,https://media.discordapp.net/attachments/454578417745133580/640260361143975957/unknown.png,Auto-5,FFA,k,,3295707,Sonder,https://i.imgur.com/Zo7TzTq.png,Surfer,FFA,,,,,,,,,,,,,,,,,,,,,,,,,,,,,,,,
2615462,Stradpult,https://media.discordapp.net/attachments/454578417745133580/549234410533289999/unknown.png,Auto-5,FFA,k,,3501438,Sonder,https://imgur.com/gallery/HUFulHU,Spike,2TDM,,,,,,,,,,,,,,,,,,,,,,,,,,,,,,,,
2606958,Stradpult,https://media.discordapp.net/attachments/454578417745133580/722445569305477120/unknown.png,Necromancer,2TDM,,,3512696,Sonder,https://i.imgur.com/m4VuUpK.png,Penta Shot,FFA,,,,,,,,,,,,,,,,,,,,,,,,,,,,,,,,
2596335,Stradpult,https://media.discordapp.net/attachments/454578417745133580/640535983304998923/unknown.png,Fighter,FFA,k,,3642362,Sonder,https://i.imgur.com/xBh0xuH.jpg,Hybrid,4TDM,,,,,,,,,,,,,,,,,,,,,,,,,,,,,,,,
2594725,Stradpult,https://media.discordapp.net/attachments/454578417745133580/786904370683969567/unknown.png,Surfer,FFA,k,,3787450,Sonder,https://imgur.com/a/hgqP90N,Booster,4TDM,,,,,,,,,,,,,,,,,,,,,,,,,,,,,,,,
2593889,Stradpult,https://cdn.discordapp.com/attachments/395646588682240020/584435424211107851/unknown.png,Fighter,FFA,k,,4007522,Sonder,https://imgur.com/a/QGa3xGF,Overlord,4TDM,,,,,,,,,,,,,,,,,,,,,,,,,,,,,,,,
2584778,Stradpult,https://media.discordapp.net/attachments/454578417745133580/724696668884172840/unknown.png,Fighter,FFA,k,,4086971,Sonder,https://i.imgur.com/I89qFHX.png,Smasher,2TDM,,,,,,,,,,,,,,,,,,,,,,,,,,,,,,,,
2567298,Stradpult,https://media.discordapp.net/attachments/454578417745133580/585454092420251658/unknown.png,Hybrid,FFA,,,4369278,Sonder,https://i.imgur.com/S0AzIRv.png,Annihilator,FFA,,,,,,,,,,,,,,,,,,,,,,,,,,,,,,,,
2521764,Stradpult,https://media.discordapp.net/attachments/454578417745133580/756222881276625027/unknown.png,Auto Double,FFA,k,,4530923,Sonder,https://i.imgur.com/jRHL2yx.png,Auto Smasher,4TDM,,,,,,,,,,,,,,,,,,,,,,,,,,,,,,,,
2503559,Stradpult,https://media.discordapp.net/attachments/454578417745133580/706523495957528626/unknown.png,Fighter,FFA,k,,4644382,Sonder,https://imgur.com/a/ymjxRhz,Director,4TDM,,,,,,,,,,,,,,,,,,,,,,,,,,,,,,,,
2490626,Stradpult,https://imgur.com/gallery/VWivaVX,Hewn Double,FFA,,,5002974,Sonder,https://media.discordapp.net/attachments/803352420117774377/890060790537801818/screenshot_-_2021-09-21T222221.301.png,Auto-Assassin,Squads,,,,,,,,,,,,,,,,,,,,,,,,,,,,,,,,
2473448,Stradpult,https://imgur.com/gallery/klymmRu,Auto Double,2TDM,k,,5011690,Sonder,https://i.imgur.com/jnfNgL9.png,Spike,2TDM,,,,,,,,,,,,,,,,,,,,,,,,,,,,,,,,
2406315,Stradpult,https://media.discordapp.net/attachments/454578417745133580/550751716992352276/unknown.png,Spike,FFA,,,2249606,Sonder,https://i.imgur.com/UbJSZmY.png,Bent Double,Squads,,,,,,,,,,,,,,,,,,,,,,,,,,,,,,,,
2370446,Stradpult,https://imgur.com/gallery/zkhQSPT,Basic,FFA,,,2805852,Sonder,https://imgur.com/a/h8u2KjN,Streamliner,2TDM,,,,,,,,,,,,,,,,,,,,,,,,,,,,,,,,
2373155,Stradpult,https://media.discordapp.net/attachments/454578417745133580/661564066061352961/unknown.png,Mega Smasher,4TDM,k,,2012491,Sonder,https://imgur.com/a/boSNTfr,Hybrid,2TDM,,,,,,,,,,,,,,,,,,,,,,,,,,,,,,,,
2356582,Stradpult,https://media.discordapp.net/attachments/395646588682240020/591619999311986754/unknown.png,Gunner Trapper,FFA,,,,,,,,,,,,,,,,,,,,,,,,,,,,,,,,,,,,,,,
2316024,Stradpult,https://i.imgur.com/zneIsFR.png,Annihilator,FFA,,,,,,,,,,,,,,,,,,,,,,,,,,,,,,,,,,,,,,,
2312381,Stradpult,https://media.discordapp.net/attachments/454578417745133580/574298883946184745/unknown.png,Surfer,FFA,k,,,,,,,,,,,,,,,,,,,,,,,,,,,,,,,,,,,,,,
2307789,Stradpult,https://media.discordapp.net/attachments/454578417745133580/769650786388803584/unknown.png,Landmine,Portal 4TDM,,,,,,,,,,,,,,,,,,,,,,,,,,,,,,,,,,,,,,,
2297201,Stradpult,https://media.discordapp.net/attachments/454578417745133580/548970476043501639/unknown.png,Surfer,FFA,k,,,,,,,,,,,,,,,,,,,,,,,,,,,,,,,,,,,,,,
2294381,Stradpult,https://media.discordapp.net/attachments/454578417745133580/563364223162515456/unknown.png,Triplet,FFA,,,,,,,,,,,,,,,,,,,,,,,,,,,,,,,,,,,,,,,
2287389,Stradpult,https://media.discordapp.net/attachments/454578417745133580/763843649704296508/unknown.png,Auto Tri-Angle,FFA,k,,,,,,,,,,,,,,,,,,,,,,,,,,,,,,,,,,,,,,
2272745,Stradpult,https://media.discordapp.net/attachments/454578417745133580/655146381253541930/unknown.png,Mortar,FFA,k,,,,,,,,,,,,,,,,,,,,,,,,,,,,,,,,,,,,,,
2262813,Stradpult,https://media.discordapp.net/attachments/454578417745133580/700632350517624872/unknown.png,Fighter,FFA,k,,,,,,,,,,,,,,,,,,,,,,,,,,,,,,,,,,,,,,
2255177,Stradpult,https://media.discordapp.net/attachments/395646588682240020/615541451220189187/unknown.png,Surfer,FFA,k,,,,,,,,,,,,,,,,,,,,,,,,,,,,,,,,,,,,,,
2233961,Stradpult,https://media.discordapp.net/attachments/454578417745133580/740554532798464070/unknown.png,Engineer,FFA,,,,,,,,,,,,,,,,,,,,,,,,,,,,,,,,,,,,,,,
2228588,Stradpult,https://media.discordapp.net/attachments/454578417745133580/785197839759572992/unknown.png,Fighter,FFA,k,,,,,,,,,,,,,,,,,,,,,,,,,,,,,,,,,,,,,,
2214335,Stradpult,https://imgur.com/gallery/s0Uc9F0,Underseer,2TDM,,,,,,,,,,,,,,,,,,,,,,,,,,,,,,,,,,,,,,,
2210954,Stradpult,https://imgur.com/gallery/DDv90b2,Fighter,2TDM,k,,,,,,,,,,,,,,,,,,,,,,,,,,,,,,,,,,,,,,
2201614,Stradpult,https://cdn.discordapp.com/attachments/454578417745133580/553239111004323870/unknown.png,Twister,FFA,,,,,,,,,,,,,,,,,,,,,,,,,,,,,,,,,,,,,,,
2173844,Stradpult,https://media.discordapp.net/attachments/541574233650757632/587690963409961129/unknown.png,Booster,FFA,,,,,,,,,,,,,,,,,,,,,,,,,,,,,,,,,,,,,,,
2165324,Stradpult,https://media.discordapp.net/attachments/454578417745133580/485531881060827173/unknown.png,Skimmer,Open TDM,,,,,,,,,,,,,,,,,,,,,,,,,,,,,,,,,,,,,,,
2157944,Stradpult,https://imgur.com/gallery/K36823E,Necromancer,FFA,,,,,,,,,,,,,,,,,,,,,,,,,,,,,,,,,,,,,,,
2136338,Stradpult,https://media.discordapp.net/attachments/395646588682240020/567751097448661002/unknown.png,Necromancer,4TDM,k,,,,,,,,,,,,,,,,,,,,,,,,,,,,,,,,,,,,,,
2133817,Stradpult,https://media.discordapp.net/attachments/454578417745133580/650040824050221101/unknown.png,Fighter,FFA,k,,,,,,,,,,,,,,,,,,,,,,,,,,,,,,,,,,,,,,
2121170,Stradpult,https://media.discordapp.net/attachments/454578417745133580/557580434058510356/unknown.png,Overdrive,2TDM,k,,,,,,,,,,,,,,,,,,,,,,,,,,,,,,,,,,,,,,
2116479,Stradpult,https://media.discordapp.net/attachments/454578417745133580/818158343322861568/unknown.png,Surfer,4TDM,k,,,,,,,,,,,,,,,,,,,,,,,,,,,,,,,,,,,,,,
2116243,Stradpult,https://media.discordapp.net/attachments/454578417745133580/588791299998482531/unknown.png,Mega Smasher,FFA,,,,,,,,,,,,,,,,,,,,,,,,,,,,,,,,,,,,,,,
2111280,Stradpult,https://media.discordapp.net/attachments/454578417745133580/573991300785766400/unknown.png,Engineer,FFA,,,,,,,,,,,,,,,,,,,,,,,,,,,,,,,,,,,,,,,
2097067,Stradpult,https://media.discordapp.net/attachments/454578417745133580/722074619955118195/unknown.png,Fighter,FFA,k,,,,,,,,,,,,,,,,,,,,,,,,,,,,,,,,,,,,,,
2095169,Stradpult,https://media.discordapp.net/attachments/454578417745133580/553528893588373515/unknown.png,Hybrid,FFA,,,,,,,,,,,,,,,,,,,,,,,,,,,,,,,,,,,,,,,
2084424,Stradpult,https://i.imgur.com/bXb3Ufm.png,Auto Double,FFA,k,,,,,,,,,,,,,,,,,,,,,,,,,,,,,,,,,,,,,,
2083907,Stradpult,https://media.discordapp.net/attachments/454578417745133580/690272285306912918/unknown.png,Fighter,FFA,k,,,,,,,,,,,,,,,,,,,,,,,,,,,,,,,,,,,,,,
2077206,Stradpult,https://media.discordapp.net/attachments/454578417745133580/714805451136434275/unknown.png,Fighter,FFA,k,,,,,,,,,,,,,,,,,,,,,,,,,,,,,,,,,,,,,,
2072429,Stradpult,https://media.discordapp.net/attachments/454578417745133580/708656293925093436/unknown.png,Fighter,FFA,k,,,,,,,,,,,,,,,,,,,,,,,,,,,,,,,,,,,,,,
2049442,Stradpult,https://media.discordapp.net/attachments/454578417745133580/786966770589499412/unknown.png,Surfer,FFA,k,,,,,,,,,,,,,,,,,,,,,,,,,,,,,,,,,,,,,,
2047522,Stradpult,https://imgur.com/gallery/yFlZt66,Sprayer,FFA,,,,,,,,,,,,,,,,,,,,,,,,,,,,,,,,,,,,,,,
2040366,Stradpult,https://imgur.com/gallery/eW0KlnZ,Auto Cruiser,FFA,,,,,,,,,,,,,,,,,,,,,,,,,,,,,,,,,,,,,,,
2035578,Stradpult,https://imgur.com/gallery/4MOckBR,Necromancer,Open TDM,k,,,,,,,,,,,,,,,,,,,,,,,,,,,,,,,,,,,,,,
2033194,Stradpult,https://i.imgur.com/yJHnRWq.png,Auto Double,FFA,k,,,,,,,,,,,,,,,,,,,,,,,,,,,,,,,,,,,,,,
2032641,Stradpult,https://media.discordapp.net/attachments/454578417745133580/645320715289100311/unknown.png,Surfer,FFA,k,,,,,,,,,,,,,,,,,,,,,,,,,,,,,,,,,,,,,,
2016820,Stradpult,https://media.discordapp.net/attachments/454578417745133580/715590933705392128/unknown.png,Auto-Assassin,FFA,,,,,,,,,,,,,,,,,,,,,,,,,,,,,,,,,,,,,,,
2013724,Stradpult,https://media.discordapp.net/attachments/454578417745133580/648935376588636161/unknown.png,Necromancer,4TDM,k,,,,,,,,,,,,,,,,,,,,,,,,,,,,,,,,,,,,,,
2013200,Stradpult,https://media.discordapp.net/attachments/454578417745133580/707644004308615238/unknown.png,Surfer,FFA,k,,,,,,,,,,,,,,,,,,,,,,,,,,,,,,,,,,,,,,
2011459,Stradpult,https://media.discordapp.net/attachments/454578417745133580/725335082256040046/unknown.png,Fighter,2TDM,k,,,,,,,,,,,,,,,,,,,,,,,,,,,,,,,,,,,,,,
2010691,Stradpult,https://media.discordapp.net/attachments/454578417745133580/627245682327158794/unknown.png,Fighter,FFA,k,,,,,,,,,,,,,,,,,,,,,,,,,,,,,,,,,,,,,,
2010201,Stradpult,https://media.discordapp.net/attachments/454578417745133580/712618062561411072/unknown.png,Fighter,FFA,k,,,,,,,,,,,,,,,,,,,,,,,,,,,,,,,,,,,,,,
2009737,Stradpult,https://media.discordapp.net/attachments/454578417745133580/742055913132916806/unknown.png,Barricade,FFA,,,,,,,,,,,,,,,,,,,,,,,,,,,,,,,,,,,,,,,
2003061,Stradpult,https://media.discordapp.net/attachments/454578417745133580/646031797703933965/unknown.png,Hybrid,4TDM,,,,,,,,,,,,,,,,,,,,,,,,,,,,,,,,,,,,,,,
2002116,Stradpult,https://media.discordapp.net/attachments/454578417745133580/553274382085128223/unknown.png,Octo Tank,FFA,,,,,,,,,,,,,,,,,,,,,,,,,,,,,,,,,,,,,,,
2001965,Stradpult,https://media.discordapp.net/attachments/454578417745133580/750036918271606810/unknown.png,Mega-3,FFA,,,,,,,,,,,,,,,,,,,,,,,,,,,,,,,,,,,,,,,
2001793,Stradpult,https://media.discordapp.net/attachments/454578417745133580/665968108397133846/unknown.png,Fighter,FFA,k,,,,,,,,,,,,,,,,,,,,,,,,,,,,,,,,,,,,,,
,,,,,,,,,,,,,,,,,,,,,,,,,,,,,,,,,,,,,,,,,,,
3780868,Ender,https://imgur.com/a/gA9cTGM,Overlord,Portal 4TDM,k,,,,,,,,,,,,,,,,,,,,,,,,,,,,,,,,,,,,,,
4193782,Ender,https://imgur.com/a/AZKkml8,Nailgun,Portal 4TDM,,,,,,,,,,,,,,,,,,,,,,,,,,,,,,,,,,,,,,,
2577270,Ender,https://imgur.com/a/9Q0pkLn,Manager,Portal 4TDM,k,,,,,,,,,,,,,,,,,,,,,,,,,,,,,,,,,,,,,,
3126155,Ender,https://imgur.com/a/iPWu4yf,Crop Duster,Portal 4TDM,,,,,,,,,,,,,,,,,,,,,,,,,,,,,,,,,,,,,,,
4507375,Ender,https://imgur.com/a/9ZVimp1,Overlord,Portal 4TDM,k,,,,,,,,,,,,,,,,,,,,,,,,,,,,,,,,,,,,,,
3171351,Ender,https://imgur.com/a/3eovInN,Overdrive,Portal 4TDM,k,,,,,,,,,,,,,,,,,,,,,,,,,,,,,,,,,,,,,,
4069672,Ender,https://imgur.com/a/unI2OYm,Manager,Portal 4TDM,k,,,,,,,,,,,,,,,,,,,,,,,,,,,,,,,,,,,,,,
2048960,Ender,https://imgur.com/a/Z8tAuMA,Underseer,Portal 4TDM,,,,,,,,,,,,,,,,,,,,,,,,,,,,,,,,,,,,,,,
2712573,Ender,https://imgur.com/a/8LE2Byn,Tri-Angle,Portal 4TDM,k,,,,,,,,,,,,,,,,,,,,,,,,,,,,,,,,,,,,,,
3037416,Ender,https://imgur.com/a/OAzhI6c,Streamliner,Portal 4TDM,,,,,,,,,,,,,,,,,,,,,,,,,,,,,,,,,,,,,,,
2388119,Ender,https://imgur.com/a/EdjVvfD,Triple Twin,Portal 4TDM,,,,,,,,,,,,,,,,,,,,,,,,,,,,,,,,,,,,,,,
3398200,Ender,https://imgur.com/a/atRh6h9,Shotgun,Portal 4TDM,,,,,,,,,,,,,,,,,,,,,,,,,,,,,,,,,,,,,,,
3254559,Ender,https://imgur.com/a/UO3N4hc,Destroyer,Portal 4TDM,,,,,,,,,,,,,,,,,,,,,,,,,,,,,,,,,,,,,,,
2498919,Ender,https://cdn.discordapp.com/attachments/395646588682240020/770710361959039026/screenshot_-_2020-10-27T190737.631.png,Annihilator,Portal 4TDM,,,,,,,,,,,,,,,,,,,,,,,,,,,,,,,,,,,,,,,
2425716,Ender,https://cdn.discordapp.com/attachments/395646588682240020/805925091615047710/screenshot_-_2021-02-01T231737.322.png,Crop Duster,4TDM,,,,,,,,,,,,,,,,,,,,,,,,,,,,,,,,,,,,,,,
2894193,Ender,https://cdn.discordapp.com/attachments/395646588682240020/815298746534592592/screenshot_-_2021-02-27T200427.948.png,Bushwhacker,FFA,,,,,,,,,,,,,,,,,,,,,,,,,,,,,,,,,,,,,,,
3512997,Ender,https://cdn.discordapp.com/attachments/396378236705046529/817900718705999892/screenshot_-_2021-03-07T002101.344.png,Director,4TDM,k,,,,,,,,,,,,,,,,,,,,,,,,,,,,,,,,,,,,,,
2275252,Ender,https://imgur.com/a/06hI3O4,Auto Tri-Angle,FFA,,,,,,,,,,,,,,,,,,,,,,,,,,,,,,,,,,,,,,,
6987025,Ender,https://cdn.discordapp.com/attachments/803352420117774377/847950593041498143/screenshot_-_2021-05-28T233002.198.png,Overlord,4TDM,k,,,,,,,,,,,,,,,,,,,,,,,,,,,,,,,,,,,,,,
4610231,Ender,https://imgur.com/a/9tCokHJ,Flank Guard,FFA,,,,,,,,,,,,,,,,,,,,,,,,,,,,,,,,,,,,,,,
2650592,Ender,https://imgur.com/a/OSRJo8e,Auto Cruiser,FFA,,,,,,,,,,,,,,,,,,,,,,,,,,,,,,,,,,,,,,,
4422538,Ender,https://cdn.discordapp.com/attachments/523578188513673217/825402611175391293/screenshot_-_2021-03-27T171424.595.png,Overseer,4TDM,k,,,,,,,,,,,,,,,,,,,,,,,,,,,,,,,,,,,,,,
2025717,Ender,https://cdn.discordapp.com/attachments/395646588682240020/834697119918325780/screenshot_-_2021-04-22T094739.403.png,Falcon,FFA,,,,,,,,,,,,,,,,,,,,,,,,,,,,,,,,,,,,,,,
2008902,Ender,https://cdn.discordapp.com/attachments/790131315139543040/831094712374788106/screenshot_-_2021-04-12T110307.485.png,Surfer,FFA,k,,,,,,,,,,,,,,,,,,,,,,,,,,,,,,,,,,,,,,
2442973,Ender,https://cdn.discordapp.com/attachments/790131315139543040/831443690169565184/screenshot_-_2021-04-13T101840.636.png,Hewn Double,FFA,,,,,,,,,,,,,,,,,,,,,,,,,,,,,,,,,,,,,,,
2099661,Ender,https://cdn.discordapp.com/attachments/796801718339239946/835087599487942686/screenshot_-_2021-04-23T113456.118.png,Hexa Tank,FFA,,,,,,,,,,,,,,,,,,,,,,,,,,,,,,,,,,,,,,,
2663794,Ender,https://cdn.discordapp.com/attachments/796801718339239946/835120289943519264/screenshot_-_2021-04-23T134645.941.png,Commander,FFA,k,,,,,,,,,,,,,,,,,,,,,,,,,,,,,,,,,,,,,,
6364544,Ender,https://cdn.discordapp.com/attachments/803352420117774377/838126391399546890/screenshot_-_2021-05-01T205348.267.png,Surfer,FFA,k,,,,,,,,,,,,,,,,,,,,,,,,,,,,,,,,,,,,,,
6187712,Ender,https://imgur.com/a/QYuOCUi,Shotgun,4TDM,,,,,,,,,,,,,,,,,,,,,,,,,,,,,,,,,,,,,,,
2829938,Ender,https://cdn.discordapp.com/attachments/790131315139543040/840281257752526918/screenshot_-_2021-05-07T193421.350.png,Tri-Angle,FFA,k,,,,,,,,,,,,,,,,,,,,,,,,,,,,,,,,,,,,,,
6840775,Ender,https://imgur.com/gallery/oOgXAtC,Mortar,4TDM,,,,,,,,,,,,,,,,,,,,,,,,,,,,,,,,,,,,,,,
3705402,Ender,https://cdn.discordapp.com/attachments/790131315139543040/841961800778121246/screenshot_-_2021-05-12T105430.991.png,Surfer,4TDM,k,,,,,,,,,,,,,,,,,,,,,,,,,,,,,,,,,,,,,,
2239417,Ender,https://cdn.discordapp.com/attachments/395646588682240020/843492599280173106/screenshot_-_2021-05-16T161742.040.png,Overlord,4TDM,,,,,,,,,,,,,,,,,,,,,,,,,,,,,,,,,,,,,,,
2333371,Ender,https://cdn.discordapp.com/attachments/395646588682240020/804255680801800192/screenshot_-_2020-12-24T162233.png,Battleship,FFA,,,,,,,,,,,,,,,,,,,,,,,,,,,,,,,,,,,,,,,
2284293,Ender,https://cdn.discordapp.com/attachments/523578188513673217/744224888021057597/unknown.png,Manager,FFA,k,,,,,,,,,,,,,,,,,,,,,,,,,,,,,,,,,,,,,,
3568355,Ender,https://cdn.discordapp.com/attachments/395646588682240020/742145488396222464/unknown.png,Shotgun,Portal 4TDM,,,,,,,,,,,,,,,,,,,,,,,,,,,,,,,,,,,,,,,
,,,,,,,,,,,,,,,,,,,,,,,,,,,,,,,,,,,,,,,,,,,
athu scores,,,,,,,,,,,,,,,,,,,,,,,,,,,,,,,,,,,,,,,,,,,
,,,,,,,,,,,,,,,,,,,,,,,,,,,,,,,,,,,,,,,,,,,
,,,,,,,,,,,,,,,,,,,,,,,,,,,,,,,,,,,,,,,,,,,
,,,,,,,,,,,,,,,,,,,,,,,,,,,,,,,,,,,,,,,,,,,
,,,,,,,,,,,,,,,,,,,,,,,,,,,,,,,,,,,,,,,,,,,
,,,,,,,,,,,,,,,,,,,,,,,,,,,,,,,,,,,,,,,,,,,
,,,,,,,,,,,,,,,,,,,,,,,,,,,,,,,,,,,,,,,,,,,
,,,,,,,,,,,,,,,,,,,,,,,,,,,,,,,,,,,,,,,,,,,
,,,,,,,,,,,,,,,,,,,,,,,,,,,,,,,,,,,,,,,,,,,
,,,,,,,,,,,,,,,,,,,,,,,,,,,,,,,,,,,,,,,,,,,
,,,,,,,,,,,,,,,,,,,,,,,,,,,,,,,,,,,,,,,,,,,
,,,,,,,,,,,,,,,,,,,,,,,,,,,,,,,,,,,,,,,,,,,
,,,,,,,,,,,,,,,,,,,,,,,,,,,,,,,,,,,,,,,,,,,
,,,,,,,,,,,,,,,,,,,,,,,,,,,,,,,,,,,,,,,,,,,
,,,,,,,,,,,,,,,,,,,,,,,,,,,,,,,,,,,,,,,,,,,
,,,,,,,,,,,,,,,,,,,,,,,,,,,,,,,,,,,,,,,,,,,
,,,,,,,,,,,,,,,,,,,,,,,,,,,,,,,,,,,,,,,,,,,
,,,,,,,,,,,,,,,,,,,,,,,,,,,,,,,,,,,,,,,,,,,
,,,,,,,,,,,,,,,,,,,,,,,,,,,,,,,,,,,,,,,,,,,
,,,,,,,,,,,,,,,,,,,,,,,,,,,,,,,,,,,,,,,,,,,
,,,,,,,,,,,,,,,,,,,,,,,,,,,,,,,,,,,,,,,,,,,
,,,,,,,,,,,,,,,,,,,,,,,,,,,,,,,,,,,,,,,,,,,
,,,,,,,,,,,,,,,,,,,,,,,,,,,,,,,,,,,,,,,,,,,
,,,,,,,,,,,,,,,,,,,,,,,,,,,,,,,,,,,,,,,,,,,
,,,,,,,,,,,,,,,,,,,,,,,,,,,,,,,,,,,,,,,,,,,
,,,,,,,,,,,,,,,,,,,,,,,,,,,,,,,,,,,,,,,,,,,
,,,,,,,,,,,,,,,,,,,,,,,,,,,,,,,,,,,,,,,,,,,
,,,,,,,,,,,,,,,,,,,,,,,,,,,,,,,,,,,,,,,,,,,
,,,,,,,,,,,,,,,,,,,,,,,,,,,,,,,,,,,,,,,,,,,
,,,,,,,,,,,,,,,,,,,,,,,,,,,,,,,,,,,,,,,,,,,
,,,,,,,,,,,,,,,,,,,,,,,,,,,,,,,,,,,,,,,,,,,
,,,,,,,,,,,,,,,,,,,,,,,,,,,,,,,,,,,,,,,,,,,
,,,,,,,,,,,,,,,,,,,,,,,,,,,,,,,,,,,,,,,,,,,
,,,,,,,,,,,,,,,,,,,,,,,,,,,,,,,,,,,,,,,,,,,
,,,,,,,,,,,,,,,,,,,,,,,,,,,,,,,,,,,,,,,,,,,
,,,,,,,,,,,,,,,,,,,,,,,,,,,,,,,,,,,,,,,,,,,
,,,,,,,,,,,,,,,,,,,,,,,,,,,,,,,,,,,,,,,,,,,
,,,,,,,,,,,,,,,,,,,,,,,,,,,,,,,,,,,,,,,,,,,
,,,,,,,,,,,,,,,,,,,,,,,,,,,,,,,,,,,,,,,,,,,
,,,,,,,,,,,,,,,,,,,,,,,,,,,,,,,,,,,,,,,,,,,
jess scores,,,,,,,,,,,,,,,,,,,,,,,,,,,,,,,,,,,,,,,,,,,
,,,,,,,,,,,,,,,,,,,,,,,,,,,,,,,,,,,,,,,,,,,
,,,,,,,,,,,,,,,,,,,,,,,,,,,,,,,,,,,,,,,,,,,
,,,,,,,,,,,,,,,,,,,,,,,,,,,,,,,,,,,,,,,,,,,
,,,,,,,,,,,,,,,,,,,,,,,,,,,,,,,,,,,,,,,,,,,
,,,,,,,,,,,,,,,,,,,,,,,,,,,,,,,,,,,,,,,,,,,
,,,,,,,,,,,,,,,,,,,,,,,,,,,,,,,,,,,,,,,,,,,
,,,,,,,,,,,,,,,,,,,,,,,,,,,,,,,,,,,,,,,,,,,
,,,,,,,,,,,,,,,,,,,,,,,,,,,,,,,,,,,,,,,,,,,
,,,,,,,,,,,,,,,,,,,,,,,,,,,,,,,,,,,,,,,,,,,
,,,,,,,,,,,,,,,,,,,,,,,,,,,,,,,,,,,,,,,,,,,
,,,,,,,,,,,,,,,,,,,,,,,,,,,,,,,,,,,,,,,,,,,
,,,,,,,,,,,,,,,,,,,,,,,,,,,,,,,,,,,,,,,,,,,
,,,,,,,,,,,,,,,,,,,,,,,,,,,,,,,,,,,,,,,,,,,
,,,,,,,,,,,,,,,,,,,,,,,,,,,,,,,,,,,,,,,,,,,
,,,,,,,,,,,,,,,,,,,,,,,,,,,,,,,,,,,,,,,,,,,
,,,,,,,,,,,,,,,,,,,,,,,,,,,,,,,,,,,,,,,,,,,
,,,,,,,,,,,,,,,,,,,,,,,,,,,,,,,,,,,,,,,,,,,
,,,,,,,,,,,,,,,,,,,,,,,,,,,,,,,,,,,,,,,,,,,
,,,,,,,,,,,,,,,,,,,,,,,,,,,,,,,,,,,,,,,,,,,
,,,,,,,,,,,,,,,,,,,,,,,,,,,,,,,,,,,,,,,,,,,
,,,,,,,,,,,,,,,,,,,,,,,,,,,,,,,,,,,,,,,,,,,
,,,,,,,,,,,,,,,,,,,,,,,,,,,,,,,,,,,,,,,,,,,
,,,,,,,,,,,,,,,,,,,,,,,,,,,,,,,,,,,,,,,,,,,
,,,,,,,,,,,,,,,,,,,,,,,,,,,,,,,,,,,,,,,,,,,
,,,,,,,,,,,,,,,,,,,,,,,,,,,,,,,,,,,,,,,,,,,
,,,,,,,,,,,,,,,,,,,,,,,,,,,,,,,,,,,,,,,,,,,
,,,,,,,,,,,,,,,,,,,,,,,,,,,,,,,,,,,,,,,,,,,
,,,,,,,,,,,,,,,,,,,,,,,,,,,,,,,,,,,,,,,,,,,
,,,,,,,,,,,,,,,,,,,,,,,,,,,,,,,,,,,,,,,,,,,
,,,,,,,,,,,,,,,,,,,,,,,,,,,,,,,,,,,,,,,,,,,
,,,,,,,,,,,,,,,,,,,,,,,,,,,,,,,,,,,,,,,,,,,
,,,,,,,,,,,,,,,,,,,,,,,,,,,,,,,,,,,,,,,,,,,
,,,,,,,,,,,,,,,,,,,,,,,,,,,,,,,,,,,,,,,,,,,
,,,,,,,,,,,,,,,,,,,,,,,,,,,,,,,,,,,,,,,,,,,
,,,,,,,,,,,,,,,,,,,,,,,,,,,,,,,,,,,,,,,,,,,
,,,,,,,,,,,,,,,,,,,,,,,,,,,,,,,,,,,,,,,,,,,
,,,,,,,,,,,,,,,,,,,,,,,,,,,,,,,,,,,,,,,,,,,
,,,,,,,,,,,,,,,,,,,,,,,,,,,,,,,,,,,,,,,,,,,
,,,,,,,,,,,,,,,,,,,,,,,,,,,,,,,,,,,,,,,,,,,
,,,,,,,,,,,,,,,,,,,,,,,,,,,,,,,,,,,,,,,,,,,
,,,,,,,,,,,,,,,,,,,,,,,,,,,,,,,,,,,,,,,,,,,
,,,,,,,,,,,,,,,,,,,,,,,,,,,,,,,,,,,,,,,,,,,
,,,,,,,,,,,,,,,,,,,,,,,,,,,,,,,,,,,,,,,,,,,
,,,,,,,,,,,,,,,,,,,,,,,,,,,,,,,,,,,,,,,,,,,
,,,,,,,,,,,,,,,,,,,,,,,,,,,,,,,,,,,,,,,,,,,
,,,,,,,,,,,,,,,,,,,,,,,,,,,,,,,,,,,,,,,,,,,
,,,,,,,,,,,,,,,,,,,,,,,,,,,,,,,,,,,,,,,,,,,
,,,,,,,,,,,,,,,,,,,,,,,,,,,,,,,,,,,,,,,,,,,
,,,,,,,,,,,,,,,,,,,,,,,,,,,,,,,,,,,,,,,,,,,
,,,,,,,,,,,,,,,,,,,,,,,,,,,,,,,,,,,,,,,,,,,
,,,,,,,,,,,,,,,,,,,,,,,,,,,,,,,,,,,,,,,,,,,
2046317,ğ‘‰ğ“ªğ“·ğ“®ğ“¼ğ“¼ğ“ª,https://dl.airtable.com/n24DAewDSrimvoiLbkAJ_uNxJfPiuRzaEgIBoK1Zp_unknown.png,Spike,FFA,,,,,,,,,,,,,,,,,,,,,,,,,,,,,,,,,,,,,,,
2059842,ğ‘‰ğ“ªğ“·ğ“®ğ“¼ğ“¼ğ“ª,https://dl.airtable.com/5dLLZyg9RhOgLPJmsdDU_unknown.png,Annihilator,FFA,,,,,,,,,,,,,,,,,,,,,,,,,,,,,,,,,,,,,,,
2680726,ğ‘‰ğ“ªğ“·ğ“®ğ“¼ğ“¼ğ“ª,https://cdn.discordapp.com/attachments/485960527764258837/586278540958236673/unknown.png,Overlord,2TDM,k,,,,,,,,,,,,,,,,,,,,,,,,,,,,,,,,,,,,,,
2659480,ğ‘‰ğ“ªğ“·ğ“®ğ“¼ğ“¼ğ“ª,https://imgur.com/a/W7itxcV,Overseer,Maze 2TDM,k,,,,,,,,,,,,,,,,,,,,,,,,,,,,,,,,,,,,,,
2628186,ğ‘‰ğ“ªğ“·ğ“®ğ“¼ğ“¼ğ“ª,https://cdn.discordapp.com/attachments/589311134453202966/594300862382342156/unknown.png,Annihilator,FFA,,,,,,,,,,,,,,,,,,,,,,,,,,,,,,,,,,,,,,,
2502031,ğ‘‰ğ“ªğ“·ğ“®ğ“¼ğ“¼ğ“ª,https://cdn.discordapp.com/attachments/507335234258206720/528236952982650884/unknown.png,Overseer,FFA,k,,,,,,,,,,,,,,,,,,,,,,,,,,,,,,,,,,,,,,
2386796,ğ‘‰ğ“ªğ“·ğ“®ğ“¼ğ“¼ğ“ª,https://cdn.discordapp.com/attachments/507335234258206720/595895353052758046/unknown.png,Overseer,FFA,k,,,,,,,,,,,,,,,,,,,,,,,,,,,,,,,,,,,,,,
2853439,ğ‘‰ğ“ªğ“·ğ“®ğ“¼ğ“¼ğ“ª,https://cdn.discordapp.com/attachments/481521855329599490/529550361233588246/unknown.png,Overdrive,FFA,k,,,,,,,,,,,,,,,,,,,,,,,,,,,,,,,,,,,,,,
2186862,ğ‘‰ğ“ªğ“·ğ“®ğ“¼ğ“¼ğ“ª,https://dl.airtable.com/3mFAejNCRA2kviJgNyvR_unknown.png,Smasher,FFA,,,,,,,,,,,,,,,,,,,,,,,,,,,,,,,,,,,,,,,
2332645,ğ‘‰ğ“ªğ“·ğ“®ğ“¼ğ“¼ğ“ª,https://cdn.discordapp.com/attachments/589311134453202966/594299711859589130/unknown.png,Battleship,FFA,,,,,,,,,,,,,,,,,,,,,,,,,,,,,,,,,,,,,,,
2315370,ğ‘‰ğ“ªğ“·ğ“®ğ“¼ğ“¼ğ“ª,https://dl.airtable.com/NmKg7pVbQUSPzrN02O8k_unknown.png,Annihilator,FFA,,,,,,,,,,,,,,,,,,,,,,,,,,,,,,,,,,,,,,,
2274528,ğ‘‰ğ“ªğ“·ğ“®ğ“¼ğ“¼ğ“ª,https://cdn.discordapp.com/attachments/485960527764258837/525462708523499520/unknown.png,Underseer,4TDM,,,,,,,,,,,,,,,,,,,,,,,,,,,,,,,,,,,,,,,
2268432,ğ‘‰ğ“ªğ“·ğ“®ğ“¼ğ“¼ğ“ª,https://dl.airtable.com/CqjAJo7JR2JmHRKcGPag_unknown.png,Overlord,FFA,k,,,,,,,,,,,,,,,,,,,,,,,,,,,,,,,,,,,,,,
3794875,ğ‘‰ğ“ªğ“·ğ“®ğ“¼ğ“¼ğ“ª,https://cdn.discordapp.com/attachments/485960527764258837/586671324877815819/unknown.png,Smasher,2TDM,,,,,,,,,,,,,,,,,,,,,,,,,,,,,,,,,,,,,,,
3706095,ğ‘‰ğ“ªğ“·ğ“®ğ“¼ğ“¼ğ“ª,https://cdn.discordapp.com/attachments/589311134453202966/594300638968414219/unknown.png,Smasher,FFA,,,,,,,,,,,,,,,,,,,,,,,,,,,,,,,,,,,,,,,
3038465,ğ‘‰ğ“ªğ“·ğ“®ğ“¼ğ“¼ğ“ª,https://imgur.com/a/mGCMvzm,Engineer,Maze,k,,,,,,,,,,,,,,,,,,,,,,,,,,,,,,,,,,,,,,
2110219,ğ‘‰ğ“ªğ“·ğ“®ğ“¼ğ“¼ğ“ª,https://imgur.com/a/pc9cSs7,Tri-Angle,Portal 4TDM,k,,,,,,,,,,,,,,,,,,,,,,,,,,,,,,,,,,,,,,
2045710,ğ‘‰ğ“ªğ“·ğ“®ğ“¼ğ“¼ğ“ª,https://imgur.com/a/XgViOHx,Overlord,Maze,k,,,,,,,,,,,,,,,,,,,,,,,,,,,,,,,,,,,,,,
2315104,ğ‘‰ğ“ªğ“·ğ“®ğ“¼ğ“¼ğ“ª,https://imgur.com/a/Carqqfv,Bomber,Maze,k,,,,,,,,,,,,,,,,,,,,,,,,,,,,,,,,,,,,,,
2254924,ğ‘‰ğ“ªğ“·ğ“®ğ“¼ğ“¼ğ“ª,https://imgur.com/a/ChASmPh,Auto Tri-Angle,Maze,k,,,,,,,,,,,,,,,,,,,,,,,,,,,,,,,,,,,,,,
2764236,ğ‘‰ğ“ªğ“·ğ“®ğ“¼ğ“¼ğ“ª,https://imgur.com/a/7oqPfzg,Bomber,Maze,k,,,,,,,,,,,,,,,,,,,,,,,,,,,,,,,,,,,,,,
4642025,ğ‘‰ğ“ªğ“·ğ“®ğ“¼ğ“¼ğ“ª,https://imgur.com/a/msIXVHr,Booster,Portal 4TDM,k,,,,,,,,,,,,,,,,,,,,,,,,,,,,,,,,,,,,,,
2114642,ğ‘‰ğ“ªğ“·ğ“®ğ“¼ğ“¼ğ“ª,https://imgur.com/a/jsICQHD,Ordnance,Maze,,,,,,,,,,,,,,,,,,,,,,,,,,,,,,,,,,,,,,,
,,,,,,,,,,,,,,,,,,,,,,,,,,,,,,,,,,,,,,,,,,,
5317223,jugg,https://imgur.com/gallery/aJG6Ecg,Mega-3,Squads-Duos,,,,,,,,,,,,,,,,,,,,,,,,,,,,,,,,,,,,,,,
5249935,jugg,https://imgur.com/gallery/gVmGx97,Battleship,Open TDM,,,,,,,,,,,,,,,,,,,,,,,,,,,,,,,,,,,,,,,
4647392,jugg,https://imgur.com/gallery/fra2Rsc,Mega-3,Open TDM,,,,,,,,,,,,,,,,,,,,,,,,,,,,,,,,,,,,,,,
3750630,jugg,https://imgur.com/gallery/7ihq3kf,Auto Cruiser,Open TDM,,,,,,,,,,,,,,,,,,,,,,,,,,,,,,,,,,,,,,,
3484526,jugg,https://imgur.com/gallery/U0SCLRU,Auto Tri-Angle,Squads-Duos,k,,,,,,,,,,,,,,,,,,,,,,,,,,,,,,,,,,,,,,
3470190,jugg,https://cdn.discordapp.com/attachments/809658629028184065/820217183341772810/image0.png,Surfer,Squads-Duos,k,,,,,,,,,,,,,,,,,,,,,,,,,,,,,,,,,,,,,,
3354644,jugg,https://imgur.com/gallery/73ktBGh,Auto Double,Open TDM,,,,,,,,,,,,,,,,,,,,,,,,,,,,,,,,,,,,,,,
3269205,jugg,https://imgur.com/gallery/RrxH7x0,Mega-3,Maze 4TDM,,,,,,,,,,,,,,,,,,,,,,,,,,,,,,,,,,,,,,,
3246853,jugg,https://imgur.com/a/i4qeAtu,Auto Builder,Open TDM,,,,,,,,,,,,,,,,,,,,,,,,,,,,,,,,,,,,,,,
3006317,jugg,https://imgur.com/a/zJ1dLJm,Mega-3,Open TDM,,,,,,,,,,,,,,,,,,,,,,,,,,,,,,,,,,,,,,,
2776164,jugg,https://cdn.discordapp.com/attachments/796801718339239946/831516867465052170/image0.png,Bulwark,Open TDM,,,,,,,,,,,,,,,,,,,,,,,,,,,,,,,,,,,,,,,
2636059,jugg,https://imgur.com/gallery/d0K0ual,Fighter,Open TDM,k,,,,,,,,,,,,,,,,,,,,,,,,,,,,,,,,,,,,,,
2571389,jugg,http://imgur.com/a/A56FhNv,Mega-3,Open TDM,,,,,,,,,,,,,,,,,,,,,,,,,,,,,,,,,,,,,,,
2531354,jugg,https://imgur.com/gallery/5e4GPGN,Auto Builder,Open TDM,,,,,,,,,,,,,,,,,,,,,,,,,,,,,,,,,,,,,,,
2416262,jugg,https://imgur.com/gallery/bF1yiUv,Bent Double,Maze,,,,,,,,,,,,,,,,,,,,,,,,,,,,,,,,,,,,,,,
2331112,jugg,https://imgur.com/a/e2fHX8n,Bomber,Maze,,,,,,,,,,,,,,,,,,,,,,,,,,,,,,,,,,,,,,,
2162090,jugg,https://imgur.com/a/a3QRRcV,Mega-3,4TDM,,,,,,,,,,,,,,,,,,,,,,,,,,,,,,,,,,,,,,,
2087679,jugg,https://imgur.com/gallery/5HytjSu,Armsman,Open TDM,k,,,,,,,,,,,,,,,,,,,,,,,,,,,,,,,,,,,,,,
2079204,jugg,https://imgur.com/gallery/9sQmu4z,Auto Tri-Angle,Open TDM,k,,,,,,,,,,,,,,,,,,,,,,,,,,,,,,,,,,,,,,
2077949,jugg,https://cdn.discordapp.com/attachments/820581302738747422/831717923696541746/screenshot-3604.png,Old Healer,Siege,e,,,,,,,,,,,,,,,,,,,,,,,,,,,,,,,,,,,,,,
2062090,jugg,https://imgur.com/a/a3QRRcV,Mega-3,4TDM,,,,,,,,,,,,,,,,,,,,,,,,,,,,,,,,,,,,,,,
2059868,jugg,https://imgur.com/gallery/M6GxLyz,Spike,Squads-Duos,,,,,,,,,,,,,,,,,,,,,,,,,,,,,,,,,,,,,,,
2051277,jugg,https://cdn.discordapp.com/attachments/849539724246253577/850896240039559209/image0.png,Old Healer,Siege,e,,,,,,,,,,,,,,,,,,,,,,,,,,,,,,,,,,,,,,
2005167,jugg,https://cdn.discordapp.com/attachments/809658629028184065/818352281270353970/image0.png,Fighter,Squads-Duos,k,,,,,,,,,,,,,,,,,,,,,,,,,,,,,,,,,,,,,,
2004903,jugg,https://imgur.com/a/bCzXxlY,Battleship,Maze,,,,,,,,,,,,,,,,,,,,,,,,,,,,,,,,,,,,,,,
,,,,,,,,,,,,,,,,,,,,,,,,,,,,,,,,,,,,,,,,,,,
3199224,istiR,https://cdn.discordapp.com/attachments/395646588682240020/555823266862989314/unknown.png,Auto Overseer,2TDM,k,,,,,,,,,,,,,,,,,,,,,,,,,,,,,,,,,,,,,,
3028697,istiR,https://imgur.com/a/q7KtiUw,Hybrid,FFA,,,,,,,,,,,,,,,,,,,,,,,,,,,,,,,,,,,,,,,
2755797,istiR,https://imgur.com/gallery/FDjBqo8,Overlord,FFA,k,,,,,,,,,,,,,,,,,,,,,,,,,,,,,,,,,,,,,,
2575902,istiR,https://cdn.discordapp.com/attachments/395646588682240020/568361175369121825/unknown.png,Overdrive,2TDM,k,,,,,,,,,,,,,,,,,,,,,,,,,,,,,,,,,,,,,,
2574492,istiR,https://imgur.com/gallery/0ruhdIz,Rifle,FFA,,,,,,,,,,,,,,,,,,,,,,,,,,,,,,,,,,,,,,,
2452999,istiR,https://cdn.discordapp.com/attachments/479773349380227075/801204456448458832/unknown.png,Battleship,FFA,,,,,,,,,,,,,,,,,,,,,,,,,,,,,,,,,,,,,,,
2365881,istiR,http://imgur.com/a/jKLa8Ml,Mortar,FFA,k,,,,,,,,,,,,,,,,,,,,,,,,,,,,,,,,,,,,,,
2297596,istiR,https://cdn.discordapp.com/attachments/395646588682240020/576713633703395338/unknown.png,Auto Overseer,Open TDM,k,,,,,,,,,,,,,,,,,,,,,,,,,,,,,,,,,,,,,,
2258602,istiR,https://cdn.discordapp.com/attachments/395646588682240020/513081980087304202/unknown.png,Overlord,Open TDM,k,,,,,,,,,,,,,,,,,,,,,,,,,,,,,,,,,,,,,,
2208151,istiR,https://cdn.discordapp.com/attachments/395646588682240020/548577092707680256/unknown.png,Artillery,FFA,k,,,,,,,,,,,,,,,,,,,,,,,,,,,,,,,,,,,,,,
2174435,istiR,https://imgur.com/a/xiLMiHN,Hybrid,FFA,,,,,,,,,,,,,,,,,,,,,,,,,,,,,,,,,,,,,,,
2064127,istiR,https://cdn.discordapp.com/attachments/372305400638472200/512643799072374785/unknown.png,Overlord,Open TDM,k,,,,,,,,,,,,,,,,,,,,,,,,,,,,,,,,,,,,,,
2013470,istiR,https://imgur.com/a/mspYwa1,Overlord,FFA,k,,,,,,,,,,,,,,,,,,,,,,,,,,,,,,,,,,,,,,
,,,,,,,,,,,,,,,,,,,,,,,,,,,,,,,,,,,,,,,,,,,
7484728,Allan,https://imgur.com/a/VmbiiPb,Crossbow,2TDM,,,,,,,,,,,,,,,,,,,,,,,,,,,,,,,,,,,,,,,
6530341,Allan,https://imgur.com/a/fBwMqFC,Commander,Maze 2TDM,k,,,,,,,,,,,,,,,,,,,,,,,,,,,,,,,,,,,,,,
5847826,Allan,https://imgur.com/a/HsucXJv,Predator,Squads-Duos,,,,,,,,,,,,,,,,,,,,,,,,,,,,,,,,,,,,,,,
4812146,Allan,https://imgur.com/a/VitYcXq,Mega Smasher,Portal 4TDM,,,,,,,,,,,,,,,,,,,,,,,,,,,,,,,,,,,,,,,
3581407,Allan,https://imgur.com/a/3Uo1qpl,Auto Overseer,Squads-Duos,k,,,,,,,,,,,,,,,,,,,,,,,,,,,,,,,,,,,,,,
3087665,Allan,https://imgur.com/a/kiOL16E,Ordnance,Squads-Duos,,,,,,,,,,,,,,,,,,,,,,,,,,,,,,,,,,,,,,,
2378042,Allan,https://imgur.com/a/mt756Cy,Overlord,Open TDM,k,,,,,,,,,,,,,,,,,,,,,,,,,,,,,,,,,,,,,,
2136586,Allan,https://imgur.com/a/qAud5aB,Twin,Squads-Duos,,,,,,,,,,,,,,,,,,,,,,,,,,,,,,,,,,,,,,,
2033371,Allan,https://imgur.com/a/6FLNoiX,Overlord,Squads-Duos,,,,,,,,,,,,,,,,,,,,,,,,,,,,,,,,,,,,,,,
2069334,Allan,https://imgur.com/a/spcMgek,Machine Gunner,Squads-Duos,,,,,,,,,,,,,,,,,,,,,,,,,,,,,,,,,,,,,,,
2787320,Allan,https://imgur.com/a/bWiA8mV,Commander,Open TDM,k,,,,,,,,,,,,,,,,,,,,,,,,,,,,,,,,,,,,,,
2787320,Allan,https://imgur.com/a/bWiA8mV,Commander,Open TDM,k,,,,,,,,,,,,,,,,,,,,,,,,,,,,,,,,,,,,,,
3003621,Allan,https://imgur.com/a/AlqDRtL,Mortar,Squads-Duos,,,,,,,,,,,,,,,,,,,,,,,,,,,,,,,,,,,,,,,
,,,,,,,,,,,,,,,,,,,,,,,,,,,,,,,,,,,,,,,,,,,
5339820,safuez,https://imgur.com/gallery/3qR1rou,Armsman,Squads-Duos,,,,,,,,,,,,,,,,,,,,,,,,,,,,,,,,,,,,,,,
5033667,safuez,https://imgur.com/gallery/gEcZwW0,Bomber,Squads-Duos,k,,,,,,,,,,,,,,,,,,,,,,,,,,,,,,,,,,,,,,
4073705,safuez,https://imgur.com/gallery/K5MTSNa,Twin,Squads-Duos,,,,,,,,,,,,,,,,,,,,,,,,,,,,,,,,,,,,,,,
3998759,safuez,https://imgur.com/a/t3vkDPX,Crop Duster,Squads-Duos,,,,,,,,,,,,,,,,,,,,,,,,,,,,,,,,,,,,,,,
3244560,safuez,https://imgur.com/gallery/jHAM3EJ,Annihilator,Squads-Duos,,,,,,,,,,,,,,,,,,,,,,,,,,,,,,,,,,,,,,,
3022076,safuez,https://imgur.com/gallery/sglUUoo,Nailgun,Squads-Duos,,,,,,,,,,,,,,,,,,,,,,,,,,,,,,,,,,,,,,,
3783433,safuez,https://imgur.com/gallery/b35IaHl,Musket,Squads-Duos,,,,,,,,,,,,,,,,,,,,,,,,,,,,,,,,,,,,,,,
2540342,safuez,https://imgur.com/gallery/JI5HjJ4,Annihilator,Squads-Duos,,,,,,,,,,,,,,,,,,,,,,,,,,,,,,,,,,,,,,,
,,,,,,,,,,,,,,,,,,,,,,,,,,,,,,,,,,,,,,,,,,,
6038482,Jms,https://imgur.com/a/4mgUw8s,Auto Tri-Angle,FFA,k,,,,,,,,,,,,,,,,,,,,,,,,,,,,,,,,,,,,,,
5156364,Jms,https://imgur.com/a/M1Gvl9m,Surfer,FFA,k,,,,,,,,,,,,,,,,,,,,,,,,,,,,,,,,,,,,,,
,,,,,,,,,,,,,,,,,,,,,,,,,,,,,,,,,,,,,,,,,,,
3770292,GuyWithLag,https://imgur.com/a/FZBUelJ,Skimmer,Open TDM,,,,,,,,,,,,,,,,,,,,,,,,,,,,,,,,,,,,,,,
,,,,,,,,,CellImage,Rocketeer,1585843,Heatherly,https://imgur.com/a/UQVhxFp,1141419,Heatherly,https://imgur.com/a/0wcqYiD,3844699,ByEkc,https://imgur.com/a/4YiiENb,1615427,For Kenza ğŸŒ¹,https://imgur.com/a/jUhnqPy,1158645,jsohi,https://imgur.com/gallery/Mn50pwz,1497345,Spacebar,https://imgur.com/a/xev0Jmy,1088796,Heatherly,https://imgur.com/a/7WAdFu8,1153116,DinhTung,https://imgur.com/gallery/Vyhtjzd,1499111,you tried â˜†,https://imgur.com/a/4PLsINU,1964263,a letter a,https://imgur.com/a/wbuv5HQ,4079006,ExC,https://imgur.com/a/UVJmXTe
2300825,Salt,https://imgur.com/a/Xxj4MHZ,Auto Tri-Angle,Portal 4TDM,,,,,,,,,,,,,,,,,,,,,,,,,,,,,,,,,,,,,,,
,,,,,,,,,,,,,,,,,,,,,,,,,,,,,,,,,,,,,,,,,,,
5028305,duc,https://imgur.com/a/jEndHRi,Falcon,Portal 4TDM,,,,,,,2059423,lou,https://imgur.com/a/jaBaeon,Rocketeer,4TDM,k,,,,,,,,,,,,,,,,,,,,,,,,,,,
3010744,duc,https://imgur.com/a/8mI7dU1,Fighter,Portal 4TDM,,,,,,,2264188,Giggity,https://imgur.com/a/SpbNabi,Rocketeer,Portal 4TDM,k,,,,,,,,,,,,,,,,,,,,,,,,,,,
3059618,duc,https://imgur.com/a/7mPlU4J,Maleficitor,Portal 4TDM,,,,,,,2001608,you tried â˜†,https://imgur.com/a/iI0S7Nl,Rocketeer,Squads-Duos,k,,,,,,,,,,,,,,,,,,,,,,,,,,,
2146287,duc,https://imgur.com/a/519x6Dn,Sidewinder,Portal 4TDM,,,,,,,4784402,For Kenza ğŸŒ¹,https://imgur.com/a/IId9zjj,Rocketeer,Open TDM,k,,,,,,,,,,,,,,,,,,,,,,,,,,,
2228611,duc,https://imgur.com/a/r13y3UR,Manager,4TDM,k,,,,,,2026674,lou,https://imgur.com/a/2qVIXaA,Rocketeer,4TDM,k,,,,,,,,,,,,,,,,,,,,,,,,,,,
3750555,duc,https://imgur.com/a/n9sPyyx,Skimmer,2TDM,,,,,,,2323646,Legenda,https://imgur.com/a/eW467pO,Rocketeer,2TDM,k,,,,,,,,,,,,,,,,,,,,,,,,,,,
2911691,duc,https://imgur.com/a/5nu4sXh,Battleship,Open TDM,k,,,,,,3072729,For Kenza ğŸŒ¹,https://imgur.com/a/SqgFPTe,Rocketeer,2TDM,k,,,,,,,,,,,,,,,,,,,,,,,,,,,
2947084,duc,https://media.discordapp.net/attachments/395646588682240020/812712436255162388/unknown.png,Spike,Portal Mothership,e,,,,,,2151273,Core From SYD,https://imgur.com/gallery/DevpZFo,Rocketeer,Squads-Duos,k,,,,,,,,,,,,,,,,,,,,,,,,,,,
2505146,duc,https://cdn.discordapp.com/attachments/735690892618498108/816650417022304296/L6I2Jv0.png,Auto Double,Maze 4TDM,,,,,,,4880712,Thing,https://media.discordapp.net/attachments/866023322529955870/882035463446200390/screenshot_-_2021-08-30T184342.788.png,Rocketeer,Assault,k,,,,,,,,,,,,,,,,,,,,,,,,,,,
2386886,duc,https://media.discordapp.net/attachments/731498658276835398/819565468355526676/unknown.png,Old Healer,Siege,e,,,,,,4079006,ExC,https://imgur.com/a/UVJmXTe,Rocketeer,Open TDM,,,,,,,,,,,,,,,,,,,,,,,,,,,,
3199251,duc,https://imgur.com/a/TQVzRJs,Manager,Squads-Duos,k,,,,,,,,,,,,,,,,,,,,,,,,,,,,,,,,,,,,,,
2395929,duc,https://media.discordapp.net/attachments/395646588682240020/737298219419041883/unknown.png,Mega Smasher,Maze 4TDM,k,,,,,,,,,,,,,,,,,,,,,,,,,,,,,,,,,,,,,,
2035589,duc,https://imgur.com/a/itEuWvr,Manager,4TDM,k,,,,,,,,,,,,,,,,,,,,,,,,,,,,,,,,,,,,,,
2009786,duc,https://imgur.com/a/h5a04s6,Auto Gunner,Maze 2TDM,,,,,,,,,,,,,,,,,,,,,,,,,,,,,,,,,,,,,,,
2278103,duc,https://imgur.com/a/XQ0YL9q,Tri-Trapper,Maze 4TDM,,,,,,,,,,,,,,,,,,,,,,,,,,,,,,,,,,,,,,,
2027123,duc,https://imgur.com/a/fyhrEky,Manager,Squads-Duos,k,,,,,,,,,,,,,,,,,,,,,,,,,,,,,,,,,,,,,,
,,,,,,,,,,,,,,,,,,,,,,,,,,,,,,,,,,,,,,,,,,,
5008424,Jormungander,https://imgur.com/gallery/5sZGOhT,Overlord,2TDM,k,,,,,,,,,,,,,,,,,,,,,,,,,,,,,,,,,,,,,,
3167385,Jormungander,https://imgur.com/gallery/WthqJnQ,Overlord,Squads-Duos,k,,,,,,,,,,,,,,,,,,,,,,,,,,,,,,,,,,,,,,
3537462,Jormungander,https://imgur.com/gallery/ccaqMjO,Overlord,4TDM,k,,,,,,,,,,,,,,,,,,,,,,,,,,,,,,,,,,,,,,
3387039,Jormungander,https://www.youtube.com/watch?v=B8TfSW07Jms,Overdrive,Open TDM,k,,,,,,,,,,,,,,,,,,,,,,,,,,,,,,,,,,,,,,
,,,,,,,,,,,,,,,,,,,,,,,,,,,,,,,,,,,,,,,,,,,
3129424,cute sus,https://cdn.discordapp.com/attachments/835312003144613928/845546318624456724/screenshot_-_2021-05-22T131246.png,Commander,4TDM,k,,,,,,,,,,,,,,,,,,,,,,,,,,,,,,,,,,,,,,
2704600,cute sus,https://imgur.com/gallery/UM9m2WE,Beekeeper,Maze 4TDM,,,,,,,,,,,,,,,,,,,,,,,,,,,,,,,,,,,,,,,
2547465,cute sus,https://imgur.com/a/6YSdPxI,Beekeeper,Open TDM,,,,,,,,,,,,,,,,,,,,,,,,,,,,,,,,,,,,,,,
4526372,cute sus,https://imgur.com/a/fIrLUAh,Commander,2TDM,k,,,,,,,,,,,,,,,,,,,,,,,,,,,,,,,,,,,,,,
2605877,cute sus,https://imgur.com/a/rOwoK8m,Bomber,Portal 4TDM,,,,,,,,,,,,,,,,,,,,,,,,,,,,,,,,,,,,,,,
3207102,cute sus,https://imgur.com/a/08ZiYtJ,Auto-Assassin,Open TDM,,,,,,,,,,,,,,,,,,,,,,,,,,,,,,,,,,,,,,,
,,,,,,,,,,,,,,,,,,,,,,,,,,,,,,,,,,,,,,,,,,,
7447385,asd,https://imgur.com/gallery/F5FT8Dm,Landmine,4TDM,,,,,,,,,,,,,,,,,,,,,,,,,,,,,,,,,,,,,,,
7399044,asd,https://imgur.com/gallery/Fb8K4hx,Spike,4TDM,,,,,,,,,,,,,,,,,,,,,,,,,,,,,,,,,,,,,,,
7130429,asd,https://imgur.com/gallery/Ip86Nys,Auto Smasher,2TDM,,,,,,,,,,,,,,,,,,,,,,,,,,,,,,,,,,,,,,,
5764446,asd,https://imgur.com/gallery/Oa7q1nx,Smasher,4TDM,,,,,,,,,,,,,,,,,,,,,,,,,,,,,,,,,,,,,,,
5749515,asd,https://imgur.com/a/t7Z08BS,Smasher,4TDM,,,,,,,,,,,,,,,,,,,,,,,,,,,,,,,,,,,,,,,
5310765,asd,https://imgur.com/a/4WF66wo,Smasher,4TDM,,,,,,,,,,,,,,,,,,,,,,,,,,,,,,,,,,,,,,,
5224008,asd,https://imgur.com/gallery/UuDS6Xr,Landmine,4TDM,,,,,,,,,,,,,,,,,,,,,,,,,,,,,,,,,,,,,,,
5152982,asd,https://imgur.com/a/WdOawJi,Mega Smasher,2TDM,,,,,,,,,,,,,,,,,,,,,,,,,,,,,,,,,,,,,,,
5057253,asd,https://imgur.com/gallery/caU6R9t,Spike,4TDM,,,,,,,,,,,,,,,,,,,,,,,,,,,,,,,,,,,,,,,
4771994,asd,https://imgur.com/a/Z1yvr3w,Smasher,4TDM,,,,,,,,,,,,,,,,,,,,,,,,,,,,,,,,,,,,,,,
4258618,asd,https://imgur.com/a/vGTaFEb,Smasher,4TDM,,,,,,,,,,,,,,,,,,,,,,,,,,,,,,,,,,,,,,,
3702089,asd,https://imgur.com/gallery/1VrUPlH,Auto Smasher,2TDM,,,,,,,,,,,,,,,,,,,,,,,,,,,,,,,,,,,,,,,
3613213,asd,https://imgur.com/a/CCinSbh,Smasher,4TDM,,,,,,,,,,,,,,,,,,,,,,,,,,,,,,,,,,,,,,,
3429204,asd,https://imgur.com/a/IypdBnR,Smasher,4TDM,,,,,,,,,,,,,,,,,,,,,,,,,,,,,,,,,,,,,,,
3269192,asd,https://imgur.com/a/HWaOVgH,Spike,4TDM,,,,,,,,,,,,,,,,,,,,,,,,,,,,,,,,,,,,,,,
3259208,asd,https://imgur.com/gallery/uqJhdNu,Landmine,4TDM,,,,,,,,,,,,,,,,,,,,,,,,,,,,,,,,,,,,,,,
2826336,asd,https://imgur.com/gallery/fbqRbeg,Spike,4TDM,,,,,,,,,,,,,,,,,,,,,,,,,,,,,,,,,,,,,,,
2763012,asd,https://cdn.discordapp.com/attachments/395646588682240020/876948859006369842/screenshot_-_2021-08-17T005906.327.png,Smasher,4TDM,,,,,,,,,,,,,,,,,,,,,,,,,,,,,,,,,,,,,,,
2719529,asd,https://imgur.com/a/Fwkg3g9,Spike,4TDM,,,,,,,,,,,,,,,,,,,,,,,,,,,,,,,,,,,,,,,
2700061,asd,https://imgur.com/a/qh4EWA6,Spike,4TDM,,,,,,,,,,,,,,,,,,,,,,,,,,,,,,,,,,,,,,,
2668685,asd,https://imgur.com/a/a8Hn0jt,Smasher,4TDM,,,,,,,,,,,,,,,,,,,,,,,,,,,,,,,,,,,,,,,
2641441,asd,https://imgur.com/a/HDKdkwT,Smasher,4TDM,,,,,,,,,,,,,,,,,,,,,,,,,,,,,,,,,,,,,,,
2572095,asd,https://imgur.com/a/StrkYt5,Landmine,FFA,,,,,,,,,,,,,,,,,,,,,,,,,,,,,,,,,,,,,,,
2545112,asd,https://imgur.com/a/PNAWpNd,Smasher,4TDM,,,,,,,,,,,,,,,,,,,,,,,,,,,,,,,,,,,,,,,
2466957,asd,https://imgur.com/gallery/4Mwkn62,Spike,4TDM,,,,,,,,,,,,,,,,,,,,,,,,,,,,,,,,,,,,,,,
2390302,asd,https://imgur.com/gallery/WcT2aXT,Spike,4TDM,,,,,,,,,,,,,,,,,,,,,,,,,,,,,,,,,,,,,,,
2349617,asd,https://imgur.com/a/PxDlvU6,Mega Smasher,4TDM,,,,,,,,,,,,,,,,,,,,,,,,,,,,,,,,,,,,,,,
2341850,asd,https://imgur.com/a/aT5WA6C,Smasher,4TDM,,,,,,,,,,,,,,,,,,,,,,,,,,,,,,,,,,,,,,,
2310485,asd,https://imgur.com/gallery/nvY0Fih,Spike,4TDM,,,,,,,,,,,,,,,,,,,,,,,,,,,,,,,,,,,,,,,
2275023,asd,https://imgur.com/a/5Tj5Tth,Spike,4TDM,,,,,,,,,,,,,,,,,,,,,,,,,,,,,,,,,,,,,,,
2123835,asd,https://imgur.com/a/d60gbIf,Smasher,4TDM,,,,,,,,,,,,,,,,,,,,,,,,,,,,,,,,,,,,,,,
2067086,asd,https://imgur.com/gallery/FKJyX10,Smasher,Open TDM,,,,,,,,,,,,,,,,,,,,,,,,,,,,,,,,,,,,,,,
2065348,asd,https://imgur.com/a/W8cC3Fp,Landmine,4TDM,,,,,,,,,,,,,,,,,,,,,,,,,,,,,,,,,,,,,,,
2057281,asd,https://imgur.com/gallery/gQGrdQm,Spike,4TDM,,,,,,,,,,,,,,,,,,,,,,,,,,,,,,,,,,,,,,,
2048726,asd,https://imgur.com/a/wrxFSov,Mega Smasher,4TDM,k,,,,,,,,,,,,,,,,,,,,,,,,,,,,,,,,,,,,,,
2018835,asd,https://imgur.com/gallery/jJobSjg,Spike,4TDM,,,,,,,,,,,,,,,,,,,,,,,,,,,,,,,,,,,,,,,
,,,,,,,,,,,,,,,,,,,,,,,,,,,,,,,,,,,,,,,,,,,
6583355,citadel,https://imgur.com/a/Na3ydbW,Predator,2TDM,,,,,,,,,,,,,,,,,,,,,,,,,,,,,,,,,,,,,,,
4928405,citadel,https://imgur.com/a/Kp5WODb,Auto-Assassin,2TDM,,,,,,,,,,,,,,,,,,,,,,,,,,,,,,,,,,,,,,,
4489573,citadel,https://imgur.com/a/BEKWdYP,Predator,2TDM,k,,,,,,,,,,,,,,,,,,,,,,,,,,,,,,,,,,,,,,
4236360,citadel,https://imgur.com/a/VKDHhZF,Banshee,2TDM,k,,,,,,,,,,,,,,,,,,,,,,,,,,,,,,,,,,,,,,
4234540,citadel,https://imgur.com/a/drlhkJ6,Poacher,4TDM,k,,,,,,,,,,,,,,,,,,,,,,,,,,,,,,,,,,,,,,
4128691,citadel,https://imgur.com/a/irh3Mma,Hunter,Portal 4TDM,k,,,,,,,,,,,,,,,,,,,,,,,,,,,,,,,,,,,,,,
4117887,citadel,https://imgur.com/a/D2DSekc,Overseer,Squads-Duos,k,,,,,,,,,,,,,,,,,,,,,,,,,,,,,,,,,,,,,,
3111695,citadel,https://media.discordapp.net/attachments/731494808475926531/871290228923592704/screenshot_-_2021-08-01T141557.807.png,Overseer,2TDM,k,,,,,,,,,,,,,,,,,,,,,,,,,,,,,,,,,,,,,,
3061681,citadel,https://imgur.com/a/K5BSfv9,Auto Builder,Open TDM,,,,,,,,,,,,,,,,,,,,,,,,,,,,,,,,,,,,,,,
3032897,citadel,https://imgur.com/a/bBfnY5V,Triple Twin,Squads-Duos,,,,,,,,,,,,,,,,,,,,,,,,,,,,,,,,,,,,,,,
3023850,citadel,https://imgur.com/a/Nsa3UYK,Overseer,Open TDM,k,,,,,,,,,,,,,,,,,,,,,,,,,,,,,,,,,,,,,,
2983391,citadel,https://media.discordapp.net/attachments/731494808475926531/872725684932456448/unknown.png,Overdrive,4TDM,k,,,,,,,,,,,,,,,,,,,,,,,,,,,,,,,,,,,,,,
2941604,citadel,https://imgur.com/a/sk1XpSX,Spreadshot,2TDM,,,,,,,,,,,,,,,,,,,,,,,,,,,,,,,,,,,,,,,
2835249,citadel,https://imgur.com/a/wheLZnz,Hexa Tank,Squads-Duos,,,,,,,,,,,,,,,,,,,,,,,,,,,,,,,,,,,,,,,
2819395,citadel,https://imgur.com/a/2u4SnNC,Twister,Squads-Duos,k,,,,,,,,,,,,,,,,,,,,,,,,,,,,,,,,,,,,,,
2694714,citadel,https://imgur.com/a/rPsrcX0,Auto-4,Squads-Duos,,,,,,,,,,,,,,,,,,,,,,,,,,,,,,,,,,,,,,,
2665024,citadel,https://media.discordapp.net/attachments/731763614419124224/841204130444738560/unknown.png?width,Overlord,Open TDM,k,,,,,,,,,,,,,,,,,,,,,,,,,,,,,,,,,,,,,,
2644255,citadel,https://imgur.com/a/m0UnvRa,Smasher,2TDM,,,,,,,,,,,,,,,,,,,,,,,,,,,,,,,,,,,,,,,
2642721,citadel,https://media.discordapp.net/attachments/395646588682240020/854608261181079572/unknown.png?,Auto Overseer,Portal 4TDM,k,,,,,,,,,,,,,,,,,,,,,,,,,,,,,,,,,,,,,,
2642021,citadel,https://media.discordapp.net/attachments/731494808475926531/872371302999158804/unknown.png,Overlord,4TDM,k,,,,,,,,,,,,,,,,,,,,,,,,,,,,,,,,,,,,,,
2588020,citadel,https://imgur.com/a/jku3Z9h,Mega Smasher,2TDM,,,,,,,,,,,,,,,,,,,,,,,,,,,,,,,,,,,,,,,
2565264,citadel,https://imgur.com/a/2vDdrfK,Fortress,2TDM,,,,,,,,,,,,,,,,,,,,,,,,,,,,,,,,,,,,,,,
2564845,citadel,https://imgur.com/a/viN8mpA,Octo Tank,Squads-Duos,,,,,,,,,,,,,,,,,,,,,,,,,,,,,,,,,,,,,,,
2564172,citadel,https://imgur.com/a/tzTFTj9,Bushwhacker,Squads-Duos,,,,,,,,,,,,,,,,,,,,,,,,,,,,,,,,,,,,,,,
2563209,citadel,https://imgur.com/a/9YkWNW0,Mega Smasher,Portal 4TDM,,,,,,,,,,,,,,,,,,,,,,,,,,,,,,,,,,,,,,,
2513326,citadel,https://imgur.com/a/G6LJM0k,Factory,2TDM,,,,,,,,,,,,,,,,,,,,,,,,,,,,,,,,,,,,,,,
2499671,citadel,https://imgur.com/a/7S1o8lF,Octo Tank,FFA,,,,,,,,,,,,,,,,,,,,,,,,,,,,,,,,,,,,,,,
2425673,citadel,https://media.discordapp.net/attachments/731494808475926531/879215683072835664/screenshot_22.png,Predator,Portal 4TDM,k,,,,,,,,,,,,,,,,,,,,,,,,,,,,,,,,,,,,,,
2364273,citadel,https://imgur.com/a/Bq2SOnW,Mega-3,Maze 4TDM,,,,,,,,,,,,,,,,,,,,,,,,,,,,,,,,,,,,,,,
2311132,citadel,https://media.discordapp.net/attachments/731498658276835398/879697751863091200/screenshot_30.png,Gunner Trapper,4TDM,,,,,,,,,,,,,,,,,,,,,,,,,,,,,,,,,,,,,,,
2221876,citadel,https://imgur.com/a/7zZMFRC,Overlord,Squads-Duos,k,,,,,,,,,,,,,,,,,,,,,,,,,,,,,,,,,,,,,,
2205040,citadel,https://imgur.com/a/AS0xh4H,Auto Builder,Portal 4TDM,,,,,,,,,,,,,,,,,,,,,,,,,,,,,,,,,,,,,,,
2144129,citadel,https://media.discordapp.net/attachments/395646588682240020/871705830632865792/unknown.png,Manager,Portal 4TDM,k,,,,,,,,,,,,,,,,,,,,,,,,,,,,,,,,,,,,,,
2111234,citadel,https://www.youtube.com/watch?v=cK-8BVwadSs&t=21s,Octo Tank,Squads-Duos,,,,,,,,,,,,,,,,,,,,,,,,,,,,,,,,,,,,,,,
2097997,citadel,https://imgur.com/a/RRozm1r,Fighter,Squads-Duos,,,,,,,,,,,,,,,,,,,,,,,,,,,,,,,,,,,,,,,
2077935,citadel,https://imgur.com/a/BCKw88h,Smasher,4TDM,,,,,,,,,,,,,,,,,,,,,,,,,,,,,,,,,,,,,,,
2062300,citadel,https://cdn.discordapp.com/attachments/731494808475926531/871957591503286342/unknown.png,Auto Overseer,2TDM,k,,,,,,,,,,,,,,,,,,,,,,,,,,,,,,,,,,,,,,
2048663,citadel,https://imgur.com/a/79xPYBE,Ordnance,Squads-Duos,k,,,,,,,,,,,,,,,,,,,,,,,,,,,,,,,,,,,,,,
2039276,citadel,https://media.discordapp.net/attachments/731498658276835398/882844397648109568/unknown.png,Poacher,FFA,k,,,,,,,,,,,,,,,,,,,,,,,,,,,,,,,,,,,,,,
2020108,citadel,https://youtu.be/Gz198b8Ywnw,Manager,FFA,k,,,,,,,,,,,,,,,,,,,,,,,,,,,,,,,,,,,,,,
,,,,,,,,,,,,,,,,,,,,,,,,,,,,,,,,,,,,,,,,,,,
Mr.Chemistry scores,,,,,,,,,,,,,,,,,,,,,,,,,,,,,,,,,,,,,,,,,,,
,,,,,,,,,,,,,,,,,,,,,,,,,,,,,,,,,,,,,,,,,,,
,,,,,,,,,,,,,,,,,,,,,,,,,,,,,,,,,,,,,,,,,,,
,,,,,,,,,,,,,,,,,,,,,,,,,,,,,,,,,,,,,,,,,,,
,,,,,,,,,,,,,,,,,,,,,,,,,,,,,,,,,,,,,,,,,,,
,,,,,,,,,,,,,,,,,,,,,,,,,,,,,,,,,,,,,,,,,,,
,,,,,,,,,,,,,,,,,,,,,,,,,,,,,,,,,,,,,,,,,,,
,,,,,,,,,,,,,,,,,,,,,,,,,,,,,,,,,,,,,,,,,,,
,,,,,,,,,,,,,,,,,,,,,,,,,,,,,,,,,,,,,,,,,,,
,,,,,,,,,,,,,,,,,,,,,,,,,,,,,,,,,,,,,,,,,,,
,,,,,,,,,,,,,,,,,,,,,,,,,,,,,,,,,,,,,,,,,,,
,,,,,,,,,,,,,,,,,,,,,,,,,,,,,,,,,,,,,,,,,,,
,,,,,,,,,,,,,,,,,,,,,,,,,,,,,,,,,,,,,,,,,,,
,,,,,,,,,,,,,,,,,,,,,,,,,,,,,,,,,,,,,,,,,,,
,,,,,,,,,,,,,,,,,,,,,,,,,,,,,,,,,,,,,,,,,,,
,,,,,,,,,,,,,,,,,,,,,,,,,,,,,,,,,,,,,,,,,,,
,,,,,,,,,,,,,,,,,,,,,,,,,,,,,,,,,,,,,,,,,,,
,,,,,,,,,,,,,,,,,,,,,,,,,,,,,,,,,,,,,,,,,,,
,,,,,,,,,,,,,,,,,,,,,,,,,,,,,,,,,,,,,,,,,,,
,,,,,,,,,,,,,,,,,,,,,,,,,,,,,,,,,,,,,,,,,,,
,,,,,,,,,,,,,,,,,,,,,,,,,,,,,,,,,,,,,,,,,,,
,,,,,,,,,,,,,,,,,,,,,,,,,,,,,,,,,,,,,,,,,,,
,,,,,,,,,,,,,,,,,,,,,,,,,,,,,,,,,,,,,,,,,,,
,,,,,,,,,,,,,,,,,,,,,,,,,,,,,,,,,,,,,,,,,,,
,,,,,,,,,,,,,,,,,,,,,,,,,,,,,,,,,,,,,,,,,,,
,,,,,,,,,,,,,,,,,,,,,,,,,,,,,,,,,,,,,,,,,,,
,,,,,,,,,,,,,,,,,,,,,,,,,,,,,,,,,,,,,,,,,,,
,,,,,,,,,,,,,,,,,,,,,,,,,,,,,,,,,,,,,,,,,,,
,,,,,,,,,,,,,,,,,,,,,,,,,,,,,,,,,,,,,,,,,,,
,,,,,,,,,,,,,,,,,,,,,,,,,,,,,,,,,,,,,,,,,,,
,,,,,,,,,,,,,,,,,,,,,,,,,,,,,,,,,,,,,,,,,,,
,,,,,,,,,,,,,,,,,,,,,,,,,,,,,,,,,,,,,,,,,,,
,,,,,,,,,,,,,,,,,,,,,,,,,,,,,,,,,,,,,,,,,,,
,,,,,,,,,,,,,,,,,,,,,,,,,,,,,,,,,,,,,,,,,,,
,,,,,,,,,,,,,,,,,,,,,,,,,,,,,,,,,,,,,,,,,,,
,,,,,,,,,,,,,,,,,,,,,,,,,,,,,,,,,,,,,,,,,,,
,,,,,,,,,,,,,,,,,,,,,,,,,,,,,,,,,,,,,,,,,,,
,,,,,,,,,,,,,,,,,,,,,,,,,,,,,,,,,,,,,,,,,,,
,,,,,,,,,,,,,,,,,,,,,,,,,,,,,,,,,,,,,,,,,,,
,,,,,,,,,,,,,,,,,,,,,,,,,,,,,,,,,,,,,,,,,,,
,,,,,,,,,,,,,,,,,,,,,,,,,,,,,,,,,,,,,,,,,,,
,,,,,,,,,,,,,,,,,,,,,,,,,,,,,,,,,,,,,,,,,,,
,,,,,,,,,,,,,,,,,,,,,,,,,,,,,,,,,,,,,,,,,,,
,,,,,,,,,,,,,,,,,,,,,,,,,,,,,,,,,,,,,,,,,,,
,,,,,,,,,,,,,,,,,,,,,,,,,,,,,,,,,,,,,,,,,,,
,,,,,,,,,,,,,,,,,,,,,,,,,,,,,,,,,,,,,,,,,,,
,,,,,,,,,,,,,,,,,,,,,,,,,,,,,,,,,,,,,,,,,,,
,,,,,,,,,,,,,,,,,,,,,,,,,,,,,,,,,,,,,,,,,,,
,,,,,,,,,,,,,,,,,,,,,,,,,,,,,,,,,,,,,,,,,,,
,,,,,,,,,,,,,,,,,,,,,,,,,,,,,,,,,,,,,,,,,,,
,,,,,,,,,,,,,,,,,,,,,,,,,,,,,,,,,,,,,,,,,,,
,,,,,,,,,,,,,,,,,,,,,,,,,,,,,,,,,,,,,,,,,,,
,,,,,,,,,,,,,,,,,,,,,,,,,,,,,,,,,,,,,,,,,,,
,,,,,,,,,,,,,,,,,,,,,,,,,,,,,,,,,,,,,,,,,,,
,,,,,,,,,,,,,,,,,,,,,,,,,,,,,,,,,,,,,,,,,,,
3697761,Crown the Ã–.,https://media.discordapp.net/attachments/792355543833378836/793406076133441596/IMG_0920.png?,Skimmer,Portal 4TDM,,,,,,,,,,,,,,,,,,,,,,,,,,,,,,,,,,,,,,,
3351808,Crown the Ã–.,https://imgur.com/a/898csJ0,Mega Smasher,Open TDM,k,,,,,,,,,,,,,,,,,,,,,,,,,,,,,,,,,,,,,,
5753120,Crown the Ã–.,https://imgur.com/a/WccOoCk,Cyclone,FFA,,,,,,,,,,,,,,,,,,,,,,,,,,,,,,,,,,,,,,,
3220902,Crown the Ã–.,https://media.discordapp.net/attachments/395646588682240020/802481446223740978/unknown.png?,Triplet,FFA,,,,,,,,,,,,,,,,,,,,,,,,,,,,,,,,,,,,,,,
2208526,Crown the Ã–.,https://imgur.com/a/tfDhpAx ,Gunner,4TDM,,,,,,,,,,,,,,,,,,,,,,,,,,,,,,,,,,,,,,,
4741377,Crown the Ã–.,https://imgur.com/a/LN7AU2G,Spike,4TDM,k,,,,,,,,,,,,,,,,,,,,,,,,,,,,,,,,,,,,,,
3088496,Crown the Ã–.,https://imgur.com/a/bx0jN7o,Landmine,4TDM,,,,,,,,,,,,,,,,,,,,,,,,,,,,,,,,,,,,,,,
5647610,Crown the Ã–.,https://imgur.com/a/xKSiDIm,Smasher,4TDM,,,,,,,,,,,,,,,,,,,,,,,,,,,,,,,,,,,,,,,
,,,,,,,,,,,,,,,,,,,,,,,,,,,,,,,,,,,,,,,,,,,
8643569,Marcus,https://imgur.com/a/90HdDrY,Overlord,2TDM,k,,,,,,,,,,,,,,,,,,,,,,,,,,,,,,,,,,,,,,
4391128,Marcus,https://imgur.com/a/8ADuCe2,Overlord,4TDM,k,,,,,,,,,,,,,,,,,,,,,,,,,,,,,,,,,,,,,,
2272857,Marcus,https://imgur.com/a/lMsKHBz,Constructor,2TDM,,,,,,,,,,,,,,,,,,,,,,,,,,,,,,,,,,,,,,,
4042459,Marcus,https://imgur.com/a/XwIqbEl,Spreadshot,4TDM,,,,,,,,,,,,,,,,,,,,,,,,,,,,,,,,,,,,,,,
2240237,Marcus,https://imgur.com/a/fdWmsEE,Auto Overseer,Maze 2TDM,k,,,,,,,,,,,,,,,,,,,,,,,,,,,,,,,,,,,,,,
2970135,Marcus,https://imgur.com/a/yN1i2QC,Auto Overseer,4TDM,k,,,,,,,,,,,,,,,,,,,,,,,,,,,,,,,,,,,,,,
3453006,Marcus,https://imgur.com/a/wYkV9xg,Sniper,4TDM,,,,,,,,,,,,,,,,,,,,,,,,,,,,,,,,,,,,,,,
2319929,Marcus,https://imgur.com/a/lJ4QePJ,Eagle,FFA,,,,,,,,,,,,,,,,,,,,,,,,,,,,,,,,,,,,,,,
3719591,Marcus,https://imgur.com/a/0zntV2E,Overlord,4TDM,k,,,,,,,,,,,,,,,,,,,,,,,,,,,,,,,,,,,,,,
3547506,Marcus,https://imgur.com/a/wvYaYi6,Overlord,4TDM,k,,,,,,,,,,,,,,,,,,,,,,,,,,,,,,,,,,,,,,
3130620,Marcus,https://imgur.com/a/5uBWvpG,Falcon,4TDM,,,,,,,,,,,,,,,,,,,,,,,,,,,,,,,,,,,,,,,
2274747,Marcus,https://imgur.com/a/Mpmhlc3,Booster,4TDM,,,,,,,,,,,,,,,,,,,,,,,,,,,,,,,,,,,,,,,
2477670,Marcus,https://imgur.com/a/beU97rj,Overlord,Maze,k,,,,,,,,,,,,,,,,,,,,,,,,,,,,,,,,,,,,,,
2009049,Marcus,https://imgur.com/a/3LykV96,Basic,Portal 4TDM,,,,,,,,,,,,,,,,,,,,,,,,,,,,,,,,,,,,,,,
2260580,Marcus,https://imgur.com/a/D8VV2or,Overlord,2TDM,k,,,,,,,,,,,,,,,,,,,,,,,,,,,,,,,,,,,,,,
2383535,Marcus,https://imgur.com/a/jCYxYZ0,Auto Builder,4TDM,,,,,,,,,,,,,,,,,,,,,,,,,,,,,,,,,,,,,,,
5090471,Marcus,https://imgur.com/a/LcNRt2e,Eagle,2TDM,,,,,,,,,,,,,,,,,,,,,,,,,,,,,,,,,,,,,,,
,,,,,,,,,,,,,,,,,,,,,,,,,,,,,,,,,,,,,,,,,,,
2236655,åˆ€,https://imgur.com/a/zs6VxU5,Stalker,Squads-Duos,,,,,,,,,,,,,,,,,,,,,,,,,,,,,,,,,,,,,,,
,,,,,,,,,,,,,,,,,,,,,,,,,,,,,,,,,,,,,,,,,,,
10100386,Nyrox,https://imgur.com/a/0wjdGvs,Manager,4TDM,k,,,,,,,,,,,,,,,,,,,,,,,,,,,,,,,,,,,,,,
9900126,Nyrox,https://imgur.com/a/tqHAmsH,Auto Overseer,2TDM,k,,,,,,,,,,,,,,,,,,,,,,,,,,,,,,,,,,,,,,
8604466,Nyrox,https://imgur.com/a/Q20RDf1,Auto Smasher,2TDM,,,,,,,,,,,,,,,,,,,,,,,,,,,,,,,,,,,,,,,
7894354,Nyrox,https://imgur.com/a/cipwQuI,Auto Overseer,4TDM,k,,,,,,,,,,,,,,,,,,,,,,,,,,,,,,,,,,,,,,
6646470,Nyrox,https://imgur.com/a/LvBdGHe,Manager,2TDM,k,,,,,,,,,,,,,,,,,,,,,,,,,,,,,,,,,,,,,,
6580399,Nyrox,https://imgur.com/a/d318aYq,Annihilator,Portal 4TDM,,,,,,,,,,,,,,,,,,,,,,,,,,,,,,,,,,,,,,,
6061391,Nyrox,https://imgur.com/a/MkVmWi1,Overlord,2TDM,k,,,,,,,,,,,,,,,,,,,,,,,,,,,,,,,,,,,,,,
6056772,Nyrox,https://imgur.com/a/nHPqKDV,Bent Double,Squads-Duos,,,,,,,,,,,,,,,,,,,,,,,,,,,,,,,,,,,,,,,
5517601,Nyrox,https://imgur.com/a/yQfndMY,Stalker,2TDM,,,,,,,,,,,,,,,,,,,,,,,,,,,,,,,,,,,,,,,
5503364,Nyrox,https://imgur.com/a/YgqAZCB,Auto Gunner,Portal 4TDM,,,,,,,,,,,,,,,,,,,,,,,,,,,,,,,,,,,,,,,
5470925,Nyrox,https://imgur.com/a/jzSqG7k,Overdrive,4TDM,k,,,,,,,,,,,,,,,,,,,,,,,,,,,,,,,,,,,,,,
5250819,Nyrox,https://i.imgur.com/YnuUQEt.png,Overlord,4TDM,k,,,,,,,,,,,,,,,,,,,,,,,,,,,,,,,,,,,,,,
5193245,Nyrox,https://imgur.com/a/VDG19hN,Constructor,4TDM,,,,,,,,,,,,,,,,,,,,,,,,,,,,,,,,,,,,,,,
5066170,Nyrox,https://imgur.com/a/1gccK4C,Hewn Double,FFA,,,,,,,,,,,,,,,,,,,,,,,,,,,,,,,,,,,,,,,
5058112,Nyrox,https://imgur.com/a/n1Ttyf8,Bent Double,Maze,,,,,,,,,,,,,,,,,,,,,,,,,,,,,,,,,,,,,,,
4869356,Nyrox,https://imgur.com/a/ggQV4qQ,Banshee,4TDM,k,,,,,,,,,,,,,,,,,,,,,,,,,,,,,,,,,,,,,,
4756167,Nyrox,https://imgur.com/a/ZqSG4bw,Falcon,4TDM,,,,,,,,,,,,,,,,,,,,,,,,,,,,,,,,,,,,,,,
4502841,Nyrox,https://imgur.com/a/mWV5Xjr,Commander,4TDM,k,,,,,,,,,,,,,,,,,,,,,,,,,,,,,,,,,,,,,,
4372527,Nyrox,https://imgur.com/a/xGTluDa,Auto Tri-Angle,4TDM,k,,,,,,,,,,,,,,,,,,,,,,,,,,,,,,,,,,,,,,
4293974,Nyrox,https://imgur.com/a/K5DluZ9,Hewn Double,FFA,,,,,,,,,,,,,,,,,,,,,,,,,,,,,,,,,,,,,,,
4223733,Nyrox,https://imgur.com/a/2xjhbDi,Auto Gunner,Portal 4TDM,,,,,,,,,,,,,,,,,,,,,,,,,,,,,,,,,,,,,,,
4117972,Nyrox,https://imgur.com/a/Az4nkag,Bent Double,FFA,,,,,,,,,,,,,,,,,,,,,,,,,,,,,,,,,,,,,,,
4074960,Nyrox,https://imgur.com/a/QpoP1Qg,Streamliner,4TDM,,,,,,,,,,,,,,,,,,,,,,,,,,,,,,,,,,,,,,,
4054664,Nyrox,https://imgur.com/a/B7iGz5g,Overlord,Squads-Duos,k,,,,,,,,,,,,,,,,,,,,,,,,,,,,,,,,,,,,,,
4013232,Nyrox,https://imgur.com/a/XBBRWec,Banshee,2TDM,k,,,,,,,,,,,,,,,,,,,,,,,,,,,,,,,,,,,,,,
3864341,Nyrox,https://imgur.com/a/SvSsyQ9,Overlord,2TDM,k,,,,,,,,,,,,,,,,,,,,,,,,,,,,,,,,,,,,,,
3709190,Nyrox,https://imgur.com/a/BvTGlEG,Hewn Double,Squads-Duos,,,,,,,,,,,,,,,,,,,,,,,,,,,,,,,,,,,,,,,
3634055,Nyrox,https://imgur.com/a/HB04PbU,Falcon,2TDM,,,,,,,,,,,,,,,,,,,,,,,,,,,,,,,,,,,,,,,
3536670,Nyrox,https://imgur.com/a/qLYznJH,Falcon,4TDM,,,,,,,,,,,,,,,,,,,,,,,,,,,,,,,,,,,,,,,
3521416,Nyrox,https://imgur.com/a/UQT4ZXB,Hewn Double,FFA,,,,,,,,,,,,,,,,,,,,,,,,,,,,,,,,,,,,,,,
3485287,Nyrox,https://imgur.com/a/9S6ptQK,Bomber,Squads-Duos,,,,,,,,,,,,,,,,,,,,,,,,,,,,,,,,,,,,,,,
3302901,Nyrox,https://imgur.com/a/7ruwlGr,Twin,Portal 4TDM,,,,,,,,,,,,,,,,,,,,,,,,,,,,,,,,,,,,,,,
3301789,Nyrox,https://imgur.com/a/is0VBhp,Auto Overseer,2TDM,k,,,,,,,,,,,,,,,,,,,,,,,,,,,,,,,,,,,,,,
3281229,Nyrox,https://imgur.com/a/bsgbtzr,Bent Double,Portal 4TDM,,,,,,,,,,,,,,,,,,,,,,,,,,,,,,,,,,,,,,,
3257531,Nyrox,https://imgur.com/a/RYk04pr,Auto Builder,Squads-Duos,,,,,,,,,,,,,,,,,,,,,,,,,,,,,,,,,,,,,,,
3240871,Nyrox,https://imgur.com/a/sRZ1mQp,Mega Smasher,2TDM,,,,,,,,,,,,,,,,,,,,,,,,,,,,,,,,,,,,,,,
3218791,Nyrox,https://imgur.com/a/8KlhEMb,Trap Guard,Squads-Duos,,,,,,,,,,,,,,,,,,,,,,,,,,,,,,,,,,,,,,,
3190700,Nyrox,https://imgur.com/a/MA5nz6o,Hexa Tank,FFA,,,,,,,,,,,,,,,,,,,,,,,,,,,,,,,,,,,,,,,
3167970,Nyrox,https://imgur.com/a/3fJemsN,Streamliner,Portal 4TDM,,,,,,,,,,,,,,,,,,,,,,,,,,,,,,,,,,,,,,,
3086641,Nyrox,https://imgur.com/ewk37jF,Bent Double,FFA,,,,,,,,,,,,,,,,,,,,,,,,,,,,,,,,,,,,,,,
3059959,Nyrox,https://imgur.com/a/bPoDX79,Auto Double,FFA,,,,,,,,,,,,,,,,,,,,,,,,,,,,,,,,,,,,,,,
3039376,Nyrox,https://imgur.com/a/sxEb4bQ,Hybrid,Maze 4TDM,,,,,,,,,,,,,,,,,,,,,,,,,,,,,,,,,,,,,,,
3007856,Nyrox,https://imgur.com/a/dfglQ5i,Streamliner,Squads-Duos,,,,,,,,,,,,,,,,,,,,,,,,,,,,,,,,,,,,,,,
3000357,Nyrox,https://imgur.com/anN97Qi,Auto Double,FFA,,,,,,,,,,,,,,,,,,,,,,,,,,,,,,,,,,,,,,,
2948159,Nyrox,https://imgur.com/g0G7nUs,Bent Double,4TDM,,,,,,,,,,,,,,,,,,,,,,,,,,,,,,,,,,,,,,,
2892480,Nyrox,https://imgur.com/a/7MFh7eb,Constructor,4TDM,,,,,,,,,,,,,,,,,,,,,,,,,,,,,,,,,,,,,,,
2880444,Nyrox,https://i.imgur.com/vdhRUun.png,Overlord,4TDM,k,,,,,,,,,,,,,,,,,,,,,,,,,,,,,,,,,,,,,,
2877356,Nyrox,https://imgur.com/a/wsuk8Lr,Smasher,4TDM,,,,,,,,,,,,,,,,,,,,,,,,,,,,,,,,,,,,,,,
2828469,Nyrox,https://imgur.com/a/Iax5Iry,Streamliner,2TDM,,,,,,,,,,,,,,,,,,,,,,,,,,,,,,,,,,,,,,,
2774900,Nyrox,https://imgur.com/B7UTzTU,Hexa Tank,FFA,,,,,,,,,,,,,,,,,,,,,,,,,,,,,,,,,,,,,,,
2763632,Nyrox,https://imgur.com/a/RpK3pLL,Sidewinder,2TDM,,,,,,,,,,,,,,,,,,,,,,,,,,,,,,,,,,,,,,,
2762612,Nyrox,https://imgur.com/a/c7f1LCV,Annihilator,2TDM,,,,,,,,,,,,,,,,,,,,,,,,,,,,,,,,,,,,,,,
2737394,Nyrox,https://imgur.com/a/zKJ2FbM,Bent Double,Squads-Duos,,,,,,,,,,,,,,,,,,,,,,,,,,,,,,,,,,,,,,,
2737156,Nyrox,https://imgur.com/a/45gUWNl,Conqueror,2TDM,,,,,,,,,,,,,,,,,,,,,,,,,,,,,,,,,,,,,,,
2723040,Nyrox,https://imgur.com/a/pZANaMC,Auto Double,Maze,,,,,,,,,,,,,,,,,,,,,,,,,,,,,,,,,,,,,,,
2715674,Nyrox,https://imgur.com/a/8Hlv8fg,Overseer,4TDM,k,,,,,,,,,,,,,,,,,,,,,,,,,,,,,,,,,,,,,,
2691099,Nyrox,https://imgur.com/a/eCXc01E,Swarmer,4TDM,,,,,,,,,,,,,,,,,,,,,,,,,,,,,,,,,,,,,,,
2665786,Nyrox,https://imgur.com/a/ZuWqMgM,Trapper,4TDM,,,,,,,,,,,,,,,,,,,,,,,,,,,,,,,,,,,,,,,
2656397,Nyrox,https://imgur.com/a/vIGZhli,Hewn Double,FFA,,,,,,,,,,,,,,,,,,,,,,,,,,,,,,,,,,,,,,,
2644472,Nyrox,https://imgur.com/06UBhyl,Necromancer,4TDM,,,,,,,,,,,,,,,,,,,,,,,,,,,,,,,,,,,,,,,
2619430,Nyrox,https://imgur.com/a/l1xe5ur,Auto-Assassin,4TDM,,,,,,,,,,,,,,,,,,,,,,,,,,,,,,,,,,,,,,,
2616030,Nyrox,https://imgur.com/a/HDk8Wxw,Commander,4TDM,k,,,,,,,,,,,,,,,,,,,,,,,,,,,,,,,,,,,,,,
2605970,Nyrox,https://imgur.com/a/TT6catN,Streamliner,4TDM,,,,,,,,,,,,,,,,,,,,,,,,,,,,,,,,,,,,,,,
2567477,Nyrox,https://imgur.com/VNdJwZN,Commander,4TDM,k,,,,,,,,,,,,,,,,,,,,,,,,,,,,,,,,,,,,,,
2565641,Nyrox,https://imgur.com/TdzfE6u,Auto Double,FFA,,,,,,,,,,,,,,,,,,,,,,,,,,,,,,,,,,,,,,,
2552035,Nyrox,https://imgur.com/a/pp8Z2Y4,Bulwark,Squads-Duos,,,,,,,,,,,,,,,,,,,,,,,,,,,,,,,,,,,,,,,
2534099,Nyrox,https://imgur.com/a/tFvw8aF,Streamliner,2TDM,,,,,,,,,,,,,,,,,,,,,,,,,,,,,,,,,,,,,,,
2519217,Nyrox,https://imgur.com/a/LuoeMbq,Cruiser,4TDM,,,,,,,,,,,,,,,,,,,,,,,,,,,,,,,,,,,,,,,
2442910,Nyrox,https://imgur.com/3q1TJVB,Auto Double,FFA,,,,,,,,,,,,,,,,,,,,,,,,,,,,,,,,,,,,,,,
2441980,Nyrox,https://imgur.com/a/6MYhVH4,Hexa Tank,FFA,,,,,,,,,,,,,,,,,,,,,,,,,,,,,,,,,,,,,,,
2433983,Nyrox,https://imgur.com/a/qZG0xw9,Hexa Tank,Maze,,,,,,,,,,,,,,,,,,,,,,,,,,,,,,,,,,,,,,,
2425872,Nyrox,https://imgur.com/a/kgYtWf3,Destroyer,Maze 2TDM,,,,,,,,,,,,,,,,,,,,,,,,,,,,,,,,,,,,,,,
2425144,Nyrox,https://imgur.com/a/lXVwg5s,Auto Double,FFA,,,,,,,,,,,,,,,,,,,,,,,,,,,,,,,,,,,,,,,
2416753,Nyrox,https://imgur.com/6luS7oE,Surfer,FFA,k,,,,,,,,,,,,,,,,,,,,,,,,,,,,,,,,,,,,,,
2414299,Nyrox,https://imgur.com/rnI5Xpe,Auto Double,FFA,,,,,,,,,,,,,,,,,,,,,,,,,,,,,,,,,,,,,,,
2407371,Nyrox,https://imgur.com/a/iHswwPP,Streamliner,Portal 4TDM,,,,,,,,,,,,,,,,,,,,,,,,,,,,,,,,,,,,,,,
2406239,Nyrox,https://imgur.com/a/LtzV6Ex,Hewn Double,Open TDM,,,,,,,,,,,,,,,,,,,,,,,,,,,,,,,,,,,,,,,
2396451,Nyrox,https://imgur.com/nBNBo4r,Surfer,FFA,k,,,,,,,,,,,,,,,,,,,,,,,,,,,,,,,,,,,,,,
2355572,Nyrox,https://imgur.com/a/U0Vi4tG,Overseer,4TDM,k,,,,,,,,,,,,,,,,,,,,,,,,,,,,,,,,,,,,,,
2334599,Nyrox,https://imgur.com/a/iozvyvz,Bushwhacker,Squads-Duos,,,,,,,,,,,,,,,,,,,,,,,,,,,,,,,,,,,,,,,
2334451,Nyrox,https://imgur.com/a/OrFwWpn,Streamliner,4TDM,,,,,,,,,,,,,,,,,,,,,,,,,,,,,,,,,,,,,,,
2311864,Nyrox,https://imgur.com/a/LFTGn7I,Beekeeper,FFA,,,,,,,,,,,,,,,,,,,,,,,,,,,,,,,,,,,,,,,
2284989,Nyrox,https://imgur.com/a/EXfGYgF,Underseer,4TDM,,,,,,,,,,,,,,,,,,,,,,,,,,,,,,,,,,,,,,,
2283708,Nyrox,https://imgur.com/a/vAp79F0,Tri-Angle,Portal 4TDM,,,,,,,,,,,,,,,,,,,,,,,,,,,,,,,,,,,,,,,
2283546,Nyrox,https://imgur.com/a/KbOMcRf,Falcon,4TDM,,,,,,,,,,,,,,,,,,,,,,,,,,,,,,,,,,,,,,,
2279502,Nyrox,https://imgur.com/a/ZM8L6op,Maleficitor,4TDM,,,,,,,,,,,,,,,,,,,,,,,,,,,,,,,,,,,,,,,
2274131,Nyrox,https://imgur.com/a/eXAuj69,Annihilator,FFA,,,,,,,,,,,,,,,,,,,,,,,,,,,,,,,,,,,,,,,
2273130,Nyrox,https://imgur.com/a/97UxObW,Director,2TDM,k,,,,,,,,,,,,,,,,,,,,,,,,,,,,,,,,,,,,,,
2264573,Nyrox,https://imgur.com/a/8WASC5f,Smasher,4TDM,,,,,,,,,,,,,,,,,,,,,,,,,,,,,,,,,,,,,,,
2264141,Nyrox,https://imgur.com/a/R59qXLv,Overlord,2TDM,k,,,,,,,,,,,,,,,,,,,,,,,,,,,,,,,,,,,,,,
2246456,Nyrox,https://imgur.com/a/x2472bH,Streamliner,2TDM,,,,,,,,,,,,,,,,,,,,,,,,,,,,,,,,,,,,,,,
2239127,Nyrox,https://imgur.com/PWLnuV3,Fighter,FFA,k,,,,,,,,,,,,,,,,,,,,,,,,,,,,,,,,,,,,,,
2215151,Nyrox,https://imgur.com/a/FeLjM4V,Streamliner,Open TDM,,,,,,,,,,,,,,,,,,,,,,,,,,,,,,,,,,,,,,,
2212045,Nyrox,https://imgur.com/a/zJWHSl5,Spike,4TDM,,,,,,,,,,,,,,,,,,,,,,,,,,,,,,,,,,,,,,,
2199151,Nyrox,https://imgur.com/a/DARoojR,Penta Shot,2TDM,,,,,,,,,,,,,,,,,,,,,,,,,,,,,,,,,,,,,,,
2198123,Nyrox,https://imgur.com/a/i6amcB4,Architect,FFA,,,,,,,,,,,,,,,,,,,,,,,,,,,,,,,,,,,,,,,
2163872,Nyrox,https://imgur.com/a/XYpOxNR,Double Twin,Maze,,,,,,,,,,,,,,,,,,,,,,,,,,,,,,,,,,,,,,,
2158230,Nyrox,https://imgur.com/a/fQs3ZS7,Falcon,4TDM,,,,,,,,,,,,,,,,,,,,,,,,,,,,,,,,,,,,,,,
2157690,Nyrox,https://imgur.com/a/s1Ed2dU,Banshee,FFA,k,,,,,,,,,,,,,,,,,,,,,,,,,,,,,,,,,,,,,,
2157021,Nyrox,https://imgur.com/a/ptGDLkn,Overlord,4TDM,k,,,,,,,,,,,,,,,,,,,,,,,,,,,,,,,,,,,,,,
2153165,Nyrox,https://imgur.com/a/35zAKue,Auto Overseer,4TDM,,,,,,,,,,,,,,,,,,,,,,,,,,,,,,,,,,,,,,,
2122747,Nyrox,https://imgur.com/a/uJWb6J5,Octo Tank,4TDM,,,,,,,,,,,,,,,,,,,,,,,,,,,,,,,,,,,,,,,
2099565,Nyrox,https://imgur.com/a/yToDIDT,Triple Twin,FFA,,,,,,,,,,,,,,,,,,,,,,,,,,,,,,,,,,,,,,,
2091188,Nyrox,https://imgur.com/a/ZsL0dGl,Auto Spawner,Squads-Duos,,,,,,,,,,,,,,,,,,,,,,,,,,,,,,,,,,,,,,,
2086983,Nyrox,https://imgur.com/ZMWM7hn,Overlord,Maze,k,,,,,,,,,,,,,,,,,,,,,,,,,,,,,,,,,,,,,,
2077649,Nyrox,https://imgur.com/YunyOKF,Auto Double,FFA,,,,,,,,,,,,,,,,,,,,,,,,,,,,,,,,,,,,,,,
2050361,Nyrox,https://imgur.com/Ic5gTVq,Single,4TDM,,,,,,,,,,,,,,,,,,,,,,,,,,,,,,,,,,,,,,,
2049820,Nyrox,https://imgur.com/a/ZbzPF3s,Engineer,Open TDM,,,,,,,,,,,,,,,,,,,,,,,,,,,,,,,,,,,,,,,
2045655,Nyrox,https://imgur.com/a/z5FD7zP,Banshee,Portal 4TDM,k,,,,,,,,,,,,,,,,,,,,,,,,,,,,,,,,,,,,,,
2043132,Nyrox,https://imgur.com/a/6QQ41ae,Overlord,Maze 2TDM,k,,,,,,,,,,,,,,,,,,,,,,,,,,,,,,,,,,,,,,
2042548,Nyrox,https://imgur.com/ltZGRhX,Smasher,4TDM,,,,,,,,,,,,,,,,,,,,,,,,,,,,,,,,,,,,,,,
2038219,Nyrox,https://imgur.com/3R9ycuW,Triplet,FFA,,,,,,,,,,,,,,,,,,,,,,,,,,,,,,,,,,,,,,,
2034721,Nyrox,https://imgur.com/a/RKlWbRy,Hewn Double,FFA,,,,,,,,,,,,,,,,,,,,,,,,,,,,,,,,,,,,,,,
2029298,Nyrox,https://imgur.com/a/bkojIxV,Bent Double,Maze,,,,,,,,,,,,,,,,,,,,,,,,,,,,,,,,,,,,,,,
2024017,Nyrox,https://imgur.com/a/zj0oUnM,Booster,FFA,,,,,,,,,,,,,,,,,,,,,,,,,,,,,,,,,,,,,,,
2021986,Nyrox,https://imgur.com/a/F55WaBP,Overlord,FFA,k,,,,,,,,,,,,,,,,,,,,,,,,,,,,,,,,,,,,,,
2013899,Nyrox,https://imgur.com/a/p0vrXg3,Bent Double,Squads-Duos,,,,,,,,,,,,,,,,,,,,,,,,,,,,,,,,,,,,,,,
2010320,Nyrox,https://imgur.com/a/KONXUPf,Factory,Open TDM,,,,,,,,,,,,,,,,,,,,,,,,,,,,,,,,,,,,,,,
2008766,Nyrox,https://imgur.com/a/kPfUN3l,Overlord,4TDM,k,,,,,,,,,,,,,,,,,,,,,,,,,,,,,,,,,,,,,,
2005315,Nyrox,https://imgur.com/a/ij9Ehsd,Gunner Trapper,FFA,,,,,,,,,,,,,,,,,,,,,,,,,,,,,,,,,,,,,,,
2003352,Nyrox,https://imgur.com/a/iUkevz8,Hewn Double,FFA,,,,,,,,,,,,,,,,,,,,,,,,,,,,,,,,,,,,,,,
,,,,,,,,,,,,,,,,,,,,,,,,,,,,,,,,,,,,,,,,,,,
3593294,pool noodle,https://imgur.com/a/cXKJQja,Launcher,Squads-Duos,,,,,,,,,,,,,,,,,,,,,,,,,,,,,,,,,,,,,,,
2490465,pool noodle,https://imgur.com/a/OoLPCUb,Launcher,2TDM,,,,,,,,,,,,,,,,,,,,,,,,,,,,,,,,,,,,,,,
2971601,pool noodle,https://imgur.com/a/5mlQnkx,Ordnance,Open TDM,,,,,,,,,,,,,,,,,,,,,,,,,,,,,,,,,,,,,,,
2384003,pool noodle,https://imgur.com/a/W3absOb,Bulwark,FFA,,,,,,,,,,,,,,,,,,,,,,,,,,,,,,,,,,,,,,,
2117118,pool noodle,https://imgur.com/a/lzcDXnj,Surfer,Open TDM,k,,,,,,,,,,,,,,,,,,,,,,,,,,,,,,,,,,,,,,
2468493,pool noodle,https://imgur.com/a/ufbqUXn,Sniper,Domination,e,,,,,,,,,,,,,,,,,,,,,,,,,,,,,,,,,,,,,,
2203312,pool noodle,https://imgur.com/a/rbf2igc,Sprayer,2TDM,,,,,,,,,,,,,,,,,,,,,,,,,,,,,,,,,,,,,,,
2013738,pool noodle,https://imgur.com/a/SvbwqWl,Octo Tank,4TDM,,,,,,,,,,,,,,,,,,,,,,,,,,,,,,,,,,,,,,,
2453603,pool noodle,https://imgur.com/a/6Xa2UbQ,Commander,Squads-Duos,k,,,,,,,,,,,,,,,,,,,,,,,,,,,,,,,,,,,,,,
2197712,pool noodle,https://imgur.com/a/VqaI0oP,Octo Tank,4TDM,,,,,,,,,,,,,,,,,,,,,,,,,,,,,,,,,,,,,,,
,,,,,,,,,,,,,,,,,,,,,,,,,,,,,,,,,,,,,,,,,,,
4361103,Bird,https://docs.google.com/document/d/1EBQxRYXe68eFMGTzWtaiXRT8X7AxonkirXv7_pmhPho/edit?usp=sharing,Overlord,4TDM,k,,,,,,,,,,,,,,,,,,,,,,,,,,,,,,,,,,,,,,
2254048,Bird,https://imgur.com/gallery/iX3zmK1,Necromancer,4TDM,,,,,,,,,,,,,,,,,,,,,,,,,,,,,,,,,,,,,,,
2562356,Bird,https://imgur.com/gallery/gsmk2Q6,Overdrive,4TDM,k,,,,,,,,,,,,,,,,,,,,,,,,,,,,,,,,,,,,,,
2452062,Bird,https://imgur.com/gallery/b4dF4k6,Octo Tank,4TDM,,,,,,,,,,,,,,,,,,,,,,,,,,,,,,,,,,,,,,,
2377909,Bird,https://imgur.com/gallery/90RFqV9,Flank Guard,2TDM,,,,,,,,,,,,,,,,,,,,,,,,,,,,,,,,,,,,,,,
2050835,Bird,https://imgur.com/gallery/QWXwczZ,Mortar,4TDM,,,,,,,,,,,,,,,,,,,,,,,,,,,,,,,,,,,,,,,
2281863,Bird,https://imgur.com/gallery/9y9deqa,Manager,4TDM,k,,,,,,,,,,,,,,,,,,,,,,,,,,,,,,,,,,,,,,
3603858,Bird,https://imgur.com/gallery/STJD37k,Twin,2TDM,,,,,,,,,,,,,,,,,,,,,,,,,,,,,,,,,,,,,,,
3668753,Bird,https://imgur.com/a/AEok9Qq,Machine Gun,2TDM,,,,,,,,,,,,,,,,,,,,,,,,,,,,,,,,,,,,,,,
2160651,Bird,https://imgur.com/gallery/9k7GGdj,Director,2TDM,k,,,,,,,,,,,,,,,,,,,,,,,,,,,,,,,,,,,,,,
2756264,Bird,https://imgur.com/gallery/htdUcre,Overlord,4TDM,k,,,,,,,,,,,,,,,,,,,,,,,,,,,,,,,,,,,,,,
3005212,Bird,https://imgur.com/a/SvG9cIb,Auto Overseer,Squads-Duos,k,,,,,,,,,,,,,,,,,,,,,,,,,,,,,,,,,,,,,,
2633075,Bird,https://imgur.com/a/1RuHsFV,Banshee,Squads-Duos,k,,,,,,,,,,,,,,,,,,,,,,,,,,,,,,,,,,,,,,
2308295,Bird,https://imgur.com/a/7HHqpCd,Overdrive,2TDM,k,,,,,,,,,,,,,,,,,,,,,,,,,,,,,,,,,,,,,,
2030533,Bird,https://imgur.com/a/wUnkOkT,Overdrive,4TDM,k,,,,,,,,,,,,,,,,,,,,,,,,,,,,,,,,,,,,,,
4885756,Bird,https://imgur.com/gallery/5ik5YmV,Commander,Squads-Duos,k,,,,,,,,,,,,,,,,,,,,,,,,,,,,,,,,,,,,,,
5011766,Bird,https://imgur.com/a/sy0JgP4,Overdrive,4TDM,k,,,,,,,,,,,,,,,,,,,,,,,,,,,,,,,,,,,,,,
7351363,Bird,https://imgur.com/gallery/ynSFrNa,Overlord,2TDM,k,,,,,,,,,,,,,,,,,,,,,,,,,,,,,,,,,,,,,,
2204426,Bird,https://imgur.com/a/GXGqYaM,Pounder,2TDM,,,,,,,,,,,,,,,,,,,,,,,,,,,,,,,,,,,,,,,
2683786,Bird,https://imgur.com/a/PdKGfsX,Sniper,2TDM,,,,,,,,,,,,,,,,,,,,,,,,,,,,,,,,,,,,,,,
4212547,Bird,https://imgur.com/gallery/S66D7zh,Overlord,Squads-Duos,k,,,,,,,,,,,,,,,,,,,,,,,,,,,,,,,,,,,,,,
2254837,Bird,https://imgur.com/a/btM4gIs,Crossbow,Portal 4TDM,,,,,,,,,,,,,,,,,,,,,,,,,,,,,,,,,,,,,,,
2677742,Bird,https://imgur.com/a/ThRhHlp,Overdrive,2TDM,k,,,,,,,,,,,,,,,,,,,,,,,,,,,,,,,,,,,,,,
3136478,Bird,https://imgur.com/gallery/IR3ZMdj,Overlord,2TDM,k,,,,,,,,,,,,,,,,,,,,,,,,,,,,,,,,,,,,,,
3470629,Bird,https://imgur.com/gallery/KUV6uDK,Overseer,2TDM,k,,,,,,,,,,,,,,,,,,,,,,,,,,,,,,,,,,,,,,
2805026,Bird,https://imgur.com/a/HxnTBQN,Manager,Squads-Duos,k,,,,,,,,,,,,,,,,,,,,,,,,,,,,,,,,,,,,,,
2127347,Bird,https://imgur.com/gallery/Gcsuw2K,Manager,2TDM,k,,,,,,,,,,,,,,,,,,,,,,,,,,,,,,,,,,,,,,
2583240,Bird,https://imgur.com/gallery/FoaxILU,Overlord,Squads-Duos,k,,,,,,,,,,,,,,,,,,,,,,,,,,,,,,,,,,,,,,