1,Submit Record,,Siege,,,Assault,,,Mothership,,,Portal Mothership,,,Domination,,,Soccer,,,Tag,
CellImage,WR Rules,Arras.io World Records Archive,,,,,,,,,,,,,,,,,,,,
CellImage,Secondary Records,,,,,,,,,,,,,,,,,,,,,
CellImage,Player/Tank Stats,,,,,,,,,,,,,,,,,,,,,
CellImage,WRA Website,,,,,,,,,,,,,,,,,,,,,
CellImage,Submissions,,,,,,,,,,,,,,,,,,,,,
CellImage,Highest Scores,,,,,,,,,,,,,,,,,,,,,
CellImage,Reddit,,,,,,,,,,,,,,,,,,,,,
CellImage,Discord,,,,,,,,,,,,,,,,,,,,,
,Project Unity,,,,,,,,,,,,,,,,,,,,,
CellImage,Theme Creator,,,,,,,,,,,,,,,,,,,,,
CellImage,Class Tree,,,,,,,,,,,,,,,,,,,,,
,,,                                                                                                                                                                                                                                                                                                                                                                                                                                                                                                                                                                                                                                                                                ,,,,,,,,,,,,,,,,,,,
Highest Score in Mode,,12350630,Jackson (Factory),https://imgur.com/a/O6KaQTL,5617716,Thing (Nailgun),https://imgur.com/a/2cRJhDU,1881707,lotion (Barricade),https://imgur.com/a/XwwKxvm,5228804,Zeo'Xe (Overlord),https://imgur.com/a/0tjdBxd,4043384,Crown the √ñ. (Manager),https://imgur.com/a/u5f0nVR,4070278,Jackson (Auto Cruiser),https://imgur.com/a/NXHby3Q,3895576,Armin Play YT  (Overlord),https://imgur.com/a/KUI2P6W
,,,,,,,,,,,,,,,,,,,,,,
,Tier 1,,Siege,,,Assault,,,Mothership,,,Portal Mothership,,,Domination (All),,,Soccer,,,Tag,
CellImage,(Basic) Tank,3528903,69,https://imgur.com/a/LR9hqAd,1344980,Thing,https://imgur.com/a/QIeocNc,,,,1183936,Ditine,https://imgur.com/a/XxYTut1,1346877,a letter a,https://cdn.discordapp.com/attachments/395646588682240020/740484201597632522/screenshot_45.png,,,,690378,Jackson,https://imgur.com/a/1GVAXLP
,,,,,,,,,,,,,,,,,,,,,,
,Tier 2,,Siege,,,Assault,,,Mothership,,,Portal Mothership,,,Domination (All),,,Soccer,,,Tag,
CellImage,Director,2292207,Jackson,https://imgur.com/a/WeSyyxP,1714260,Jackson,https://imgur.com/a/7Ts6SmG,,,,,,,909018,Nothingness,https://imgur.com/a/fh2qRBn,1411059,Nothingness,https://imgur.com/a/ForBXRs,,,
CellImage,Flank Guard,1506894,69,https://imgur.com/a/jv8Aoxr,,,,645020,Summersong,https://imgur.com/a/1oNKaIB,852457,potatoes,https://imgur.com/a/Gh3faje,1177255,crong,https://imgur.com/a/7l5gGwj,,,,741938,Jackson,https://imgur.com/a/loDcXnT
CellImage,Machine Gun,3405443,O'Chunks,https://imgur.com/gallery/osKlaWL,,,,563558,[MG] Spin2Team,https://cdn.discordapp.com/attachments/557386978782609428/700367040799572048/screenshot_-_2020-04-16T082800.685.png,1976304,Thx m8,https://imgur.com/gallery/D3cRDrX,1190000,Candy!,https://cdn.discordapp.com/attachments/395646588682240020/449959061400715264/unknown.png,711701,Jackson,https://imgur.com/a/xi7R5nL,1057525,Jackson,https://imgur.com/a/ySsE3i2
CellImage,Pounder,2308436,geometrically dominated,https://imgur.com/a/z5JJAyi,,,,,,,1105614,Otobus,https://imgur.com/a/nZ0o86c,687107,Denied,https://youtu.be/q7mWyYpKOXA,,,,525356,geometrically dominated,https://imgur.com/a/MkXYRjx
CellImage,Sniper,1447890,e,https://imgur.com/a/rtt9Fc8,1340153,Thing,https://imgur.com/a/qqLJZD7,1315651,Denied,https://cdn.discordapp.com/attachments/395646588682240020/547473746538135556/arras.io_-_Google_Chrome_19_02_2019_17_42_25.png,1044199,From Asia,https://imgur.com/gallery/m9OICCf,2468493,pool noodle,https://imgur.com/a/ufbqUXn,804327,Jackson,https://imgur.com/a/rS5endX,879164,Jackson,https://imgur.com/a/gQHASMo
CellImage,Trapper,2422457,ùêî,https://imgur.com/a/bdPxCC3,,,,1079286,[MG] Spin2Team,https://cdn.discordapp.com/attachments/557386978782609428/699384400298901529/screenshot_-_2020-04-13T152336.034.png,1272169,Cipher,https://imgur.com/a/Hqq4wLs,830123,[MG] Spin2Team,https://imgur.com/a/RyCOFjP,,,,,,
CellImage,Twin,2359815,69,https://imgur.com/a/zBVHOle,,,,,,,2131866,ü•ïCrazy Carrotü•ï,https://imgur.com/a/wMqdngc,1060632,lotion,https://cdn.discordapp.com/attachments/395646588682240020/751484805908005005/image0.png,,,,,,
,,,,,,,,,,,,,,,,,,,,,,
,Tier 3,,Siege,,,Assault,,,Mothership,,,Portal Mothership,,,Domination (All),,,Soccer,,,Tag,
CellImage,Artillery,2262564,O'Chunks,https://imgur.com/gallery/Km1QfqR,,,,784222,geometrically dominated,https://imgur.com/a/AgUbly3,1246242,Anto,https://imgur.com/a/LvoDL84,1246631,Damocles,https://media.discordapp.net/attachments/507291678613176321/516438328208523277/arras.io_-_Google_Chrome_11_18_2018_2_29_59_PM.png?,,,,1501256,Jackson,https://imgur.com/a/VvMo1Ca
CellImage,Assassin,1151214,O'Chunks,https://imgur.com/gallery/Frfp8sh,1151681,Thing,https://imgur.com/a/li8jAiY,701630,Records,https://cdn.discordapp.com/attachments/395646588682240020/633006339827826696/screenshot_-_2019-10-13T111715.172.png,1048516,Vinh HD,http://imgur.com/gallery/YiPVqgx,1070000,Candy!,https://cdn.discordapp.com/attachments/395646588682240020/440585428454735872/unknown.png,1206303,HiYouHavePolio,https://imgur.com/a/JhTjopK,540901,buff barricade,https://imgur.com/a/amvGeC1
CellImage,Auto 3,4198072,Jackson,https://imgur.com/a/OAOY6RQ,,,,594647,buff barricade,https://imgur.com/a/cFqSCFZ,,,,1041380,ùïä√òœÖƒª,https://imgur.com/a/SlLnGNY,716986,buff barricade,https://imgur.com/a/oSQ03uq,,,
CellImage,Builder,2528015,WL9,https://imgur.com/gallery/YAo3nEr,,,,,,,,,,1334350,<‚ùÇ> ‚Ç≠«ør…áa,https://cdn.discordapp.com/attachments/790131315139543040/815583122086690827/screenshot_-_2021-02-28T205415.514.png,,,,,,
CellImage,Cruiser,3215501,Jackson,https://imgur.com/a/JVAHOeY,,,,,,,677890,Cipher,https://imgur.com/a/TWF83pF,1095674,Chat Noir,https://imgur.com/a/sWGRFup,1283293,[LK],https://imgur.com/a/ZPqEphf,,,
CellImage,Destroyer,4974974,Jackson,https://imgur.com/a/ZDeygBp,814663,Karmanor,https://youtu.be/Ws5reVcj4vw,,,,2049002,[MG] Spin2Team,https://cdn.discordapp.com/attachments/557386978782609428/821089912954552340/screenshot_-_2021-03-15T113151.924.png,3447866,Phoenix,https://cdn.discordapp.com/attachments/395646588682240020/492281111465033728/unknown.png,667722,[LK],https://imgur.com/a/qhQuQJ7,1843656,Nothingness,https://imgur.com/a/MLAfOCs
CellImage,Double Twin,5000051,ùêî,https://imgur.com/a/v27WPDj,,,,532487,KILL TM#3632,https://cdn.discordapp.com/attachments/725940073631186965/810363867536162836/screenshot_4.png,,,,1404306,Denied,https://www.youtube.com/watch?v=-j4A88ZrC3s&feature=youtu.be,,,,1425216,Jackson,https://imgur.com/a/IeRSddK
CellImage,Gunner,4124381,Jackson,https://imgur.com/a/1NDDBwR,,,,1020298,[MG] Spin2Team,https://cdn.discordapp.com/attachments/553792404587675649/700098005755363378/screenshot_-_2020-04-15T131433.png,1519636,Ditine,https://imgur.com/a/Wl8sfaU,628116,NadeWhyTea,https://media.discordapp.net/attachments/395646588682240020/806449809775001610/screenshot_4.png?,1020999,Armin Play YT,https://imgur.com/a/Vc564Ea,610691,buff barricade,https://imgur.com/a/LGUycRG
CellImage,Hexa Tank,3235811,ùêî,https://imgur.com/a/KfdRgD6,,,,875772,ü•ïCrazy Carrotü•ï,https://cdn.discordapp.com/attachments/395646588682240020/718416956553822268/screenshot_1.png,1186355,LeVitate,https://imgur.com/a/Qf5TudI,,,,,,,797905,Nothingness,https://imgur.com/a/iW4lGhp
CellImage,Hunter,1697454,Jackson,https://imgur.com/a/95DJzh8,,,,1691245,69,https://imgur.com/a/ACKZuZT,1719508,buff barricade,https://imgur.com/a/ZVETQy5,876660,Candy!,https://cdn.discordapp.com/attachments/395646588682240020/442124622499020801/unknown.png,,,,,,
CellImage,Launcher,2227800,O'Chunks,https://imgur.com/gallery/JGemXeb,,,,,,,696609,OnyxD,https://imgur.com/a/lfGQyWR,764000,you tried ‚òÜ,https://imgur.com/a/IswV2cT,,,,,,
CellImage,Minigun,3011868,Jackson,https://imgur.com/a/ys6X5sF,,,,572398,[MG] Spin2Team,https://cdn.discordapp.com/attachments/547209946958135297/646137269711011843/screenshot_-_2019-11-18T155647.922.png,1005122,you tried ‚òÜ,https://imgur.com/a/4GqtLEW,1718958,buff barricade,https://imgur.com/a/WSdLrzf,,,,573905,Nothingness,https://imgur.com/a/s7Sms2S
CellImage,Overseer,1355938,lTorenn,https://imgur.com/a/cQrMoIW,2903517,evil isopod,https://media.discordapp.net/attachments/928174021592383489/970229810460774430/unknown.png?width=1164&height=655,602832,Armin Play YT,https://imgur.com/a/DGFtreX,3983546,Zeo'Xe,https://imgur.com/a/oqZ39Zw,,,,2880640,WL9,https://imgur.com/gallery/agqRW87,507823,Armin Play YT,https://imgur.com/a/ds7J0JJ
CellImage,Rifle,1722171,Sei,https://imgur.com/a/1CMex11,1561511,Jackson,https://imgur.com/a/SjODl5h,,,,1500937,Ditine,https://imgur.com/a/FKPaqYs,1194489,crong,https://imgur.com/a/bsGMSb7,,,,606297,geometrically dominated,https://imgur.com/a/SIjKX5e
CellImage,Smasher,,,,1000108,69,https://imgur.com/a/4E9AlaN,,,,1896892,jah,https://imgur.com/a/5e3EM99,1819431,Mine,https://imgur.com/a/aq5Abc0,,,,906500,Jackson,https://imgur.com/a/SO44mPd
CellImage,Spawner,7626025,ùêî,https://imgur.com/a/KXBWPGG,1886141,Jackson,https://imgur.com/a/a2LrOpq,1012172,ÁÑ°„ÅÑÁÑº„Åç,https://imgur.com/gallery/X9iHRzE,714629,[MG] Spin2Team,https://cdn.discordapp.com/attachments/557386978782609428/726808335554445432/unknown.png,989436,Jackson,https://imgur.com/a/XviFf1n,3300072,Askatasuna,https://imgur.com/a/NfyjHxi,1614795,Nothingness,https://imgur.com/a/DVQ684N
CellImage,Sprayer,4226387,Sei,https://imgur.com/a/xwtIwhP,,,,592381,[MG] Spin2Team,https://cdn.discordapp.com/attachments/395646588682240020/647927087566422027/screenshot.png,1130940,KevinGHB,https://imgur.com/a/mzsgGlh,864334,ùïä√òœÖƒª,https://imgur.com/a/BLAK1nj,,,,1660401,Jackson,https://imgur.com/a/M5KgcAB
CellImage,Trap Guard,2213165,Nothingness,https://imgur.com/a/oLmycnf,714567,Jackson,https://imgur.com/a/7ZtCebD,,,,847022,potatoes,https://imgur.com/a/aUqQ6V9,1622479,crong,https://imgur.com/a/IXn1GfK,522476,buff barricade,https://imgur.com/a/nfAigFf,2429395,Jackson,https://imgur.com/a/d0nBwgz
CellImage,Tri-Angle,2215245,Jackson,https://imgur.com/a/UAtCqTj,,,,,,,1080000,CWWW,https://cdn.discordapp.com/attachments/395646588682240020/468216716212568094/Screen_Shot_2018-07-16_at_01.41.21.png,1520000,Road,https://cdn.discordapp.com/attachments/395646588682240020/444720639824232458/unknown.png,,,,,,
CellImage,Triple Shot,4448741,Jackson,https://imgur.com/gallery/5N4PxXB,,,,601492,NadeWhyTea,https://media.discordapp.net/attachments/395646588682240020/802310305430503474/screenshot_1.png?,1875249,DevŒ±,https://imgur.com/a/ZxFEghB,1365098,PokeSvorlds,https://cdn.discordapp.com/attachments/372305400638472200/452580458010640385/Screen_Shot_2018-06-02_at_2.09.29_PM.png,707769,me(duh),https://imgur.com/sIbTZ6w,,,
CellImage,Tri-Trapper,1582628,Quad,https://i.imgur.com/aqRWetS.png,,,,,,,,,,719201,buff barricade,https://imgur.com/a/3t79T52,,,,604847,buff barricade,https://imgur.com/a/jbVlybz
CellImage,Underseer,,,,,,,1148213,ü•ïCrazy Carrotü•ï,https://cdn.discordapp.com/attachments/395646588682240020/719138417551605810/screenshot_6.png,1212527,Otobus,https://imgur.com/a/UoqKM2A,2397105,Roman,https://imgur.com/a/tcdVQAC,,,,,,
,,,,,,,,,,,,,,,,,,,,,,
,Tier 4,,Siege,,,Assault,,,Mothership,,,Portal Mothership,,,Domination (All),,,Soccer,,,Tag,
CellImage,Annihilator,2008677,WL9,https://imgur.com/gallery/YfgaMM6,1074214,[MG] Spin2Team,https://cdn.discordapp.com/attachments/790400452528963604/875922875918454855/screenshot_-_2021-08-13T190323.449.png,603116,[LM] KAlu,https://imgur.com/a/1d2OvJD,2003659,Asriel,http://imgur.com/a/G25Uanv,2310000,Road,https://cdn.discordapp.com/attachments/395646588682240020/448923336286928896/unknown.png,2934044,Marcus,https://imgur.com/a/DLjxSZD,2027652,Zeo'Xe,https://imgur.com/a/HVFrfe3
CellImage,Architect,3276493,ùêî,https://imgur.com/a/ZHQpg0q,,,,537760,exycus,https://cdn.discordapp.com/attachments/604627640988598272/718699017696968804/Screenshot_20200606_133207.jpg,1261703,jah,https://imgur.com/a/XaEmY3x,,,,,,,562354,you tried ‚òÜ,https://imgur.com/a/fGi7zKE
CellImage,Armsman,1683962,Nothingness,https://imgur.com/a/B9ZBqmP,,,,,,,786977,[LK],https://imgur.com/a/HuErIF3,932736,[LK],https://imgur.com/a/PagGG93,,,,,,
,Atomizer,4427812,Jackson,https://imgur.com/a/WXVo1B3,,,,,,,,,,,,,,,,,,
CellImage,Auto-4,3354922,ùêî,https://imgur.com/a/DlV5gAO,1101145,69,https://imgur.com/a/OpkEzOl,590065,someone :),https://www.youtube.com/watch?v=V4bPt6WWEck,1599930,DevŒ±,https://imgur.com/a/JjwFlPD,853829,LeVitate,https://imgur.com/a/USpyDga,,,,,,
CellImage,Auto-5,3653294,Jackson,https://imgur.com/a/u42l19k,747941,ùêî,https://imgur.com/a/iwXX2Wy,653362,Awootube,https://www.reddit.com/r/Diep2io/comments/kzfifc/fat_l_to_those_who_rejected_the_last_one/,2395519,Cipher,https://imgur.com/a/1WKHzTK,964415,Ender,https://cdn.discordapp.com/attachments/395646588682240020/751461469802987550/unknown.png,,,,1969878,uhhh ._.,https://imgur.com/a/1eqoJAa
CellImage,Auto Assassin,2193960,ùêî,https://imgur.com/a/P1T6MGS,1410103,Thing,https://imgur.com/a/Cj0WUZd,,,,2098608,DevŒ±,https://imgur.com/a/z4twbL2,1926789,CX has cute feet,https://imgur.com/a/xRmk355,3154864,Typexleta,https://imgur.com/a/ia9ZISG,651470,CX has cute feet,https://imgur.com/a/5yIlkuW
CellImage,Auto Builder,4004625,O'Chunks,https://imgur.com/gallery/XB5R20o,,,,,,,2929080,DevŒ±,https://imgur.com/a/3IjmvDQ,833088,Myst,https://media.discordapp.net/attachments/412402908462710784/561376419968712714/unknown.png,1005771,buff barricade,https://imgur.com/a/wAz6QeD,,,
CellImage,Auto Cruiser,2400368,Jackson,https://imgur.com/a/O6jdijP,536386,Jackson,https://imgur.com/a/yjWjBTg,,,,1023903,Otobus,https://cdn.discordapp.com/attachments/725995383800594488/792238948146872331/screenshot_-_2020-12-26T115421.297.png,1395441,[MG] Spin2Team,https://cdn.discordapp.com/attachments/792187553456324618/793269641064611881/screenshot_-_2020-12-25T161638.228.png,4070278,Jackson,https://imgur.com/a/NXHby3Q,558237,buff barricade,https://imgur.com/a/c2x6JCQ
CellImage,Auto Double,4089532,Jackson,https://imgur.com/a/K0ImmIW,,,,1457052,4m,https://imgur.com/a/5dOwF3f,2150536,DevŒ±,https://imgur.com/a/3PNzJBJ,2424656,Die?,https://imgur.com/gallery/VlI7l9W,,,,1171671,Jackson,https://imgur.com/a/zLqYij1
CellImage,Auto Gunner,10140332,Nguyen,https://imgur.com/a/Wp8hEDq,,,,1839174,ü•ïCrazy Carrotü•ï,https://imgur.com/a/CwLEdlF,1935090,Cipher,https://imgur.com/a/Gh5wpmh,1767057,‚ú† Purifier!,https://imgur.com/a/Jv8vwUx,,,,768500,you tried ‚òÜ,https://imgur.com/a/iWM1KOi
CellImage,Auto Overseer,961229,Armin Play YT,https://imgur.com/a/pTG4sJW,2716642,Micckey üòé,https://imgur.com/gallery/5PDhFRC,,,,776091,Gizmic,https://imgur.com/a/Vkhj2JY,2594148,ü•ïCrazy Carrotü•ï,https://imgur.com/a/k5wuqX2,2217500,ü•ïCrazy Carrotü•ï,https://imgur.com/a/9AWUhb2,614282,lTorenn,https://imgur.com/a/7IMCc0K
CellImage,Auto Smasher,,,,991696,geometrically dominated,https://imgur.com/a/0IqfBiU,,,,2760408,Cipher,https://imgur.com/a/6uufYis,1103120,LeVitate,https://imgur.com/a/TqfDyxD,,,,,,
CellImage,Auto Spawner,8695568,ùêî,https://imgur.com/a/u0laDpI,4152888,Thing,https://imgur.com/a/iGUVoLQ,772513,[MG] Spin2Team,https://cdn.discordapp.com/attachments/557386978782609428/649400113885741086/screenshot_7.png,1118897,nata,https://cdn.discordapp.com/attachments/714923016060010497/724288778377625630/2020-06-22_0.42.58.png,1027312,you tried ‚òÜ,https://imgur.com/a/UHxwqDS,888227,[LK],https://imgur.com/a/bw5Ajzn,1025570,breaking good,https://i.imgur.com/sqK0UGl.jpg
CellImage,Auto Tri-Angle,4108253,Jackson,https://imgur.com/a/yAfxU2s,,,,,,,1748212,O'Chunks,https://imgur.com/gallery/wTRWqef,778320,[LK],https://imgur.com/a/wwpqDFp,991846,[LK],https://imgur.com/a/uZmiW9k,1446299,Jackson,https://imgur.com/a/ILikP1N
CellImage,Banshee,2092771,69,https://imgur.com/a/AQLrGw2,,,,,,,,,,2210321,crong,https://imgur.com/a/sUjbNUK,,,,584608,geometrically dominated,https://imgur.com/a/BxVIGKc
CellImage,Barricade,2802282,poui,https://imgur.com/a/beWSYVb,,,,1881707,lotion,https://imgur.com/a/XwwKxvm,,,,1393920,LeVitate,https://imgur.com/a/RMF1obd,695640,Jackson,https://imgur.com/a/ueuoeRM,,,
CellImage,Battleship,3707463,Jackson,https://imgur.com/a/MRvH39N,,,,792056,iJP TM,https://cdn.discordapp.com/attachments/724993075201441855/790559354214285333/unknown.png,2195832,Anto,https://imgur.com/a/huuoNQ6,1371197,OnyxD,https://imgur.com/a/ENJAneG,2348427,you tried ‚òÜ,https://imgur.com/a/PU5TPum,,,
CellImage,Beekeeper,3116188,ùêî,https://imgur.com/a/fP0Egtz,,,,,,,617008,you tried ‚òÜ,https://imgur.com/a/6eG7t4f,962326,you tried ‚òÜ,https://imgur.com/a/cPgQ4dq,520107,buff barricade,https://imgur.com/a/g9zZo2O,549689,4 inch wide mega dildo,https://imgur.com/a/nkkJpPH
CellImage,Bent Double,4820067,O'Chunks,https://imgur.com/gallery/FAEPiGC,,,,635451,Nguyen,https://imgur.com/a/ERlqAIA,1346215,ùêî,https://imgur.com/a/PU1o614,1023071,ùïä√òœÖƒª,https://imgur.com/a/sKaKsfX,,,,,,
CellImage,Bent Hybrid,3564568,Jackson,https://imgur.com/gallery/AscPnfm,512243,geometrically dominated,https://imgur.com/a/Rwt3gvX,1241611,mq,https://media.discordapp.net/attachments/395646588682240020/553713422865268740/Screenshot_1096.png,2053549,Cipher,https://imgur.com/a/uHOjtlo,,,,,,,613325,Oa,https://imgur.com/a/GNYo2p4
CellImage, Big Cheese,3075868,ùêî,https://imgur.com/a/BFqUSAp,2099822,Thing,https://imgur.com/a/e1sttnh,,,,,,,2013535,Jackson,https://imgur.com/a/X7ZJ1Q3,1436130,[LK],https://imgur.com/a/5AI1Vl8,,,
CellImage,Bomber,1650078,e,https://imgur.com/a/euRziE2,,,,,,,1643777,Jackson,https://imgur.com/a/Mzkazq1,1731037,you tried ‚òÜ,https://imgur.com/a/FLRiOwJ,,,,,,
CellImage,Boomer,1748156,O'Chunks,https://imgur.com/gallery/5pJu9sA,,,,,,,1416224,eel,https://ibb.co/album/3ypP0g,930599,crong,https://imgur.com/a/DlSIckE,,,,,,
CellImage,Booster,2230997,Jackson,https://imgur.com/a/ZiixilQ,,,,,,,522693,ùêî,https://imgur.com/a/rOyNm8B,1700000,Jimmy,https://cdn.discordapp.com/attachments/395646588682240020/442850784888225803/unknown.png,,,,,,
CellImage,Bulwark,3583666,ùêî,https://imgur.com/a/DFx3kT3,,,,,,,1646234,Jackson,https://imgur.com/a/iWCWjBz,1053274,crong,https://imgur.com/a/CYIMu1K,,,,,,
CellImage,Bushwhacker,1369186,Quad,https://i.imgur.com/WDlQP3b.png,,,,1187823,Nguyen,https://imgur.com/a/xMsbLba,2484398,Mine,https://imgur.com/a/54g6QBv,2300000,Candy!,https://cdn.discordapp.com/attachments/395646588682240020/442379016108769311/unknown.png,,,,,,
CellImage,Carrier,2638051,Jackson,https://imgur.com/a/Df8w9iI,894184,Jackson,https://imgur.com/a/tZrI3KP,1470147,Damocles,http://imgur.com/a/vJdAmFb,1094004,jah,https://imgur.com/gallery/cXI2HxS,2065341,Typexleta,https://imgur.com/a/iXRGdf4,1755014,Typexleta,https://imgur.com/a/2xEKKfY,738960,you tried ‚òÜ,https://imgur.com/a/n36mIUe
CellImage,Commander,3331515,ùêî,https://imgur.com/a/NovJF8h,758326,geometrically dominated,https://imgur.com/a/tiCV9A1,,,,,,,,,,,,,,,
CellImage,Conqueror,3909387,Jackson,https://imgur.com/a/FXhAJpx,563929,buff barricade,https://imgur.com/a/xAulhNk,,,,1259058,[MG] Spin2Team,https://imgur.com/a/HbGXu7a,915627,Road,https://cdn.discordapp.com/attachments/395646588682240020/496590633708814356/unknown.png,1140626,buff barricade,https://imgur.com/a/97lYzQZ,1890177,Jackson,https://imgur.com/a/3YfTKNV
CellImage,Constructor,1066108,Jackson,https://imgur.com/a/Ju8dzMg,,,,,,,2015550,O'Chunks,https://imgur.com/gallery/1L9IasC,1407776,Jackson,https://imgur.com/a/xi4D5XZ,2268246,poui,https://imgur.com/a/5bXHMLC,1191043,poui,https://imgur.com/a/bbNjN8c
CellImage,Crop Duster,2300022,Jackson,https://imgur.com/a/LhxAJlZ,,,,,,,2323065,Necropio,https://imgur.com/a/CXnbjNz,,,,,,,,,
CellImage,Crossbow,4481457,ùêî,https://imgur.com/a/Tmv6YoK,,,,529846,Nguyen,https://imgur.com/a/w8fXRdb,,,,2043254,CrimsonAsItIs,https://imgur.com/gallery/2QNrAco,1698536,poui,https://imgur.com/a/aupcOdf,1075952,poui,https://imgur.com/a/ZxTArJc
CellImage,Cyclone,3869572,Corrupt Y,https://imgur.com/a/qi74Ikg,,,,,,,1236660,itzooferz yt,https://postimg.cc/gallery/BQgZ0g2,2886895,Damocles,http://imgur.com/a/PfaTkbc,,,,,,
CellImage,Dual,2651491,Jackson,https://imgur.com/a/XrUs2ln,,,,,,,2929929,DevŒ±,https://imgur.com/a/kSZiaSE,1510000,Jackson,https://image.prntscr.com/image/Xo_15DpbQo_xOTvfqE35Fg.png,,,,,,
CellImage,Eagle,1932026,O'Chunks,https://imgur.com/gallery/Yq1xqvR,,,,,,,,,,1049872,HenWire,https://cdn.discordapp.com/attachments/797228717390168074/800547292885024808/unknown.png,,,,1376670,Zeo'Xe,https://imgur.com/a/sNsGsr9
CellImage,Engineer,4779945,ùêî,https://imgur.com/a/c3aXCEy,,,,907750,S3CR3T,https://cdn.discordapp.com/attachments/395646588682240020/456843463728824321/Kepernyofelvetel_55.png,1231716,OnyxD,https://m.imgur.com/a/ACrwv4x,1916692,Typexleta,https://imgur.com/a/JFOMlM2,1511141,Typexleta,https://imgur.com/a/pZBdhla,1051865,Nguyen,https://imgur.com/a/QIggAjo
CellImage,Factory,12350630,Jackson,https://imgur.com/a/O6KaQTL,3156649,∆ßchrodŒπŒ∑gŒµr,https://imgur.com/a/vR4OLl4,,,,1743344,Zeo'Xe,https://imgur.com/a/hiEZf5N,1931008,zo,https://imgur.com/a/k4OPEWE,,,,,,
CellImage,Falcon,1462308,O'Chunks,https://imgur.com/gallery/zuPOOSz,,,,,,,1068477,DevŒ±,https://imgur.com/a/dvKlZA9,2090000,MrFarmz,https://cdn.discordapp.com/attachments/395646588682240020/447888708360732682/20180520_172921.png,1273825,TheMadLad,https://imgur.com/a/fSMyt6h,1022164,Jackson,https://imgur.com/a/fiM1vSD
CellImage,Field Gun,2608135,Jackson,https://imgur.com/a/mfi9d9T,,,,,,,,,,,,,,,,664982,xeno,https://imgur.com/a/WESXI11
CellImage,Fighter,2516062,Quad,https://imgur.com/a/gwCSwOs,,,,,,,2170666,[LK],https://imgur.com/a/GIYQNvA,718700,alt,https://youtu.be/oGq1DozfBaw,,,,556739,Armin Play YT,https://imgur.com/a/guDnJRE
,Focal,4419610,Jackson,https://imgur.com/a/4NAY1tg,,,,,,,,,,,,,,,,,,
CellImage,Fortress,1677140,69,https://imgur.com/a/OaW7kLR,,,,,,,896744,DevŒ±,https://imgur.com/a/6qTNx2W,862126,a letter a,https://cdn.discordapp.com/attachments/395646588682240020/723013635424649246/screenshot_3.png,606620,me(duh),https://imgur.com/f7DmyrY,,,
CellImage,Gunner Trapper,3147849,ùêî,https://imgur.com/a/UiV5vtW,1779849,Jackson,https://imgur.com/a/KGRoyvA,563867,Nguyen,https://imgur.com/a/sf0gbAP,1050618,Otobus,https://imgur.com/a/wNQfPAg,938895,literal cancer,https://cdn.discordapp.com/attachments/395646588682240020/445262921413427201/unknown.png,2135596,Jackson,https://imgur.com/a/yD0aktS,,,
CellImage,Hexa Trapper,2440328,ùêî,https://imgur.com/a/ABjO5VA,,,,,,,1037831,Anto,https://imgur.com/a/OTt6buK,854262,buff barricade,https://imgur.com/a/BI6ApU0,,,,,,
CellImage,Hewn Double,3202802,Jackson,https://imgur.com/a/6d9M3OP,,,,803271,[MG] Spin2Team,https://cdn.discordapp.com/attachments/395646588682240020/697109706505846805/screenshot_-_2020-04-07T084428.988.png,962828,From Asia,https://imgur.com/a/IqHmccw,786916,NadeWhyTea,https://media.discordapp.net/attachments/395646588682240020/811533785321439262/screenshot_21.png?,,,,1248602,Jackson,https://imgur.com/a/f3AkCQD
CellImage,Hybrid,2288887,O'Chunks,https://imgur.com/gallery/p74kxju,1015912,Thing,https://imgur.com/a/Dsxn1aA,,,,2179991,69,https://imgur.com/a/U299xZn,1740000,MrFarmz,https://cdn.discordapp.com/attachments/447416777664888834/447416999426129931/20180518_134041.png,1149549,jsohi,https://imgur.com/gallery/AD8P1YU,2111948,Silk,https://imgur.com/a/GsdFCZo
,Infestor,,,,,,,,,,,,,,,,,,,,,
CellImage,Landmine,,,,1000108,69,https://imgur.com/a/chKYoMK,,,,2235634,Obsession,https://imgur.com/a/jSvsogs,1777199,Mine,https://imgur.com/a/qjXzc7p,1173081,69,https://imgur.com/a/rmFTo1K,,,
CellImage,Machine Gunner,8017921,Nguyen,https://imgur.com/a/CutsIDE,1144763,Nguyen,https://imgur.com/a/x0IXZPG,880425,Nguyen,https://imgur.com/a/oHJfPpp,1329890,Nguyen,https://imgur.com/a/P9EwqR1,1272921,Nguyen,https://imgur.com/a/5Kw7MHM,,,,1554832,Nguyen,https://imgur.com/a/G8WA9Qy
CellImage,Maleficitor,,,,,,,,,,1376967,jah,https://imgur.com/a/OQMDGbq,814243,crong,https://cdn.discordapp.com/attachments/395646588682240020/768182044303163392/screenshot_-_2020-10-20T134054.872.png,,,,,,
CellImage,Manager,2433786,O'Chunks,https://imgur.com/gallery/EOSmrCy,1172078,Jackson,https://imgur.com/a/5cODTdS,,,,2191563,From Asia,https://imgur.com/a/wiVoq2J,4043384,Crown the √ñ.,https://imgur.com/a/u5f0nVR,3296424,WL9,https://imgur.com/gallery/wXHRQdn,1393949,breaking good,https://i.imgur.com/enr0EAp.jpg
CellImage,Mega Smasher,,,,,,,,,,1062099,Sei,https://imgur.com/a/KGipP8I,,,,,,,,,
CellImage,Mega-3,3521127,ùêî,https://imgur.com/a/TlR7ixf,706353,Jackson,https://imgur.com/a/X5dU7xD,,,,1501344,Cipher,https://imgur.com/a/MiceOcJ,705182,lotion,https://imgur.com/a/P97StW7,643745,Slen,https://imgur.com/a/DjCI2vK,,,
CellImage,Mortar,2831382,poui,https://imgur.com/a/hrGcFZU,530366,Jackson,https://imgur.com/a/fSK8XgQ,,,,,,,1469547,Mine,https://imgur.com/a/Eaumlho,,,,,,
CellImage,Musket,1686427,Jackson,https://imgur.com/a/prXy9ok,,,,,,,1258869,DevŒ±,https://imgur.com/a/Ho185W3,1660594,Denied,https://www.youtube.com/watch?v=D7IavQeLR_E&feature=youtu.be,,,,,,
CellImage,Nailgun,2330107,CX has cute feet,https://imgur.com/a/2EUNyxi,5617716,Thing,https://imgur.com/a/2cRJhDU,1145365,CX has cute feet,https://imgur.com/a/UAZtKk7,1931538,eel,https://ibb.co/album/M5KvC8,514874,ü•ïCrazy Carrotü•ï,https://imgur.com/a/TE32Kwd,1540903,CX has cute feet,https://imgur.com/a/8VPrrHt,1752010,uhhh ._.,https://imgur.com/a/57kycJU
CellImage,Necromancer,,,,2915492,Corrupt Y,https://imgur.com/a/7DT9ka9,,,,1158965,‚ö°ùïØùñóùñÜùñåùñîùñì‚ö°INDONESIA,https://imgur.com/gallery/xa4ZSm2,934713,MoonMan,https://cdn.discordapp.com/attachments/395646588682240020/710826067094536263/screenshot_-_2020-05-14T211238.156.png,,,,,,
CellImage,Octo Tank,2691419,ùêî,https://imgur.com/a/CpTJW7h,,,,904144,ü•ïCrazy Carrotü•ï,https://cdn.discordapp.com/attachments/623970422001500196/719265594909917184/screenshot_4.png,1706215,Anto,https://imgur.com/a/M7fl94T,1286938,Jackson,https://imgur.com/a/xYSVrWK,1009842,buff barricade,https://imgur.com/a/RRSwnZA,2328251,ExC,https://imgur.com/a/ygoJSob
CellImage,Ordnance,3016712,O'Chunks,https://imgur.com/gallery/oPHi75b,,,,600432,you tried ‚òÜ,https://imgur.com/a/LureHUk,2144023,DevŒ±,https://imgur.com/a/w4qXGTd,,,,,,,2112841,jsohi,https://imgur.com/gallery/JddtZhT
CellImage,Overdrive,2857933,ùêî,https://imgur.com/a/GPz6b2m,1209877,Jackson,https://imgur.com/a/yWLqk90,,,,2340325,Zeo'Xe,https://imgur.com/a/u5Zigsh,2898313,[LK],https://imgur.com/a/qtCgt0v,2229679,ü•ïCrazy Carrotü•ï,https://imgur.com/a/9AWUhb2,2188013,Damocles,https://imgur.com/a/4skX1iL
CellImage,Overgunner,4617253,Jackson,https://imgur.com/a/DqL7MV7,506327,geometrically dominated,https://imgur.com/a/XkxBqLY,,,,,,,,,,,,,1433896,Jackson,https://imgur.com/a/bvSFIj4
CellImage,Overlord,4320840,Jackson,https://imgur.com/a/THPPimQ,4400321,Micckey üòé,https://imgur.com/gallery/qQtbwMc,1021113,Jackson,https://imgur.com/a/cNxn5U0,5228804,Zeo'Xe,https://imgur.com/a/0tjdBxd,3926655,Zeo'Xe,https://imgur.com/a/oRYigiR,3386642,Jackson,https://imgur.com/a/cLvONnL,3895576,Armin Play YT ,https://imgur.com/a/KUI2P6W
CellImage,Overtrapper,3211706,Jackson,https://imgur.com/a/tQ2uEBV,649237,geometrically dominated,https://imgur.com/a/VIClvXa,,,,,,,1953403,Crown the √ñ.,https://imgur.com/a/0JfgTzW,3113601,Crown the √ñ.,https://imgur.com/a/0JfgTzW,,,
CellImage,Penta Shot,2603751,ThunderFlame,https://imgur.com/a/oqelvI6,,,,870859,ü•ïCrazy Carrotü•ï,https://imgur.com/a/LeETLZN,719379,you tried ‚òÜ,https://imgur.com/a/pytBQY5,,,,,,,957994,a letter a,https://imgur.com/a/g9KGz2K
,Phoenix,2807596,Jackson,https://imgur.com/a/tfSobv3,,,,,,,,,,,,,,,,,,
CellImage,Poacher,2222213,Jackson,https://imgur.com/a/XpbyBsn,613683,geometrically dominated,https://imgur.com/a/WmlHfhV,,,,1269175,Cipher,https://imgur.com/a/WXXyClq,655730,Candy!,https://cdn.discordapp.com/attachments/395646588682240020/442046850237726730/unknown.png,,,,,,
CellImage,Predator,4177835,Jackson,https://imgur.com/a/3ASYIAm,2410180,Thing,https://imgur.com/a/1PfqG50,,,,2024986,Nguyen,https://imgur.com/a/f6bDFJK,2011410,Awootube,https://imgur.com/a/UpiizG1,1606343,minidev,https://imgur.com/a/eeWSlho,,,
CellImage,Ranger,1352746,ùêî,https://imgur.com/a/TDIklP3,1423101,Thing,https://imgur.com/a/jYIuLmq,,,,1039776,ÔºüÔºüÔºü,https://ibb.co/tBvQVjQ,678548,Armin Play YT,https://imgur.com/a/u1D3Zuy,,,,,,
,Redistributor,7249606,Jackson,https://imgur.com/a/Vbt2Amv,,,,,,,,,,,,,,,,,,
CellImage,Septa Trapper,2990547,Jackson,https://imgur.com/a/u1lOGOn,,,,,,,1669733,DevŒ±,https://imgur.com/a/SvqBK32,516371,lotion,https://cdn.discordapp.com/attachments/723026784026624030/755423300339105872/screenshot-10.png,,,,694819,Jackson,https://imgur.com/a/OaTg8eu
CellImage,Shotgun,2904320,O'Chunks,https://imgur.com/gallery/zC4EZGt,,,,,,,2041634,Anto,https://imgur.com/a/lMcaUWZ,1164672,Jackson,https://imgur.com/a/ipobAKv,1960055,Ender,https://imgur.com/a/TG5JpI8,1552091,Jackson,https://imgur.com/a/mpZaqsb
CellImage,Sidewinder,1875830,10,https://youtu.be/kNIhZs9i8NU,1662984,Thing,https://cdn.discordapp.com/attachments/795074325212299286/907825115360800839/screenshot_-_2021-11-09T215124.826.png,666720,Die?,https://cdn.discordapp.com/attachments/395646588682240020/645843587367567380/unknown.png,,,,859239,lotion,https://i.imgur.com/d8mbBQ9.png,,,,,,
CellImage,Single,3262690,O'Chunks,https://imgur.com/gallery/WATzjPo,1420120,Thing,https://imgur.com/a/hzPefOH,,,,2439521,jah,https://imgur.com/a/Kl5GMcP,724912,crong,https://imgur.com/a/nKADb4l,,,,1501663,Jackson,https://imgur.com/a/bGB9uZp
CellImage,Skimmer,2301938,ùêî,https://imgur.com/a/tKSnY2l,,,,,,,1755176,O'Chunks,https://imgur.com/gallery/ORsEYxY,1348596,Typexleta,https://imgur.com/a/LnzdvL7,,,,,,
CellImage,Spike,,,,,,,,,,1929243,Mine,https://imgur.com/a/dRONTWd,2197519,Silk,https://imgur.com/a/7tXZtf5,,,,,,
CellImage,Spreadshot,2746095,Jackson,https://imgur.com/gallery/mS1YzSv,725577,@_@,https://imgur.com/a/OuTv9OQ,851919,[MG] Spin2Team,https://cdn.discordapp.com/attachments/557386978782609428/696399067521089546/screenshot_-_2020-04-05T093911.png,1120866,DevŒ±,https://imgur.com/a/Idqk9U0,1016166,[LK],https://imgur.com/gallery/dO5sRAy,519381,buff barricade,https://imgur.com/a/2jLmEmb,,,
CellImage,Stalker,1340301,e,https://imgur.com/a/hVT2NUs,,,,679247,Die?,https://cdn.discordapp.com/attachments/395646588682240020/633009267078856724/unknown.png,1134872,Cipher,https://imgur.com/a/Od0oOqn,1070000,Hurricane,https://cdn.discordapp.com/attachments/395646588682240020/452367911965949962/Screenshot_2018-06-02_at_3.04.34_PM.png,,,,,,
CellImage,Streamliner,4002773,ùêî,https://imgur.com/a/cFFES6d,,,,,,,1586937,Cipher,https://imgur.com/a/rVnYyuG,3120751,Nguyen,https://imgur.com/a/q54IlHN,677466,StormX,https://media.discordapp.net/attachments/395646588682240020/978392324109393970/unknown.png?width=1164&height=655,1170175,! Choke !‚Ñ¢,https://imgur.com/a/BjMarvT
CellImage,Surfer,1137981,Quad,https://i.imgur.com/bxgwKLS.png,,,,944701,you tried ‚òÜ,https://imgur.com/a/HwxisrJ,1455291,Sei,https://imgur.com/a/WUUVmdX,1365029,Armin Play YT ,https://imgur.com/a/gGMc3rS,,,,745834,Armin Play YT ,https://imgur.com/a/EZ6b9Em
CellImage,Swarmer,2359797,O'Chunks,https://imgur.com/gallery/VE7ui5O,,,,519366,you tried ‚òÜ,https://imgur.com/a/f4q4BXK,2071801,ùêî,https://imgur.com/a/6gLYP0A,,,,,,,675329,ùêî,https://imgur.com/a/lx35G7K
CellImage,Triple Twin,4352154,Jackson,https://imgur.com/a/2Jz2ASC,,,,751048,Die?,https://cdn.discordapp.com/attachments/395646588682240020/646570104363941890/unknown.png,1031258,Cipher,https://imgur.com/a/pKIC94K,,,,,,,,,
CellImage,Triplet,3928196,Jackson,https://imgur.com/gallery/uUROyjC,,,,1442502,ü•ïCrazy Carrotü•ï,https://imgur.com/a/71EtXQe,1316792,DevŒ±,https://imgur.com/a/rzKvLIF,3931883,[LK],https://imgur.com/gallery/7hLkpl0,686400,Armin Play YT,https://imgur.com/a/fAk6Gz9,571813,geometrically dominated,https://imgur.com/a/aBRva3C
CellImage,Twister,1803723,ùêî,https://imgur.com/a/kfrkcTN,,,,,,,1660317,DevŒ±,https://imgur.com/a/l3VbZj3,878795,ùïä√òœÖƒª,https://imgur.com/a/42QkyUu,,,,,,
,X-Hunter,,,,,,,,,,,,,,,,,,,,,