,,Event Arras Scores,,,,
CellImage,Rank,Score,Name,Proof,Tank,Game Mode
,1,12350630,Jackson,https://imgur.com/a/O6KaQTL,Factory,Siege
,2,11274395,ThunderFlame,https://imgur.com/a/wXKJ3BB,Factory,Siege
,3,11096356,Roman,https://i.imgur.com/lKymhkT.png,Overlord,Teamer Maze
,4,10140332,Nguyen,https://imgur.com/a/Wp8hEDq,Auto Gunner,Siege
,5,8695568,ğ”,https://imgur.com/a/u0laDpI,Auto Spawner,Siege
,6,8017921,Nguyen,https://imgur.com/a/CutsIDE,Machine Gunner,Siege
,7,7766119,Jackson,https://imgur.com/a/KjNBq4Q,Machine Gunner,Siege
,8,7626025,ğ”,https://imgur.com/a/KXBWPGG,Spawner,Siege
,9,7450972,loaf,https://i.imgur.com/hY1PowQ.png,Factory,Siege
,10,7249606,Jackson,https://imgur.com/a/Vbt2Amv,Redistributor,Siege
,11,6237115,e,https://imgur.com/a/jP1lsOb,Factory,Siege
,12,6212615,Jackson,https://imgur.com/a/zfCL63E,Auto Spawner,Siege
,13,6027714,Awootube,https://imgur.com/a/5XUBAyl,Factory,Siege
,14,5960203,Jackson,https://imgur.com/a/dYjjjvZ,Machine Gunner,Siege
,15,5791760,Awootube,https://imgur.com/a/1om9B7N,Factory,Siege
,16,5617716,Thing,https://imgur.com/a/2cRJhDU,Nailgun,Assault
,17,5523859,ğŸ¥•Crazy CarrotğŸ¥•,https://media.discordapp.net/attachments/579412094986878976/868051502936248350/screenshot_12.png?,Factory,Siege
,18,5291414,ğ”,https://imgur.com/a/AqoZW6C,Factory,Siege
,19,5228804,Zeo'Xe,https://imgur.com/a/0tjdBxd,Overlord,Portal Mothership
,20,5111298,O'Chunks,https://imgur.com/gallery/fqkg0ce,Auto Gunner,Siege
,21,5000051,ğ”,https://imgur.com/a/v27WPDj,Double Twin,Siege
,22,4979109,edamameã¨ã„ãµäºº,https://imgur.com/a/S9kkdDr,Machine Gunner,Siege
,23,4974974,Jackson,https://imgur.com/a/ZDeygBp,Destroyer,Siege
,24,4936112,WL9,https://cdn.discordapp.com/attachments/790400452528963604/878510451095396412/screenshot_-_2021-08-21T012640.160.png,Factory,Siege
,25,4886303,ğ”,https://imgur.com/a/xg8bggF,Factory,Siege
,26,4879985,Micckey ğŸ˜,https://imgur.com/gallery/QXNHCgU,Factory,Siege
,27,4820067,O'Chunks,https://imgur.com/gallery/FAEPiGC,Bent Double,Siege
,28,4814085,ğ”,https://imgur.com/a/D2gHeVZ,Factory,Siege
,29,4779945,ğ”,https://imgur.com/a/c3aXCEy,Engineer,Siege
,30,4750991,Dev_Bs,https://imgur.com/SUaUvwB,Factory,Siege
,31,4617253,Jackson,https://imgur.com/a/DqL7MV7,Overgunner,Siege
,32,4586583,O'Chunks,https://imgur.com/gallery/p2j9Zz4,Machine Gunner,Siege
,33,4527800,Askatasuna,https://imgur.com/a/rJcOxMw,Factory,Siege
,34,4494318,ğ”,https://imgur.com/a/T2D1TSk,Factory,Siege
,35,4481457,ğ”,https://imgur.com/a/Tmv6YoK,Crossbow,Siege
,36,4448741,Jackson,https://imgur.com/gallery/5N4PxXB,Triple Shot,Siege
,37,4427812,Jackson,https://imgur.com/a/WXVo1B3,Atomizer,Siege
,38,4426329,Marcusicoi,https://media.discordapp.net/attachments/395646588682240020/864453315693248523/Screenshot_20210713_182628.jpg,Factory,Siege
,39,4419610,Jackson,https://imgur.com/a/4NAY1tg,Focal,Siege
,40,4400321,Micckey ğŸ˜,https://imgur.com/gallery/qQtbwMc,Overlord,Assault
,41,4394097,ğ”,https://imgur.com/a/BkxcXQB,Factory,Siege
,42,4360091,ğ”,https://imgur.com/a/C2a3fEC,Factory,Siege
,43,4352154,Jackson,https://imgur.com/a/2Jz2ASC,Triple Twin,Siege
,44,4349571,ğŸ¥•Crazy CarrotğŸ¥•,https://media.discordapp.net/attachments/579412094986878976/867325840805986354/screenshot_8.png?,Factory,Siege
,45,4320840,Jackson,https://imgur.com/a/THPPimQ,Overlord,Siege
,46,4239571,ay96,https://imgur.com/a/m8hYncn,Auto Spawner,Siege
,47,4237906,69,https://imgur.com/a/fDAzF5i,Factory,Siege
,48,4236636,Micckey ğŸ˜,https://imgur.com/gallery/s17eKAS,Factory,Siege
,49,4226387,Sei,https://imgur.com/a/xwtIwhP,Sprayer,Siege
,50,4198072,Jackson,https://imgur.com/a/OAOY6RQ,Auto 3,Siege
,51,4181867,edamameã¨ã„ãµäºº,https://imgur.com/a/PoNY2wM,Machine Gunner,Siege
,52,4177835,Jackson,https://imgur.com/a/3ASYIAm,Predator,Siege
,53,4152888,Thing,https://imgur.com/a/iGUVoLQ,Auto Spawner,Assault
,54,4143025,ğ”,https://imgur.com/a/3Rk5HFf,Bent Double,Siege
,55,4139568,Awootube,https://imgur.com/a/Etr5Ccw,Factory,Siege
,56,4124381,Jackson,https://imgur.com/a/1NDDBwR,Gunner,Siege
,57,4108253,Jackson,https://imgur.com/a/yAfxU2s,Auto Tri-Angle,Siege
,58,4093336,Thunder,https://imgur.com/a/mQ9GCp4,Spawner,Siege
,59,4089532,Jackson,https://imgur.com/a/K0ImmIW,Auto Double,Siege
,60,4070278,Jackson,https://imgur.com/a/NXHby3Q,Auto Cruiser,Soccer
,61,4043384,Crown the Ã–.,https://imgur.com/a/u5f0nVR,Manager,Domination
,62,4030559,ğ”,https://imgur.com/a/I3TcbYZ,Factory,Siege
,63,4027795,ğŸ¥•Crazy CarrotğŸ¥•,https://media.discordapp.net/attachments/579412094986878976/865838365605363752/screenshot_2.png?,Factory,Siege
,64,4020999,Jackson,https://imgur.com/a/npxKKkJ,Overgunner,Siege
,65,4010828,Î¹Î±,https://imgur.com/gallery/PFM4YGl,Factory,Siege
,66,4004625,O'Chunks,https://imgur.com/gallery/XB5R20o,Auto Builder,Siege
,67,4002773,ğ”,https://imgur.com/a/cFFES6d,Streamliner,Siege
,68,4000797,@_@,https://imgur.com/a/ZAROjW5,Factory,Siege
,69,3983546,Zeo'Xe,https://imgur.com/a/oqZ39Zw,Overseer,Portal Mothership
,70,3970006,Thing,https://media.discordapp.net/attachments/709618749250207745/877402077243011072/screenshot_-_2021-08-18T000146.399.png,Factory,Siege
,71,3931883,[LK],https://imgur.com/gallery/7hLkpl0,Triplet,Domination
,72,3928196,Jackson,https://imgur.com/gallery/uUROyjC,Triplet,Siege
,73,3926655,Zeo'Xe,https://imgur.com/a/oRYigiR,Overlord,Domination
,74,3914411,ğ”,https://imgur.com/a/ymDJISy,Auto Spawner,Siege
,75,3909387,Jackson,https://imgur.com/a/FXhAJpx,Conqueror,Siege
,76,3899477,ğ”,https://imgur.com/a/vkpZlci,Auto Gunner,Siege
,77,3895576,Armin Play YT ,https://imgur.com/a/KUI2P6W,Overlord,Tag
,78,3884108,Zeo'Xe,https://imgur.com/a/2kQFwuA,Overlord,Tag
,79,3883470,Î¹Î±,https://imgur.com/gallery/wlpfoIV,Factory,Siege
,80,3869572,Corrupt Y,https://imgur.com/a/qi74Ikg,Cyclone,Siege
,81,3866539,uhhh ._.,https://imgur.com/a/xKY95BJ,Factory,Siege
,82,3843973,ğŸ¥•Crazy CarrotğŸ¥•,https://media.discordapp.net/attachments/395646588682240020/862293334436741141/screenshot_6.png?,Factory,Siege
,83,3836806,ğŸ¥•Crazy CarrotğŸ¥•,https://imgur.com/a/VJ7hoNT,Machine Gunner,Siege
,84,3814353,ğ”,https://imgur.com/a/0hElGUo,Factory,Siege
,85,3797982,ğŸ¥•Crazy CarrotğŸ¥•,https://media.discordapp.net/attachments/579412094986878976/864867006195826698/screenshot_1.png?,Factory,Siege
,86,3756816,geometrically dominated,https://imgur.com/a/YKaF3py,Machine Gunner,Siege
,87,3723390,ğ”,https://imgur.com/a/TJqB4eR,Factory,Siege
,88,3721284,Silvite,https://imgur.com/gallery/IR2QCYs,Predator,Domination
,89,3720253,WL9,https://cdn.discordapp.com/attachments/804848075813158944/868984614549585970/screenshot_-_2021-07-25T183418.718.png,Factory,Siege
,90,3711128,ay96,https://imgur.com/a/HEYevV7,Auto Gunner,Siege
,91,3707463,Jackson,https://imgur.com/a/MRvH39N,Battleship,Siege
,92,3676857,ğŸ‹,https://imgur.com/a/BGpfLsG,Factory,Siege
,93,3667739,[MG] Spin2Team,https://cdn.discordapp.com/attachments/790400452528963604/879081271186292766/screenshot_-_2021-08-22T121500.080.png,Factory,Siege
,94,3658883,ğ”,https://imgur.com/a/rCVmVau,Factory,Siege
,95,3653294,Jackson,https://imgur.com/a/u42l19k,Auto-5,Siege
,96,3619787,deepfreeze,https://imgur.com/a/o7B0TlE,Factory,Siege
,97,3613934,O'Chunks,https://imgur.com/gallery/zJrij23,Double Twin,Siege
,98,3583666,ğ”,https://imgur.com/a/DFx3kT3,Bulwark,Siege
,99,3564568,Jackson,https://imgur.com/gallery/AscPnfm,Bent Hybrid,Siege
,100,3552212,ğ”,https://imgur.com/a/svbchx3,Auto Tri-Angle,Siege
,101,3542427,â˜ ÊŸá´€É¢ Ğ¼á´€sÑ‚á´‡Ê€â˜ ,https://imgur.com/a/1xjhY6a,Factory,Siege
,102,3528903,69,https://imgur.com/a/LR9hqAd,Basic,Siege
,103,3525606,Micckey ğŸ˜,https://imgur.com/gallery/Re6RM1G,Overseer,Teamer Maze
,104,3521127,ğ”,https://imgur.com/a/TlR7ixf,Mega-3,Siege
,105,3514303,ğ”,https://imgur.com/a/GsF6ciU,Triplet,Siege
,106,3507017,WL9,https://imgur.com/gallery/ecO9zZK,Overlord,Soccer
,107,3492574,ğ”,https://imgur.com/a/QLAkIT1,Auto Gunner,Siege
,108,3477227,ThunderFlame,https://imgur.com/a/LNbMR70,Machine Gunner,Siege
,109,3455123,pancake,https://imgur.com/a/oscLBjQ,Factory,Siege
,110,3447866,Phoenix,https://dl.airtable.com/BCbG2UcTRymmmEle3aWK_unknown.png,Destroyer,Domination
,111,3434571,ThunderFlame,https://imgur.com/a/Y6N4HQs,Factory,Siege
,112,3431213,Smiley,https://imgur.com/a/RyL35u6,Overlord,Teamer Maze
,113,3429570,Zeo'Xe,https://imgur.com/a/NdWt5I3,Overlord,Tag
,114,3405443,O'Chunks,https://imgur.com/gallery/osKlaWL,Machine Gun,Siege
,115,3403215,ğ”,https://imgur.com/a/mSRgFfK,Machine Gun,Siege
,116,3386642,Jackson,https://imgur.com/a/cLvONnL,Overlord,Soccer
,117,3381929,ğŸ¥•Crazy CarrotğŸ¥•,https://media.discordapp.net/attachments/579412094986878976/864875528356102164/screenshot_2.png?,Factory,Siege
,118,3360727,Thunder,https://imgur.com/a/tz3nkwS,Factory,Siege
,119,3356620,ğŸ¥•Crazy CarrotğŸ¥•,https://media.discordapp.net/attachments/790131315139543040/862305322119200778/screenshot_7.png?,Factory,Siege
,120,3355700,Chaos,https://imgur.com/a/upAfG2p,Factory,Siege
,121,3354922,ğ”,https://imgur.com/a/DlV5gAO,Auto-4,Siege
,122,3346977,ğŸ¥•Crazy CarrotğŸ¥•,https://media.discordapp.net/attachments/579412094986878976/859725672162656276/screenshot_2.png?,Factory,Siege
,123,3346028,ğŸ¥•Crazy CarrotğŸ¥•,https://media.discordapp.net/attachments/579412094986878976/862392702732861450/screenshot_6.png?,Factory,Siege
,124,3340000,Unknown Overlord,https://imgur.com/a/af1psBD,Overlord,Assault
,125,3335059,Jackson,https://imgur.com/gallery/R2PyKeG,Spawner,Siege
,126,3331515,ğ”,https://imgur.com/a/NovJF8h,Commander,Siege
,127,3310805,uhhh ._.,https://imgur.com/a/3ScrdKT,Machine Gunner,Siege
,128,3300072,Askatasuna,https://imgur.com/a/NfyjHxi,Spawner,Soccer
,129,3296424,WL9,https://imgur.com/gallery/wXHRQdn,Manager,Soccer
,130,3292732,ThunderFlame,https://imgur.com/a/a7ybaqP,Auto Spawner,Siege
,131,3276493,ğ”,https://imgur.com/a/ZHQpg0q,Architect,Siege
,132,3262690,O'Chunks,https://imgur.com/gallery/WATzjPo,Single,Siege
,133,3252320,Xenom,https://imgur.com/a/Gx562ap,Auto Gunner,Siege
,134,3237653,ğŸ¥•Crazy CarrotğŸ¥•,https://imgur.com/a/Ec7yyQF,Overlord,Assault
,135,3235811,ğ”,https://imgur.com/a/KfdRgD6,Hexa Tank,Siege
,136,3233525,Jackson,https://imgur.com/gallery/sXdi96N,Machine Gunner,Siege
,137,3223318,ğ”,https://imgur.com/a/FgzcHmz,Triplet,Siege
,138,3215501,Jackson,https://imgur.com/a/JVAHOeY,Cruiser,Siege
,139,3211706,Jackson,https://imgur.com/a/tQ2uEBV,Overtrapper,Siege
,140,3202802,Jackson,https://imgur.com/a/6d9M3OP,Hewn Double,Siege
,141,3196478,Corrupt Y,https://imgur.com/a/hDmOOl8,Spawner,Siege
,142,3196171,ğ”,https://imgur.com/a/yDcylYJ,Crossbow,Siege
,143,3186891,ThunderFlame,https://imgur.com/a/oCtYi92,Machine Gunner,Siege
,144,3183121,[LK],https://imgur.com/a/u2kwKY2,Factory,Siege
,145,3177318,truper,https://imgur.com/gallery/whEOods,Medic,Siege
,146,3173620,â˜¯Dark Karmaãƒ„,https://imgur.com/a/re28dJy,Auto Gunner,Siege
,147,3166928,Thx m8,https://imgur.com/a/r81gAOd,Factory,Siege
,148,3156649,Æ§chrodÎ¹Î·gÎµr,https://imgur.com/a/vR4OLl4,Factory,Assault
,149,3154864,Typexleta,https://imgur.com/a/ia9ZISG,Auto-Assassin,Soccer
,150,3147849,ğ”,https://imgur.com/a/UiV5vtW,Gunner Trapper,Siege
,151,3136707,From Asia,https://imgur.com/a/jAQRTAR,Factory,Siege
,152,3120751,Nguyen,https://imgur.com/a/q54IlHN,Streamliner,Domination
,153,3116188,ğ”,https://imgur.com/a/fP0Egtz,Beekeeper,Siege
,154,3113601,Crown the Ã–.,https://imgur.com/a/0JfgTzW,Overtrapper,Soccer
,155,3097384,evil isopod,https://imgur.com/a/yXbei4V,Overlord,Siege
,156,3097271,Thing,https://imgur.com/a/uibCJIN,Overlord,Assault
,157,3095442,ğŸ¥•Crazy CarrotğŸ¥•,https://media.discordapp.net/attachments/579412094986878976/864510655259475968/screenshot_6.png?,Factory,Siege
,158,3094133,e,https://imgur.com/a/UDfo3cF,Factory,Siege
,159,3092684,Î¹Î±,https://imgur.com/gallery/rkxC4OT,Overlord,Tag
,160,3085759,Thx m8,https://imgur.com/a/uLowUKN,Factory,Siege
,161,3076529,Askatasuna,https://imgur.com/a/SDWW0V7,Spawner,Siege
,162,3075868,ğ”,https://imgur.com/a/BFqUSAp,Big Cheese,Siege
,163,3075144,Jackson,https://imgur.com/gallery/npgs1F6,Auto-4,Siege
,164,3073772,ğ”,https://imgur.com/a/MVoC2Lq,Factory,Siege
,165,3067841,69,https://imgur.com/a/tMJZ2OE,Factory,Siege
,166,3067814,ğŸ¥•Crazy CarrotğŸ¥•,https://media.discordapp.net/attachments/579412094986878976/862791279573467166/screenshot_16.png?,Gunner,Siege
,167,3055127,e,https://imgur.com/a/6HoGanj,Factory,Siege
,168,3034977,ThunderFlame,https://imgur.com/a/K2TFBsj,Gunner,Siege
,169,3033476,ğŸ¥•Crazy CarrotğŸ¥•,https://imgur.com/a/5nQSHAQ,Auto Gunner,Siege
,170,3031200,From Asia,https://imgur.com/a/X3Mq27R,Auto Gunner,Siege
,171,3027022,rela ğŸ£,https://imgur.com/gallery/hSmPIVC,Fighter,Portal Mothership
,172,3019650,ğ”,https://imgur.com/a/xvroTMq,Machine Gunner,Siege
,173,3017739,edamameã¨ã„ãµäºº,https://imgur.com/a/DjRjkgH,Factory,Siege
,174,3016712,O'Chunks,https://imgur.com/gallery/oPHi75b,Ordnance,Siege
,175,3011868,Jackson,https://imgur.com/a/ys6X5sF,Minigun,Siege
,176,3005404,Silvite,https://imgur.com/a/4Ua4nQZ,Factory,Siege
,177,3003249,ğ”,https://imgur.com/a/eyar59f,Triplet,Siege
,178,3000810,Levitate,https://imgur.com/a/aUfGGZJ,Factory,Siege
,179,2990547,Jackson,https://imgur.com/a/u1lOGOn,Septa Trapper,Siege
,180,2987666,WL9,https://imgur.com/gallery/vFcNzOP,Destroyer,Teamer Maze
,181,2975910,Quad,https://i.imgur.com/H4iWsDm.png,Factory,Siege
,182,2950890,Thing,https://imgur.com/a/0bIKn9L,Overlord,Domination
,183,2949349,pancake,https://imgur.com/a/bQ5xyZO,Factory,Siege
,184,2947084,duc,https://media.discordapp.net/attachments/395646588682240020/812712436255162388/unknown.png,Spike,Portal Mothership
,185,2938956,Awootube,https://imgur.com/a/aUXAX6Q,Factory,Siege
,186,2934789,Mine,https://imgur.com/a/5gb2YOt,Auto Gunner,Siege
,187,2934044,Marcus,https://imgur.com/a/DLjxSZD,Annihilator,Soccer
,188,2929080,DevÎ±,https://imgur.com/a/3IjmvDQ,Auto Builder,Portal Mothership
,189,2928717,Mine,https://imgur.com/a/pW3oCk8,Factory,Siege
,190,2926418,o_o,https://ibb.co/NZqvLLv,Factory,Siege
,191,2904320,O'Chunks,https://imgur.com/gallery/zC4EZGt,Shotgun,Siege
,192,2903517,evil isopod,https://media.discordapp.net/attachments/928174021592383489/970229810460774430/unknown.png?width=1164&height=655,Overseer,Assault
,193,2898313,[LK],https://imgur.com/a/qtCgt0v,Overdrive,Domination
,194,2886895,Damocles,http://imgur.com/a/PfaTkbc,Cyclone,Domination
,195,2886662,Thing,https://imgur.com/a/3rOQJC7,Factory,Siege
,196,2880640,WL9,https://imgur.com/gallery/agqRW87,Overseer,Soccer
,197,2852738,baking soda,https://imgur.com/PvvbqT5,Manager,Soccer
,198,2843840,Micckey ğŸ˜,https://imgur.com/gallery/OO25gY7,Factory,Siege
,199,2831382,poui,https://imgur.com/a/hrGcFZU,Mortar,Siege
,200,2813597,ğ”,https://imgur.com/a/LWS5kkE,Auto-5,Siege
,201,2807596,Jackson,https://imgur.com/a/tfSobv3,Phoenix,Siege
,202,2802865,Thing,https://imgur.com/a/oCM9piB,Overlord,Tag
,203,2802282,poui,https://imgur.com/a/beWSYVb,Barricade,Siege
,204,2796959,DBM,https://imgur.com/a/npRzXud,Factory,Siege
,205,2791577,poui,https://imgur.com/a/k316iUE,Auto Spawner,Siege
,206,2780889,O'Chunks,https://imgur.com/gallery/BqhBI9u,Beekeeper,Siege
,207,2761990,Awootube,https://imgur.com/a/m6LB3nD,Factory,Siege
,208,2760408,Cipher,https://imgur.com/a/6uufYis,Auto Smasher,Portal Mothership
,209,2750306,10,https://youtu.be/BlYCsewG1wg,Auto Gunner,Siege
,210,2746095,Jackson,https://imgur.com/gallery/mS1YzSv,Spreadshot,Siege
,211,2744028,âš” ExistenceğŸŒ™,https://imgur.com/a/bRVsxXO,Factory,Siege
,212,2743750,WL9,https://cdn.discordapp.com/attachments/787277183411290124/874797236859584592/screenshot_-_2021-08-10T140937.557.png,Factory,Siege
,213,2717576,Awootube,https://ibb.co/GCcNQrc,Factory,Siege
,214,2716642,Micckey ğŸ˜,https://imgur.com/gallery/5PDhFRC,Auto Overseer,Assault
,215,2708653,69,https://imgur.com/a/yWK7hMu,Gunner,Siege
,215,2708653,69,https://imgur.com/a/rNVlplC,Gunner,Siege
,217,2691419,ğ”,https://imgur.com/a/CpTJW7h,Octo Tank,Siege
,218,2683879,Jackson,https://imgur.com/gallery/noPY8Nh,Sprayer,Siege
,219,2673253,â˜†,https://imgur.com/a/2ebEO0C,Overlord,Portal Mothership
,220,2671311,geometrically dominated,https://imgur.com/a/vCIXCJM,Machine Gun,Siege
,221,2659330,Corrupt Y,https://imgur.com/a/yXPri9l,Conqueror,Teamer Maze
,222,2652239,Zeo'Xe,https://imgur.com/a/mecJ6Lq,Overlord,Tag
,223,2651491,Jackson,https://imgur.com/a/XrUs2ln,Dual,Siege
,224,2638051,Jackson,https://imgur.com/a/Df8w9iI,Carrier,Siege
,225,2629667,Micckey ğŸ˜,https://imgur.com/gallery/K9eRyUT,Factory,Siege
,226,2622683,solarized (mobile),https://imgur.com/gallery/sX32Q85,Factory,Siege
,227,2612508,O'Chunks,https://imgur.com/gallery/hQZUt0I,Triple Twin,Siege
,228,2608135,Jackson,https://imgur.com/a/mfi9d9T,Field Gun,Siege
,229,2606900,ThunderFlame,https://imgur.com/a/5XcPlYz,Factory,Siege
,230,2603751,ThunderFlame,https://imgur.com/a/oqelvI6,Penta Shot,Siege
,231,2603741,edamameã¨ã„ãµäºº,https://imgur.com/a/FozGupy,Streamliner,Siege
,232,2603431,Solarized (mobile),https://imgur.com/gallery/CO7NnbJ,Factory,Siege
,233,2595872,ğ”,https://imgur.com/a/uCjufjJ,Predator,Siege
,234,2594148,ğŸ¥•Crazy CarrotğŸ¥•,https://imgur.com/a/k5wuqX2,Auto Overseer,Domination
,235,2591117,WL9,https://imgur.com/a/11Md41L,Auto Spawner,Siege
,236,2566489,Jackson,https://imgur.com/gallery/Z8jCJxZ,Auto Gunner,Siege
,237,2553686,Thing,https://media.discordapp.net/attachments/395646588682240020/810541377536000020/screenshot_-_2021-02-13T213553.png,Auto Gunner,Siege
,238,2549088,KSK,https://imgur.com/gallery/gcuP2gG,Factory,Siege
,239,2540654,Thing,https://media.discordapp.net/attachments/709618749250207745/835345197021790238/screenshot_-_2021-04-23T210537.416.png,Factory,Siege
,240,2531540,ğ”,https://imgur.com/a/rnqy3JL,Beekeeper,Siege
,241,2530634,Zeo'Xe,https://imgur.com/a/iIzDmKS,Overlord,Soccer
,242,2528015,WL9,https://imgur.com/gallery/YAo3nEr,Builder,Siege
,243,2516062,Quad,https://imgur.com/a/gwCSwOs,Fighter,Siege
,244,2500584,ğŸŒ¨ï¸ DeepFreeze â„ï¸,https://imgur.com/a/NL2S8xx,Factory,Siege
,245,2498950,ğŸ¥•Crazy CarrotğŸ¥•,https://imgur.com/a/x4asnqq,Overlord,Soccer
,246,2495297,Askatasuna,https://imgur.com/a/oXKMjRL,Factory,Siege
,247,2494931,ğ”,https://imgur.com/a/jx5o57x,Shotgun,Siege
,248,2489204,69,https://imgur.com/a/RoiTpqW,Auto-Assassin,Soccer
,249,2486432,Mine,https://imgur.com/a/ufE4iFA,Auto Overseer,Teamer Maze
,250,2484398,Mine,https://imgur.com/a/54g6QBv,Bushwhacker,Portal Mothership
,251,2483839,ğŸŒ¨ï¸ DeepFreeze â„ï¸,https://imgur.com/a/xQbm92i,Factory,Siege
,252,2473555,baking soda,https://i.imgur.com/RaFrpe1.png,Factory,Siege
,253,2471551,WL9,https://i.imgur.com/U3OBXN0.png,Streamliner,Siege
,254,2468493,pool noodle,https://imgur.com/a/ufbqUXn,Sniper,Domination
,255,2451605,69,https://imgur.com/a/djnkHp3,Factory,Siege
,256,2449216,Yusuf 100,https://imgur.com/gallery/cCI0ihN,Auto Overseer,Domination
,257,2446239,a letter a,https://imgur.com/a/jRACkrN,Auto-5,Teamer Maze
,258,2441539,ğ”,https://imgur.com/a/XQaUnrM,Auto Spawner,Siege
,259,2440328,ğ”,https://imgur.com/a/ABjO5VA,Hexa Trapper,Siege
,260,2439521,jah,https://imgur.com/a/Kl5GMcP,Single,Portal Mothership
,261,2434214,Jackson,https://imgur.com/gallery/SqdHTxs,Machine Gunner,Siege
,262,2433786,O'Chunks,https://imgur.com/gallery/EOSmrCy,Manager,Siege
,263,2432600,From Asia,https://imgur.com/a/X25frP1,Surfer,Portal Mothership
,264,2432037,Damocles,https://imgur.com/a/rqlTqoA,Septa Trapper,Space TDM
,265,2431042,WL9,https://imgur.com/a/BmkTrJ8,Factory,Siege
,266,2429395,Jackson,https://imgur.com/a/d0nBwgz,Trap Guard,Tag
,267,2428084,ğ”,https://imgur.com/a/yvtiewo,Sprayer,Siege
,268,2427763,Micckey ğŸ˜,https://imgur.com/gallery/DPxnc0W,Factory,Siege
,269,2424656,Die?,https://imgur.com/gallery/VlI7l9W,Auto Double,Domination
,270,2424554,ğ”,https://imgur.com/a/l3cS4uo,Machine Gunner,Siege
,271,2422457,ğ”,https://imgur.com/a/bdPxCC3,Trapper,Siege
,272,2413990,ExC,https://imgur.com/a/Z8vMNaT,Overlord,Assault
,273,2413640,CrimsonAsItIs,https://imgur.com/gallery/Tb1lm36,Commander,Teamer Maze
,274,2410180,Thing,https://imgur.com/a/1PfqG50,Predator,Assault
,275,2409173,ğ”,https://imgur.com/a/lgMue9S,Factory,Siege
,276,2407633,ğŸ¥•Crazy CarrotğŸ¥•,https://imgur.com/a/ZU6pFKU,Overlord,Assault
,277,2402549,Varun,https://imgur.com/a/xUCk6J0,Overlord,Domination
,278,2400368,Jackson,https://imgur.com/a/O6jdijP,Auto Cruiser,Siege
,279,2395519,Cipher,https://imgur.com/a/1WKHzTK,Auto-5,Portal Mothership
,280,2391716,ğŸ¥•Crazy CarrotğŸ¥•,https://media.discordapp.net/attachments/579412094986878976/862816593490870272/screenshot_20.png?,Auto Spawner,Siege
,281,2387983,ğ”,https://imgur.com/a/Ocb842b,Auto Double,Siege
,282,2386886,duc,https://media.discordapp.net/attachments/731498658276835398/819565468355526676/unknown.png,Old Healer,Siege
,283,2384115,ğ”,https://imgur.com/a/a1UVzKU,Overlord,Siege
,284,2380526,Zeo'Xe,https://imgur.com/a/0GzFK3y,Overlord,Tag
,285,2378995,ğŸ¥•Crazy CarrotğŸ¥•,https://media.discordapp.net/attachments/579412094986878976/862278336133464075/screenshot_4.png?,Factory,Siege
,286,2373227,Î¹Î±,https://imgur.com/gallery/zXAr6vy,Overlord,Soccer
,287,2373014,Mine,https://imgur.com/a/J777BRi,Factory,Siege
,288,2359815,69,https://imgur.com/a/zBVHOle,Twin,Siege
,289,2359797,O'Chunks,https://imgur.com/gallery/VE7ui5O,Swarmer,Siege
,290,2355284,From Asia,https://imgur.com/a/MlfijwB,Factory,Siege
,291,2354508,WL9,https://imgur.com/a/oECdf59,Spawner,Siege
,292,2348427,you tried â˜†,https://imgur.com/a/PU5TPum,Battleship,Soccer
,293,2340325,Zeo'Xe,https://imgur.com/a/u5Zigsh,Overdrive,Portal Mothership
,294,2337798,WL9,https://imgur.com/gallery/Im88Nij,Factory,Siege
,295,2330107,CX has cute feet,https://imgur.com/a/2EUNyxi,Nailgun,Siege
,296,2328251,ExC,https://imgur.com/a/ygoJSob,Octo Tank,Tag
,297,2323065,Necropio,https://imgur.com/a/CXnbjNz,Crop Duster,Portal Mothership
,298,2308436,geometrically dominated,https://imgur.com/a/z5JJAyi,Pounder,Siege
,299,2307941,Thing,https://media.discordapp.net/attachments/709618749250207745/835345217967882290/screenshot_-_2021-04-23T215101.538.png,Factory,Siege
,300,2307685,DevÎ±,https://imgur.com/a/KpF597b,Engineer,Portal Mothership
,301,2307218,Road,https://dl.airtable.com/1Z3dbHbxRUufBZbs0oiB_unknown.png,Annihilator,Domination
,302,2304602,âš” ExistenceğŸŒ™,https://imgur.com/a/ijezKr7,Factory,Siege
,303,2303230,Jackson,https://imgur.com/gallery/gNle4oH,Gunner,Siege
,304,2301938,ğ”,https://imgur.com/a/tKSnY2l,Skimmer,Siege
,305,2300022,Jackson,https://imgur.com/a/LhxAJlZ,Crop Duster,Siege
,306,2299322,Candy,https://dl.airtable.com/lzn5QnFJSAx1YULoE3ce_unknown.png,Bushwhacker,Domination
,307,2298411,69,https://imgur.com/a/vuSuivx,Engineer,Siege
,308,2296447,Î¹Î±,https://imgur.com/gallery/qfgCbH6,Overlord,Assault
,309,2292207,Jackson,https://imgur.com/a/WeSyyxP,Director,Siege
,310,2292138,ğ”,https://imgur.com/a/BJlROY9,Machine Gunner,Siege
,311,2288887,O'Chunks,https://imgur.com/gallery/p74kxju,Hybrid,Siege
,312,2287180,geometrically dominated,https://imgur.com/a/8SY3yvC,Triple Twin,Siege
,313,2285096,Awootube,https://imgur.com/a/q5ODc1V,Factory,Siege
,314,2280952,Jackson,https://imgur.com/a/5l8Stvn,Machine Gun,Siege
,315,2272399,ğ”,https://imgur.com/a/xSRvaZ2,Machine Gun,Siege
,316,2271822,Eternity,https://imgur.com/a/tYYOLiJ,Trap Guard,Teamer Maze
,317,2271058,Zeo'Xe,https://imgur.com/a/RTXpiTd,Overlord,Space TDM
,318,2270498,â˜ ÊŸá´€É¢ Ğ¼á´€sÑ‚á´‡Ê€â˜ ,https://imgur.com/a/2FmY1RJ,Factory,Siege
,319,2268246,poui,https://imgur.com/a/5bXHMLC,Constructor,Soccer
,320,2265774,hexagone,https://imgur.com/a/hv8UKmO,Factory,Siege
,321,2262749,69,https://imgur.com/a/0lX8JOl,Streamliner,Siege
,322,2262564,O'Chunks,https://imgur.com/gallery/Km1QfqR,Artillery,Siege
,323,2260102,ğ”,https://imgur.com/a/GeRukdy,Triple Twin,Siege
,324,2255301,Jackson,https://imgur.com/gallery/H5we6XL,Penta Shot,Siege
,325,2252782,Sei,https://imgur.com/a/yzNYrfO,Destroyer,Siege
,326,2250097,10,https://youtu.be/CBZC7oPZ-II,Penta Shot,Siege
,327,2235634,Obssesion,https://imgur.com/a/jSvsogs,Landmine,Portal Mothership
,328,2234585,Thing,https://imgur.com/a/tZ0u3ld,Factory,Siege
,329,2231354,PaNcAkEğŸ¥,https://imgur.com/a/nfk1hWz,Factory,Siege
,330,2230997,Jackson,https://imgur.com/a/ZiixilQ,Booster,Siege
,331,2229679,ğŸ¥•Crazy CarrotğŸ¥•,https://imgur.com/a/9AWUhb2,Overdrive,Soccer
,332,2227800,O'Chunks,https://imgur.com/gallery/JGemXeb,Launcher,Siege
,333,2222213,Jackson,https://imgur.com/a/XpbyBsn,Poacher,Siege
,334,2221086,ğ”,https://imgur.com/a/66GaAHv,Auto Gunner,Siege
,335,2220562,ğ”,https://imgur.com/a/yeqlQkH,Hybrid,Siege
,336,2220076,ğ”,https://imgur.com/a/2XiMeiP,Single,Siege
,337,2217500,ğŸ¥•Crazy CarrotğŸ¥•,https://imgur.com/a/9AWUhb2,Auto Overseer,Soccer
,338,2215245,Jackson,https://imgur.com/a/UAtCqTj,Tri-Angle,Siege
,339,2213165,Nothingness,https://imgur.com/a/oLmycnf,Trap Guard,Siege
,340,2212268,ğ”,https://imgur.com/a/0tU96CA,Auto-4,Siege
,341,2210321,crong,https://imgur.com/a/sUjbNUK,Banshee,Domination
,342,2202963,Jackson,https://imgur.com/a/3lIGoOx,Predator,Siege
,343,2197801,Mine,https://imgur.com/a/CdnOVIN,Auto Gunner,Siege
,344,2197519,Silk,https://imgur.com/a/7tXZtf5,Spike,Domination
,345,2196580,Jackson,https://imgur.com/a/pGpUMmE,Double Twin,Siege
,346,2195832,Anto,https://imgur.com/a/huuoNQ6,Battleship,Portal Mothership
,347,2193960,ğ”,https://imgur.com/a/P1T6MGS,Auto-Assassin,Siege
,348,2192735,ğŸ¥•Crazy CarrotğŸ¥•,https://imgur.com/a/on8xGOE,Overlord,Soccer
,349,2192039,WL9,https://cdn.discordapp.com/attachments/718244128743227422/870864952544596008/screenshot_-_2021-07-30T230405.706.png,Factory,Siege
,350,2191563,From Asia,https://imgur.com/a/wiVoq2J,Manager,Portal Mothership
,351,2188013,Damocles,https://imgur.com/a/4skX1iL,Overdrive,Tag
,352,2185021,ğŸ¥•Crazy CarrotğŸ¥•,https://imgur.com/a/5nQSHAQ,Factory,Siege
,353,2181979,Î¹Î±,https://imgur.com/gallery/l2UXzyI,Factory,Siege
,354,2179991,69,https://imgur.com/a/U299xZn,Hybrid,Portal Mothership
,355,2179583,Mine,https://imgur.com/a/zUuG2y1,Factory,Siege
,356,2177221,Vinh HD,https://imgur.com/a/ZPknDqI,Auto-5,Teamer Maze
,357,2171640,ğ”,https://imgur.com/a/dcCKGVB,Sprayer,Siege
,358,2170666,[LK],https://imgur.com/a/GIYQNvA,Fighter,Portal Mothership
,359,2168932,Broskiwastaken/Salute,https://imgur.com/a/nZZ2F6W,Overlord,Soccer
,360,2159049,ğ”,https://imgur.com/a/jKjTOUS,Artillery,Siege
,361,2152962,â± â‚³â‚£â›SKULLRACER,https://imgur.com/IOp2aYp,Factory,Siege
,362,2146535,Road,https://dl.airtable.com/85SHpcVTFeXirBdCxozi_AHmF5rI.png,Annihilator,Domination
,363,2144895,Anto,https://imgur.com/a/7qSaU2c,Factory,Siege
,364,2144023,DevÎ±,https://imgur.com/a/w4qXGTd,Ordnance,Portal Mothership
,365,2142048,Awootube,https://imgur.com/a/bmck3bb,Machine Gunner,Siege
,366,2135596,Jackson,https://imgur.com/a/yD0aktS,Gunner Trapper,Soccer
,367,2131866,ğŸ¥•Crazy CarrotğŸ¥•,https://imgur.com/a/wMqdngc,Twin,Portal Mothership
,368,2128005,Jackson,https://imgur.com/a/YOInOa3,Bent Double,Siege
,369,2127291,Arctic,https://imgur.com/a/zHE40NT,Machine Gunner,Siege
,370,2125742,WL9,https://cdn.discordapp.com/attachments/804848075813158944/864914201465978930/screenshot_-_2021-07-14T130005.250.png,Factory,Siege
,371,2125615,â˜¯Dark Karmaãƒ„,https://imgur.com/a/4wXyWz6,Auto Overseer,Domination
,372,2117192,ğŸ¥•Crazy CarrotğŸ¥•,https://imgur.com/a/E0t4G4y,Overlord,Assault
,373,2116496,69,https://imgur.com/a/PQ3ZNWI,Overlord,Assault
,374,2112841,jsohi,https://imgur.com/gallery/JddtZhT,Ordnance,Tag
,375,2111948,Silk,https://imgur.com/a/GsdFCZo,Hybrid,Tag
,376,2106316,Catto,https://imgur.com/a/60EWQHr,Factory,Siege
,377,2101925,ğ”,https://imgur.com/a/nsYCrBC,Auto 3,Siege
,378,2099822,Thing,https://imgur.com/a/e1sttnh,Big Cheese,Assault
,379,2098608,DevÎ±,https://imgur.com/a/z4twbL2,Auto-Assassin,Portal Mothership
,380,2095900,ğ”,https://imgur.com/a/iDVhjQj,Fighter,Siege
,381,2095757,Jackson,https://imgur.com/gallery/rpE6aAc,Auto Spawner,Siege
,382,2092771,69,https://imgur.com/a/AQLrGw2,Banshee,Siege
,383,2086884,Mr. Farmz,https://dl.airtable.com/GpXtxBBSkqHZdbPWEvZN_20180520_172921.png,Falcon,Domination
,384,2083357,âš” ExistenceğŸŒ™,https://imgur.com/a/DNPuT02,Factory,Siege
,385,2082005,uhhh ._.,https://imgur.com/a/ZtLUyXn,Auto Gunner,Siege
,386,2077949,jugg,https://cdn.discordapp.com/attachments/820581302738747422/831717923696541746/screenshot-3604.png,Old Healer,Siege
,387,2076426,iiceheart,https://imgur.com/a/LLerT6i,Mega Smasher,Portal Mothership
,388,2075134,Catto,https://imgur.com/a/0bPXn3K,Ordnance,Siege
,389,2074367,geometrically dominated,https://imgur.com/a/Ob2KIqK,Twin,Siege
,390,2072220,Thx m8,https://cdn.discordapp.com/attachments/747714118118670378/779182920857419806/screenshot_78.png,Surfer,Portal Mothership
,391,2071801,ğ”,https://imgur.com/a/6gLYP0A,Swarmer,Portal Mothership
,392,2071419,Mine,https://imgur.com/a/Cl8C6og,Factory,Siege
,393,2070672,[LK],https://imgur.com/a/uT8A7HK,Director,Soccer
,394,2066696,Micckey ğŸ˜,https://imgur.com/gallery/XTP3cf7,Overlord,Teamer Maze
,395,2065341,Typexleta,https://imgur.com/a/iXRGdf4,Carrier,Domination
,396,2057568,ğ”,https://imgur.com/a/NfnrZku,Factory,Siege
,397,2055410,Jackson,https://imgur.com/a/WyxoBGO,Triple Twin,Siege
,398,2053549,Cipher,https://imgur.com/a/uHOjtlo,Bent Hybrid,Portal Mothership
,399,2051277,jugg,https://cdn.discordapp.com/attachments/849539724246253577/850896240039559209/image0.png,Old Healer,Siege
,400,2049002,[MG] Spin2Team,https://cdn.discordapp.com/attachments/557386978782609428/821089912954552340/screenshot_-_2021-03-15T113151.924.png,Destroyer,Portal Mothership
,401,2048923,Askatasuna,https://imgur.com/a/DGTeD8K,Spawner,Siege
,402,2048259,heisen,https://imgur.com/a/3lHKuQo,Factory,Assault
,403,2047600,Mine,https://imgur.com/a/MrU0pxG,Machine Gunner,Siege
,404,2043254,CrimsonAsItIs,https://imgur.com/gallery/2QNrAco,Crossbow,Domination
,405,2042449,Awootube,https://ibb.co/YWJDHbr,Factory,Siege
,406,2041634,Anto,https://imgur.com/a/lMcaUWZ,Shotgun,Portal Mothership
,407,2027652,Zeo'Xe,https://imgur.com/a/HVFrfe3,Annihilator,Tag
,408,2026085,ğ”,https://imgur.com/a/JZuSdiY,Swarmer,Siege
,409,2024986,Nguyen,https://imgur.com/a/f6bDFJK,Predator,Portal Mothership
,410,2020555,âœ  Purifier!,https://imgur.com/a/dU1uCzD,Overlord,Domination
,411,2019814,10,https://youtu.be/fu0aXQ4BpVw,Hewn Double,Siege
,412,2017790,Phoenix,https://cdn.discordapp.com/attachments/395646588682240020/519513163528536065/2.017_mil_disconnected_destroyer_4tdm_dom.png,Destroyer,Domination
,413,2015550,O'Chunks,https://imgur.com/gallery/1L9IasC,Constructor,Portal Mothership
,414,2013535,Jackson,https://imgur.com/a/X7ZJ1Q3,Big Cheese,Domination
,415,2013065,Awootube,https://imgur.com/a/R6mdZdI,Auto Gunner,Siege
,416,2012404,Thing,https://imgur.com/a/9gW4nzr,Annihilator,Domination
,417,2011830,Anto,https://imgur.com/a/rBRipRr,Factory,Siege
,418,2011762,Awootube,https://imgur.com/a/UpiizG1,Predator,Domination
,419,2011664,Thing,https://imgur.com/a/esoTQ5S,Nailgun,Assault
,420,2011410,Awootube,https://imgur.com/a/dyi7kcM,Auto Overseer,Domination
,421,2009749,ThunderFlame,https://imgur.com/a/j21xQBf,Spreadshot,Siege
,422,2008677,WL9,https://imgur.com/gallery/YfgaMM6,Annihilator,Siege
,423,2008502,ğ”,https://imgur.com/a/xcrZe7M,Triple Twin,Siege
,424,2008175,Dog Of Wisdom,https://imgur.com/a/fo5NWuy,Factory,Siege
,425,2006086,Legenda,https://imgur.com/a/s0RbxrQ,Falcon,Teamer Maze
,426,2005019,ğ”,https://imgur.com/a/nOW39lz,Auto Gunner,Siege
,427,2003659,Asriel,http://imgur.com/a/G25Uanv,Annihilator,Portal Mothership
,428,2003640,Medical Surgeon Unit,https://imgur.com/a/BsUWxqS,Basic,Siege
,429,2001341,Jbad15,https://imgur.com/a/ZB3U0w9,Overdrive,Domination
,430,2001294,ğ”,https://imgur.com/a/OMougoc,Factory,Siege
,431,2000915,Jackson,https://imgur.com/gallery/ph9gPqa,Streamliner,Siege
,432,2000815,O'Chunks,https://imgur.com/a/PTYk3l0,Minigun,Siege
,433,2000781,Jackson,https://imgur.com/gallery/2VrP7vQ,Factory,Siege
,434,2000642,Smiley,https://imgur.com/a/re4a1pN,Triple Shot,Siege
,435,2000000,ğ”,https://imgur.com/a/BC21LG0,Booster,Siege