,,Legacy Arras Scores,,,,,"This is for HAS scores that were done when certain tanks were once overpowered. This was made to keep the regular HAS up to date. Made by bottle, Redchicken, and Road."
CellImage,Rank,Score,Name,Proof,Tank,Game Mode,
,1,12345678,evil isopod,https://imgur.com/a/7b0FnkI,Predator,Squads,
,2,10070753,Stradpult,https://imgur.com/gallery/uljVxNX,Fighter,FFA,
,3,9676123,Corrupt Y,https://imgur.com/a/NkT8bdn,Spawner,2TDM,
,4,9586016,Stradpult,https://imgur.com/gallery/oH1wsYj,Auto-5,FFA,
,5,9340186,4m,https://imgur.com/gallery/FHxsqvn,Artillery,FFA,
,6,9101585,ExC,https://imgur.com/a/gMCl59z,Surfer,Open TDM,
,7,8708932,Stradpult,https://imgur.com/gallery/wVINCNQ,Surfer,FFA,
,8,8398505,bean,https://imgur.com/a/fl82NLN,Fighter,4TDM,
,9,8344968,Crown the √ñ.,https://imgur.com/a/un0HoEd,Mega Smasher,4TDM,
,10,8152846,ExC,https://imgur.com/a/dLvBQfH,Fighter,FFA,
,11,8102741,Corrupt X,https://imgur.com/a/gMw8tR8,Surfer,Portal 4TDM,
,12,7407179,Stradpult,https://media.discordapp.net/attachments/454578417745133580/579267259894333440/unknown.png,Fighter,FFA,
,13,7403118,Stradpult,https://imgur.com/gallery/NPw1Hfj,Surfer,FFA,
,14,7386278,ExC,https://imgur.com/a/Ckq7LeM,Bomber,FFA,
,15,7355346,Damocles,https://imgur.com/a/p2g4PTm,Mortar,2TDM,
,16,7275547,Stradpult,https://imgur.com/gallery/I3ip2El,Fighter,FFA,
,17,7246079,evil isopod,https://imgur.com/a/8mnE7oY,Fighter,4TDM,
,18,7049661,Tommy,https://cdn.discordapp.com/attachments/801013894805323808/836523024157114468/screenshot_-_2021-04-27T103734.192.png,Fighter,FFA,
,19,7036500,Mr.Hacker YT,https://imgur.com/gallery/qaDDl7S,Auto Spawner,2TDM,
,20,6464122,Oganesson 118,https://imgur.com/gallery/kDahSw9,Artillery,FFA,
,21,6394587,S3CR3T,https://imgur.com/a/0bfbeB0,Auto Double,FFA,
,22,6364544,Ender,https://cdn.discordapp.com/attachments/803352420117774377/838126391399546890/screenshot_-_2021-05-01T205348.267.png,Surfer,FFA,
,23,6238045,Mr.Chemistry,https://media.discordapp.net/attachments/706921138105877056/808789368629231716/screenshot_-_2021-02-09T150000.041.png,Auto Smasher,4TDM,
,24,6182280,baking soda,https://imgur.com/gallery/pRIEqVc,Landmine,4TDM,
,25,6157892,pedal,https://imgur.com/a/lf5rE4J,Surfer,Squads,
,26,6136390,ü•ïCrazy Carrotü•ï,https://imgur.com/a/0oxXUPw,Fighter,FFA,
,27,6059703,Tommy,https://imgur.com/a/PtTnRvJ,Auto Tri-Angle,FFA,
,28,6046829,[LK],https://imgur.com/a/UIvRyJo,Ordnance,FFA,
,29,6042764,eneri,https://imgur.com/a/JkqXh6U?,Bomber,FFA,
,30,6038482,Jms,https://imgur.com/a/4mgUw8s,Auto Tri-Angle,FFA,
,31,6018041,Roman,https://imgur.com/a/aaqQ4C9,Surfer,FFA,
,32,6012132,Stradpult,https://media.discordapp.net/attachments/454578417745133580/819296181259075594/unknown.png,Surfer,FFA,
,33,6010034,rela üê£,https://imgur.com/gallery/s7bkCCe,Fighter,2TDM,
,34,5995452,Mr.Chemistry,https://imgur.com/a/ReKmkEM,Fighter,Open TDM,
,35,5991794,Mr.Chemistry,https://imgur.com/a/tDAQxoD,Mega Smasher,4TDM,
,36,5979885,Rog456,https://imgur.com/a/ccRh01y,Mega Smasher,Maze 4TDM,
,37,5940513,EB,https://imgur.com/a/GKz66tO,Artillery,4TDM,
,38,5918073,Icewalk,https://imgur.com/gallery/QzKjpRN,Hunter,4TDM,
,39,5887844,Stradpult,https://media.discordapp.net/attachments/454578417745133580/792779223999184906/unknown.png,Surfer,FFA,
,40,5831070,S3CR3T,https://cdn.discordapp.com/attachments/395646588682240020/596324341415804938/Kepernyofelvetel_50.png,Mortar,FFA,
,41,5825518,Sonic -_-,https://imgur.com/gallery/OskzDDa,Mega Smasher,4TDM,
,42,5787446,evil isopod,https://imgur.com/a/lmVyHqu,Fighter,Squads,
,43,5781095,evil isopod,https://imgur.com/a/pmHJqj8,Fighter,2TDM,
,44,5690869,Corrupt X,https://imgur.com/a/n456zbl,Hunter,4TDM,
,45,5643728,Mr.Chemistry,https://imgur.com/a/73pz0Gb,Landmine,4TDM,
,46,5638192,Corrupt X,https://www.youtube.com/watch?v=RVB-tWpv0Ro,Mortar,Maze 4TDM,
,47,5596205,Smiley,https://imgur.com/a/Tio3ewq,Auto Tri-Angle,FFA,
,48,5595985,ExC,https://cdn.discordapp.com/attachments/395646588682240020/837003526529744926/Screenshot_942.png,Fighter,2TDM,
,49,5594437,Roman,https://imgur.com/a/XcYlRBH,Booster,FFA,
,50,5495967,S3CR3T,https://cdn.discordapp.com/attachments/395646588682240020/673554637495992320/Kepernyofelvetel_134.png,Mortar,FFA,
,51,5475708,ExC,https://imgur.com/a/5LctQUy,Fighter,2TDM,
,52,5451550,Legenda,https://imgur.com/a/C1QrtmX,Fighter,2TDM,
,53,5333742,Damocles,https://imgur.com/a/u8Htxks,Engineer,Portal 4TDM,
,54,5325571,evil isopod,https://imgur.com/a/jg7z7Jy,Auto-5,Squads,
,55,5324842,Stradpult,https://imgur.com/gallery/x1DyvFb,Fighter,FFA,
,56,5295233,baking soda,https://i.imgur.com/vez5L3p.png,Fighter,FFA,
,57,5294921,ExC,https://imgur.com/gallery/9fK5pUE,Fighter,4TDM,
,58,5282002,Zeo'Xe,https://imgur.com/a/48tSSqc,Auto Tri-Angle,FFA,
,59,5198968,Myst,https://imgur.com/a/8sd5dU2,Fighter,4TDM,
,60,5194435,Stradpult,https://media.discordapp.net/attachments/454578417745133580/816691830765649971/unknown.png,Surfer,FFA,
,61,5156364,Jms,https://imgur.com/a/M1Gvl9m,Surfer,FFA,
,62,5141118,evil isopod,https://media.discordapp.net/attachments/803352420117774377/820633518097825802/screenshot_-_2021-03-14T082246.294.png,Fighter,FFA,
,63,5130382,rela üê£,https://media.discordapp.net/attachments/725995383800594488/834652104111030312/unknown.png,Fighter,Squads,
,64,5111390,pedal,https://imgur.com/a/M2qlgMk,Fighter,FFA,
,65,5077858,Stradpult,https://imgur.com/gallery/tNkmW3K,Surfer,FFA,
,66,5074956,Ditine,https://imgur.com/a/3fMhwhm,Predator,Squads,
,67,5073778,Rog456,https://imgur.com/a/vnhnD7h,Mega Smasher,FFA,
,68,5054356,noscore,https://imgur.com/gallery/BU63NCs,Ordnance,Duos,
,69,5040753,Stradpult,https://media.discordapp.net/attachments/454578417745133580/587246088541700117/unknown.png,Fighter,FFA,
,70,5033736,Tommy,https://imgur.com/a/H3VWBQ0,Auto Tri-Angle,4TDM,
,71,5033667,safuez,https://imgur.com/gallery/gEcZwW0,Bomber,Squads,
,72,5030990,Stradpult,https://imgur.com/gallery/YmbevKC,Booster,FFA,
,73,5019597,eel,https://ibb.co/album/ZdgRCj,Bomber,Portal 4TDM,
,74,5019259,hi,https://imgur.com/a/07h0s0h,Surfer,2TDM,
,75,5005473,Stradpult,https://imgur.com/gallery/y1ERvRO,Fighter,FFA,
,76,5002799,Damocles,https://imgur.com/a/EOU9Zv6,Mega Smasher,FFA,
,77,4991929,Reflection,https://imgur.com/a/UWRW0wn,Mega Smasher,FFA,
,78,4969541,Tommy,https://imgur.com/a/uLiTe9o,Booster,4TDM,
,79,4958491,Oganesson 118,https://imgur.com/gallery/57syBrP,Fighter,FFA,
,80,4950701,Quad,https://youtu.be/g__a11wh6E0,Fighter,FFA,
,81,4945067,Oganesson 118,https://imgur.com/gallery/qwmLhxu,Artillery,FFA,
,82,4929189,pedal,https://imgur.com/a/0W9HEoD,Fighter,FFA,
,83,4925725,<‚ùÇ> ‚Ç≠«ør…áa,https://imgur.com/gallery/4PKzJQ7,Battleship,Squads,
,84,4812146,Allan,https://imgur.com/a/VitYcXq,Mega Smasher,Portal 4TDM,
,85,4801737,fortune,https://imgur.com/a/EjqwLuG,Fighter,2TDM,
,86,4764534,Rog456,https://imgur.com/gallery/yb020f2,Sidewinder,4TDM,
,87,4741377,Crown the √ñ.,https://imgur.com/a/LN7AU2G,Spike,4TDM,
,88,4733619,Damocles,http://imgur.com/a/Kp8k89q,Mega Smasher,Open TDM,
,89,4681743,Stradpult,https://media.discordapp.net/attachments/454578417745133580/587612624271966211/unknown.png,Surfer,FFA,
,90,4658620,lamita,https://imgur.com/gallery/UDGqApO,Twister,4TDM,
,91,4651131,Mr.Hacker YT,https://imgur.com/a/1TtpAdU,Auto Spawner,Squads,
,92,4642025,ùëâùì™ùì∑ùìÆùìºùìºùì™,https://imgur.com/a/msIXVHr,Booster,Portal 4TDM,
,93,4616082,Mr.Hacker YT,https://imgur.com/gallery/sTJV2Hs,Spawner,Squads,
,94,4587290,Sonic -_-,https://imgur.com/gallery/3yD4f5J,Mega Smasher,2TDM,
,95,4553514,ü•ïCrazy Carrotü•ï,https://imgur.com/a/P8MZ6sq,Fighter,FFA,
,96,4547936,Eternity,https://imgur.com/a/hLyn0Z0,Mega Smasher,2TDM,
,97,4519609,Quad,https://imgur.com/a/hgs6jlL,Fighter,Squads,
,98,4497415,Barzone,https://imgur.com/a/B7jERGo,Mega Smasher,4TDM,
,99,4489573,ASkib,https://imgur.com/a/BEKWdYP,Predator,2TDM,
,100,4484102,Tommy,https://cdn.discordapp.com/attachments/395646588682240020/847079508217036850/screenshot_44.png,Auto Tri-Angle,FFA,
,101,4481427,Quad,https://imgur.com/a/6TV2ol3,Fighter,Maze,
,102,4472759,pedal,https://imgur.com/a/upvugPG,Surfer,FFA,
,103,4471127,Corrupt Y,https://imgur.com/a/twPgSqB,Booster,4TDM,
,104,4439765,Kei üáØüáµ,http://imgur.com/gallery/gTuf8t9,Auto Tri-Angle,Open TDM,
,105,4433209,Corrupt X,https://www.youtube.com/watch?v=J4apbTosf00,Mortar,Maze 2TDM,
,106,4431674,Thing,https://imgur.com/a/Ftl35GB,Bomber,4TDM,
,107,4422564,Zeo'Xe,https://imgur.com/a/nqvjeDB,Tri-Angle,4TDM,
,108,4419426,Zeo'Xe,https://imgur.com/a/nSUQ9CU,Auto Tri-Angle,FFA,
,109,4393502,pedal,https://imgur.com/a/VeFQPkq,Surfer,4TDM,
,110,4372527,Nyrox,https://imgur.com/a/xGTluDa,Auto Tri-Angle,4TDM,
,111,4371926,4m,https://cdn.discordapp.com/attachments/623970422001500196/789080660358463488/unknown.png,Fighter,FFA,
,112,4347999,Quadruplex,https://dl.airtable.com/0O8MDFF9RmiokZdKnfZ6_Screenshot_146.png,Auto Double,FFA,
,113,4329345,ÊÆ¥„Çã„Åó„Åã„Å™„ÅÑÈ°îÈù¢,https://imgur.com/a/BzJfOhu,Twister,FFA,
,114,4325424,Stradpult,https://media.discordapp.net/attachments/250835739539931136/559374404656824342/unknown.png,Surfer,FFA,
,115,4293394,Quad,https://imgur.com/a/JnJ21lL,Bomber,Maze,
,116,4289759,Quad,https://i.imgur.com/Un6GLRH.png,Surfer,FFA,
,117,4251490,Buddy_Dog,https://imgur.com/gallery/Asrk7CD,Surfer,FFA,
,118,4236373,Legenda,https://imgur.com/a/gGp8GA6,Barricade,4TDM,
,119,4234540,ASkib,https://imgur.com/a/drlhkJ6,Poacher,4TDM,
,120,4231392,pedal,https://imgur.com/a/rumNHdF,Fighter,4TDM,
,121,4227972,rela üê£,https://media.discordapp.net/attachments/395646588682240020/725193274595344445/unknown.png,Fighter,FFA,
,122,4226953,rela üê£,https://media.discordapp.net/attachments/627059049678110741/793384133115379732/unknown.png,Fighter,Squads,
,123,4224711,Oganesson 118,https://imgur.com/gallery/4BJWBrT,Auto-5,FFA,
,124,4217201,pedal,https://imgur.com/a/TnThm8B,Fighter,Squads,
,125,4213668,crong,https://imgur.com/a/gPBzLGc,Mega Smasher,Portal 4TDM,
,126,4213009,Tommy,https://cdn.discordapp.com/attachments/788900782589870099/820607250899927040/screenshot_14.png,Surfer,FFA,
,127,4207870,Stradpult,https://imgur.com/gallery/Khl3nL4,Fighter,FFA,
,128,4206144,Playee,https://imgur.com/a/uGmBxr2,Battleship,4TDM,
,129,4204200,baking soda,https://imgur.com/gallery/29nsJsw,Skimmer,2TDM,
,130,4193541,Awootube,https://media.discordapp.net/attachments/395646588682240020/881891127987425380/4m_pred.png?,Predator,4TDM,
,131,4190547,[MG] Spin2Team,https://imgur.com/a/m1y2Lco,Smasher,4TDM,
,132,4185858,Chat Noir,https://imgur.com/a/NqApYnJ,Sidewinder,2TDM,
,133,4180899,noscore ,https://imgur.com/gallery/aB8EJze,Twister,4TDM,
,134,4171536,Tommy,https://imgur.com/a/wors7dj,Auto Tri-Angle,FFA,
,135,4151998,Quad,https://i.imgur.com/KkZvaKZ.png,Bomber,Maze,
,136,4142287,Stradpult,https://media.discordapp.net/attachments/454578417745133580/730084282273366137/unknown.png,Fighter,2TDM,
,137,4128691,ASkib,https://imgur.com/a/irh3Mma,Hunter,Portal 4TDM,
,138,4126166,ThunderFlame,https://imgur.com/a/1HX1AQA,Surfer,FFA,
,139,4114612,pedal,https://imgur.com/a/S35Lsq6,Fighter,4TDM,
,140,4107477,Stradpult,https://media.discordapp.net/attachments/454578417745133580/771463582671700048/unknown.png,Surfer,FFA,
,141,4104199,Stradpult,https://media.discordapp.net/attachments/454578417745133580/583023590056787986/unknown.png,Fighter,FFA,
,142,4104177,ü¶ÜGot Any Grapes?ü¶Ü,https://photos.app.goo.gl/mVxqXSDt9UGEH1sB6,Mega Smasher,4TDM,
,143,4100365,Quad,https://imgur.com/a/EOBwpjk,Fighter,Portal 4TDM,
,144,4094670,Thing,https://imgur.com/a/FHapEGt,Surfer,Open TDM,
,145,4075110,pedal,https://cdn.discordapp.com/attachments/395646588682240020/587689589276278792/unknown.png,Fighter,FFA,
,146,4064470,Rog456,https://imgur.com/a/3DItqnb,Surfer,2TDM,
,147,4039786,Zeo'Xe,https://imgur.com/a/78Fnc04,Booster,FFA,
,148,4032007,Alpha,https://media.discordapp.net/attachments/819987630224965662/849045865753477120/unknown.png,Fighter,4TDM,
,149,4019193,Quad,https://i.imgur.com/nB6Yfwq.png,Fighter,4TDM,
,150,4015734,Quad,https://i.imgur.com/QGnkmNK.png,Fighter,FFA,
,151,4012142,O'Chunks,https://imgur.com/gallery/EQk3JIH,Skimmer,2TDM,
,152,4007014,EB,https://imgur.com/a/BBC0lY0,Artillery,2TDM,
,153,3994933,pedal,https://imgur.com/a/pLkTL9v,Fighter,4TDM,
,154,3994383,Tommy,https://cdn.discordapp.com/attachments/395646588682240020/835144602557743144/screenshot_83.png,Fighter,4TDM,
,155,3991716,Thing,https://media.discordapp.net/attachments/687817028710826044/714157673897263194/screenshot_-_2020-05-24T124351.606.png,Surfer,4TDM,
,156,3951613,S3CR3T,https://imgur.com/a/OBsm1zn,Mortar,FFA,
,157,3934363,rela üê£,https://media.discordapp.net/attachments/725995383800594488/848428421745737748/unknown.png,Fighter,Squads,
,158,3913285,Mine,https://imgur.com/a/DUexB2x,Necromancer,Maze 2TDM,
,159,3877311,Mine,https://imgur.com/a/bKJ1Gce,Predator,4TDM,
,160,3866176,Stradpult,https://media.discordapp.net/attachments/454578417745133580/578225206967926795/unknown.png,Surfer,FFA,
,161,3864533,Mine,https://imgur.com/a/fYtLwlX,Mega Smasher,Maze 4TDM,
,162,3852971,bean,https://imgur.com/a/r3Q2Enq,Booster,Open TDM,
,163,3851308,eneri,https://imgur.com/gallery/jkAJy4O,Bomber,FFA,
,164,3850983,Smiley,https://imgur.com/a/FJEaSSz,Ordnance,Maze,
,165,3843731,DevŒ±,https://imgur.com/a/VGFyP9k,Auto Tri-Angle,Portal 4TDM,
,166,3837076,lotion,https://cdn.discordapp.com/attachments/735163788999000116/755488309484191744/image0.png,Auto Tri-Angle,FFA,
,167,3833021,pedal,https://imgur.com/a/3gMVuXG,Mega Smasher,4TDM,
,168,3831972,fortune,https://imgur.com/gallery/vMa84p1,Bomber,2TDM,
,169,3827398,DragonFiire,https://ibb.co/album/ezdn0a,Barricade,4TDM,
,170,3808512,$hortstop,https://imgur.com/a/fhdt2rg,Mortar,4TDM,
,171,3802881,ByEkc,https://imgur.com/gallery/0fX5dXQ,Fighter,4TDM,
,172,3800118,Chaos,https://imgur.com/a/XfEaBRa,Hunter,2TDM,
,173,3790112,4m,https://cdn.discordapp.com/attachments/372305400638472200/789019797408055306/unknown-19.png,Fighter,FFA,
,174,3768035,Barzone,https://imgur.com/a/Q485QKK,Smasher,4TDM,
,175,3753350,bean,https://cdn.discordapp.com/attachments/395646588682240020/713164375418077196/unknown.png,Surfer,4TDM,
,176,3746416,evil isopod,https://imgur.com/a/it1PeOJ,Fighter,FFA,
,177,3732178,Thing,https://imgur.com/a/aHy8FvX,Surfer,Squads,
,178,3724465,Chaos,https://imgur.com/a/87WXFd1,Ordnance,2TDM,
,179,3724425,Damocles,https://imgur.com/a/roCrro5,Predator,4TDM,
,180,3707271,Oganesson 118,https://media.discordapp.net/attachments/395646588682240020/595151902467948554/unknown.png?width=1165&height=655,Artillery,FFA,
,181,3705402,Ender,https://cdn.discordapp.com/attachments/790131315139543040/841961800778121246/screenshot_-_2021-05-12T105430.991.png,Surfer,4TDM,
,182,3692876,Damocles,https://imgur.com/a/3390Oei,Auto-5,4TDM,
,183,3666981,Stradpult,https://media.discordapp.net/attachments/454578417745133580/737781936994385990/unknown.png,Surfer,FFA,
,184,3650924,Mr.Chemistry,https://imgur.com/a/xzT1XLu,Fighter,Squads,
,185,3650473,bean,https://imgur.com/a/iTILuk6,Mortar,Open TDM,
,186,3648199,Broken,https://imgur.com/a/Z3gFsM5,Poacher,Maze 2TDM,
,187,3630985,DragonFiire,https://cdn.discordapp.com/attachments/395646588682240020/564879766331719691/Screenshot-2019-04-08-at-8-50-35-AM.png,Bomber,FFA,
,188,3615801,Stradpult,https://imgur.com/gallery/zLDCSNF,Necromancer,4TDM,
,189,3614899,I REAL NOOB ( VN),https://imgur.com/gallery/CxYysWt,Twister,2TDM,
,190,3581121,hi,https://cdn.discordapp.com/attachments/833448450518548492/838160560888741950/unknown.png,Fighter,Open TDM,
,191,3576787,rela üê£,https://imgur.com/gallery/PJfyBAk,Surfer,Maze,
,192,3574694,Tommy,https://cdn.discordapp.com/attachments/788900782589870099/848477993075998730/screenshot_6.png,Fighter,FFA,
,193,3568887,nata,https://imgur.com/a/TYypBZr,Auto Tri-Angle,Open TDM,
,194,3543855,pedal,https://imgur.com/a/V8Fnq9S,Mega Smasher,4TDM,
,195,3536073,hi,https://media.discordapp.net/attachments/819241632288866364/840664085729378374/unknown.png,Surfer,4TDM,
,196,3521009,Mine,https://imgur.com/a/KakASlQ,Predator,Open TDM,
,197,3514980,EB,https://imgur.com/a/5lawJzI,Artillery,Maze 4TDM,
,198,3509885,Mr.Hacker YT,https://imgur.com/gallery/4eiRbJP,Auto Spawner,Squads,
,199,3495442,eneri,https://imgur.com/gallery/t4qcHrX,Bomber,FFA,
,200,3484668,pedal,https://imgur.com/a/zJGaPDP,Mortar,2TDM,
,201,3484526,jugg,https://imgur.com/gallery/U0SCLRU,Auto Tri-Angle,Squads,
,202,3483785,Rog456,https://imgur.com/a/QXFrr4Z,Mortar,4TDM,
,203,3475502,Crazoodles,https://media.discordapp.net/attachments/718399206603227136/782347400890679316/unknown.png,Bomber,FFA,
,204,3474333,rela üê£,https://imgur.com/a/GmahjPg,Fighter,Squads,
,205,3472771,baking soda,https://imgur.com/gallery/NDyVvmS,Mega Smasher,4TDM,
,206,3472215,Quad,https://imgur.com/a/DpkQQ1m,Twister,FFA,
,207,3470190,jugg,https://cdn.discordapp.com/attachments/809658629028184065/820217183341772810/image0.png,Surfer,Squads,
,208,3455210,Stradpult,https://dl.airtable.com/FLSwOmEgTFq7TOPbgDIw_unknown.png,Auto Double,FFA,
,209,3451851,RTD,https://imgur.com/a/exfHylo,Skimmer,4TDM,
,210,3437561,Silk,https://imgur.com/a/snm0tbz,Predator,Maze,
,211,3423879,baking soda,https://i.imgur.com/0KTdTCF.png,Fighter,FFA,
,212,3420719,Rog456,https://imgur.com/gallery/0TWdUqX,Fighter,4TDM,
,213,3408183,loaf,https://media.discordapp.net/attachments/395646588682240020/872723194598006794/screenshot_-_2021-08-05T140812.230.png,Predator,FFA,
,214,3406270,Corrupt Y,https://cdn.discordapp.com/attachments/790131315139543040/818159009932247092/unknown.png,Surfer,4TDM,
,215,3395249,[MG] Spin2Team,https://imgur.com/a/G1sVU4i,Trapper,2TDM,
,216,3393915,Mine,https://imgur.com/a/UBghL7h,Surfer,Open TDM,
,217,3391125,the_retarted_platypus,https://imgur.com/gallery/jFm0FHN ,Auto Double,FFA,
,218,3391014,Hertz,https://imgur.com/a/7DRxXmv,Landmine,FFA,
,219,3384983,Corrupt Y,https://cdn.discordapp.com/attachments/790131315139543040/800866031048065064/unknown.png,Bomber,FFA,
,220,3382357,pedal,https://imgur.com/a/sMPaFPO,Fighter,4TDM,
,221,3379517,evil isopod,https://imgur.com/a/xwdyPkB,Twister,4TDM,
,222,3375168,Hertz,https://imgur.com/a/VNrQEav,Tri-Angle,FFA,
,223,3374640,evil isopod,https://imgur.com/gallery/PWUVFsA,Fighter,Open TDM,
,224,3371081,WL9,https://imgur.com/a/7HKozF4,Poacher,Portal 4TDM,
,225,3360939,SaikouÊúÄÈ´ò,https://photos.app.goo.gl/nyrq2y7Z9ebDZRtx6 ,Booster,FFA,
,226,3353473,loaf,https://imgur.com/a/7yADRDJ,Skimmer,4TDM,
,227,3351808,Crown the √ñ.,https://imgur.com/a/898csJ0,Mega Smasher,Open TDM,
,228,3351746,Barzone,https://i.paste.pics/1ecb4d3f6db3990ada48d498681ce2f0.png,Spike,4TDM,
,229,3347075,WL9,https://imgur.com/a/npwH29k,Surfer,Open TDM,
,230,3346748,Thing,https://media.discordapp.net/attachments/709618749250207745/816843149103333426/screenshot_-_2021-03-03T202043.823.png,Fighter,2TDM,
,231,3317372,baking soda,https://i.imgur.com/YSBdIFx.png,Auto-5,Duos,
,232,3313551,pedal,https://cdn.discordapp.com/attachments/395646588682240020/576593119139856385/unknown.png,Necromancer,2TDM,
,233,3312926,EB,https://imgur.com/a/NFtYAE4,Fighter,Portal 4TDM,
,234,3311028,ejv,https://imgur.com/a/dbSnSmL,Fighter,Portal 4TDM,
,235,3306383,evil isopod,https://media.discordapp.net/attachments/790131315139543040/821462412246253571/screenshot_-_2021-03-16T151636.640.png,Surfer,FFA,
,236,3294906,4m,https://cdn.discordapp.com/attachments/579412094986878976/685870421211349028/Screenshot_3799.png,Bomber,FFA,
,237,3294026,ü•ïCrazy Carrotü•ï,https://imgur.com/a/JALp03I,Maleficitor,4TDM,
,238,3291114,baking soda,https://imgur.com/gallery/A06web6,Booster,2TDM,
,239,3275232,Thonk,https://imgur.com/a/7qacvHQ,Mega Smasher,Maze 2TDM,
,240,3270839,ejv,https://imgur.com/a/e1gpnhu,Fighter,Duos,
,241,3260967,$hortstop,https://imgur.com/a/zyuMGkI,Auto-5,2TDM,
,242,3253472,Quad,https://imgur.com/a/tduP44j,Auto Tri-Angle,Maze,
,243,3253392,Mine,https://imgur.com/a/v7zIDMS,Ordnance,Squads,
,244,3252277,Denied,https://cdn.discordapp.com/attachments/395646588682240020/718098500562452560/screenshot_-_2020-06-04T144522.902.png,Fighter,2TDM,
,245,3245785,poui,https://media.discordapp.net/attachments/799981364157612043/870584415540113468/unknown.png,Ordnance,Open TDM,
,246,3244604,JellySnk,https://imgur.com/a/fbxET52,Auto Double,Maze,
,247,3226361,Damocles,https://imgur.com/a/e9QXLiE,Fighter,FFA,
,248,3221609,Mine,https://imgur.com/a/YiInr2e,Ordnance,Open TDM,
,249,3217215,pedal,https://imgur.com/a/NL18jOJ,Surfer,FFA,
,250,3211282,[MG] Spin2Team,https://imgur.com/a/tbMpNaG,Smasher,2TDM,
,251,3202737,Athu,https://cdn.discordapp.com/attachments/809658629028184065/815201009029742652/image0.png,Surfer,Squads,
,252,3200123,evil isopod,https://www.youtube.com/watch?v=tfaJWYffIqA,Mortar,FFA,
,253,3198462,Eternity,https://imgur.com/a/2XzHIzv,Auto-5,FFA,
,254,3196255,Damocles,https://cdn.discordapp.com/attachments/782654174641913877/808037473174290462/video_-_2021-02-06T134026.645.webm,Battleship,Open TDM,
,255,3187495,Eternity,https://m.imgur.com/a/wjrWrjD,Mortar,Open TDM,
,256,3187058,Bowler,https://imgur.com/gallery/oCUZIqr,Hunter,Squads,
,257,3183062,Thing,https://imgur.com/a/YdTqT0a,Artillery,4TDM,
,258,3180755,Athu,https://imgur.com/gallery/zQkub4A,Booster,2TDM,
,259,3180313,Legenda,https://cdn.discordapp.com/attachments/395646588682240020/715028782402240513/unknown.png,Booster,FFA,
,260,3178385,From Asia,https://imgur.com/a/uuDlFaM,Hunter,Open TDM,
,261,3173813,Mine,https://imgur.com/a/2GtTlNs,Auto Tri-Angle,Maze 2TDM,
,262,3168197,rela üê£,https://imgur.com/gallery/PEBtcaA,Fighter,Portal 4TDM,
,263,3166299,baking soda,https://i.imgur.com/2nhkHhY.png,Fighter,4TDM,
,264,3162910,Silvius,https://imgur.com/a/ozydrpK,Surfer,FFA,
,265,3158599,KSK,https://imgur.com/gallery/u6yBRbO,Ordnance,4TDM,
,266,3158380,Stradpult,https://media.discordapp.net/attachments/454578417745133580/584125646628716555/unknown.png,Fighter,FFA,
,267,3158259,Tommy,https://imgur.com/a/6VNTYpu,Spike,FFA,
,268,3158219,pedal,https://cdn.discordapp.com/attachments/527640219143634955/589498302853283860/unknown.png,Fighter,FFA,
,269,3153519,Oganesson 118,https://imgur.com/a/vhF9lv5,Artillery,FFA,
,270,3149667,pedal,https://imgur.com/a/DfykvJC,Fighter,4TDM,
,271,3140981,rela üê£,https://media.discordapp.net/attachments/725995383800594488/817597162053304320/unknown.png,Fighter,2TDM,
,272,3138776,OnyxD,https://imgur.com/a/XMOaSqo,Surfer,Squads,
,273,3136392,baking soda,https://i.imgur.com/Ro2zWI7.png,Spike,4TDM,
,274,3126343,Mr.Chemistry,https://imgur.com/a/DnXWDWA,Bomber,Duos,
,275,3124139,Absol,https://imgur.com/a/TyYCjBh,Battleship,FFA,
,276,3120098,Otobus,https://imgur.com/a/BBAfIfs,Surfer,Squads,
,277,3119064,rela üê£,https://imgur.com/gallery/JDfeNMD,Bomber,Squads,
,278,3115477,nimdac,https://i.redd.it/hv162t5ltz941.jpg,Surfer,FFA,
,279,3112201,pedal,https://imgur.com/a/K724YPT,Mega Smasher,Portal 4TDM,
,280,3107205,ExC,https://media.discordapp.net/attachments/395646588682240020/726233836475908096/Screenshot_42.png,Fighter,4TDM,
,281,3106799,I ma gay dssf,https://imgur.com/a/SFCjr7Z,Fighter,Squads,
,282,3106765,Mine,https://imgur.com/a/Vn3Jf32,Mega Smasher,Portal 4TDM,
,283,3105749,Damocles,http://imgur.com/a/h8PISuT,Fighter,Open TDM,
,284,3105189,Damocles,https://imgur.com/a/Qi1OCuA,Surfer,Open TDM,
,285,3102594,Stardust,https://imgur.com/gallery/jplW0a6,Fighter,FFA,
,286,3098407,4m,https://cdn.discordapp.com/attachments/623970422001500196/706575882654842950/Screenshot_2619.png,Booster,FFA,
,287,3096467,ejv,https://imgur.com/gallery/wcQARgu,Twister,4TDM,
,288,3095987,Damocles,http://imgur.com/a/XyxW5ek,Engineer,Maze,
,289,3092427,Silvius,https://imgur.com/a/Pq3sgh1,Surfer,FFA,
,290,3092206,2not1üåπ,https://imgur.com/a/FfUQFKX,Ordnance,Portal 4TDM,
,291,3091464,G√òLDEN,https://imgur.com/gallery/MnQdtHD,Fighter,FFA,
,292,3089912,Stradpult,https://media.discordapp.net/attachments/454578417745133580/719272305414373398/unknown.png,Surfer,FFA,
,293,3089808,rela üê£,https://media.discordapp.net/attachments/725995383800594488/832249765840289813/unknown.png,Surfer,2TDM,
,294,3089234,Stradpult,https://media.discordapp.net/attachments/454578417745133580/813129898292936764/unknown.png,Surfer,FFA,
,295,3081643,Zeo'Xe,https://imgur.com/a/JaU0vqQ,Fighter,Open TDM,
,296,3077840,Stradpult,https://media.discordapp.net/attachments/454578417745133580/653288181302820884/unknown.png,Fighter,FFA,
,297,3075897,hi,https://cdn.discordapp.com/attachments/856614995802325032/879154826750095410/unknown.png,Predator,2TDM,
,298,3073994,evil isopod,https://media.discordapp.net/attachments/790135252760133633/791609002231332874/screenshot_-_2020-12-24T050805.382.png?,Fighter,FFA,
,299,3064528,crong,https://imgur.com/a/scT1Kcx,Mega Smasher,Portal 4TDM,
,300,3055705,[MG] Spin2Team,https://imgur.com/a/OUbAqTO,Landmine,4TDM,
,301,3054630,Stradpult,https://media.discordapp.net/attachments/454578417745133580/794199009383153674/unknown.png,Surfer,FFA,
,302,3050691,bob,https://imgur.com/a/D889mfk,Auto-5,4TDM,
,303,3050594,O'Chunks,https://imgur.com/gallery/AoGCIaq,Auto-5,2TDM,
,304,3043695,Quad,https://i.imgur.com/Oj7ctpY.png,Fighter,FFA,
,305,3043379,Mr.Hacker YT,https://imgur.com/gallery/Lb5pBop,Auto Spawner,Squads,
,306,3043303,Smiley,https://imgur.com/a/gi3RAnR,Skimmer,2TDM,
,307,3042570,DukeOnkled,https://dl.airtable.com/Cl1vWLVWSYKEfp9GOneQ_Screenshot_35.png,Necromancer,4TDM,
,308,3040559,baking soda,https://imgur.com/gallery/eU0fnjl,Fighter,4TDM,
,309,3039787,evil isopod,https://imgur.com/a/US6lMlo,Mega Smasher,Maze 4TDM,
,310,3038465,ùëâùì™ùì∑ùìÆùìºùìºùì™,https://imgur.com/a/mGCMvzm,Engineer,Maze,
,311,3035548,ExC,https://media.discordapp.net/attachments/763161633882112044/767432643825369149/Screenshot_550.png,Surfer,FFA,
,312,3032645,Rog456,https://imgur.com/a/iRnqhe3,Spike,Maze,
,313,3030637,Stradpult,https://media.discordapp.net/attachments/454578417745133580/582893438228496386/unknown.png,Fighter,FFA,
,314,3027937,Rog456,https://media.discordapp.net/attachments/718437837120208936/718440931489218610/NwJh5gm.png?,Mortar,4TDM,
,315,3027528,Hertz,https://imgur.com/a/sPsLU9c,Fighter,FFA,
,316,3020099,pedal,https://imgur.com/a/lDGglgE,Mega Smasher,4TDM,
,317,3019913,Stradpult,https://media.discordapp.net/attachments/454578417745133580/792142677164425226/unknown.png,Fighter,FFA,
,318,3019727,Thx m8,https://cdn.discordapp.com/attachments/747714118118670378/834821601370439750/screenshot_-_2021-04-22T220131.779.png,Fighter,Squads,
,319,3018664,rela üê£,https://imgur.com/gallery/0DsnVFj,Surfer,Maze,
,320,3017985,Quadruplex,https://dl.airtable.com/rezcfYI9Rm22AyvNZMSC_Screenshot_114.png,Auto Double,FFA,
,321,3015683,Stradpult,https://media.discordapp.net/attachments/454578417745133580/721813799480328322/unknown.png,Surfer,FFA,
,322,3012361,S3CR3T,https://dl.airtable.com/VSFonAFLSymiY1C3tCbD_Kepernyofelvetel_6.png,Mortar,FFA,
,323,3009786,ExC,https://media.discordapp.net/attachments/395646588682240020/739207633256579162/Screenshot_198.png,Fighter,2TDM,
,324,3009089,rela üê£,https://imgur.com/gallery/YpfAsJ5,Surfer,Maze,
,325,3008930,Quad,https://i.imgur.com/VaCV1Qm.png,Fighter,FFA,
,326,3008250,Darky,https://imgur.com/a/gEKs1cH,Predator,Open TDM,
,327,3006611,rela üê£,https://media.discordapp.net/attachments/725995383800594488/794060767435554826/unknown.png,Surfer,Maze,
,328,3004439,Silvius,https://imgur.com/a/7VsDLmo,Surfer,FFA,
,329,3002601,[‚Ñ±»ï‚Ç™] im noob ,https://cdn.discordapp.com/attachments/731498658276835398/795953731308224542/received_236673721377120.webp,Battleship,Squads,
,330,3000234,Zeo'Xe,https://cdn.discordapp.com/attachments/395646588682240020/603953571368534019/Screenshot_162.png,Fighter,4TDM,
,331,2992887,Quad,https://i.imgur.com/zFM0RHV.png,Surfer,FFA,
,332,2990189,ExC,https://cdn.discordapp.com/attachments/395646588682240020/822115820448251964/unknown.png,Surfer,2TDM,
,333,2985256,ejv,https://imgur.com/gallery/tolu72n,Surfer,Open TDM,
,334,2985085,Heatherly,https://imgur.com/a/63OFH5k,Ordnance,4TDM,
,335,2978546,OnyxD,https://imgur.com/a/pI1j7Fq,Auto Tri-Angle,2TDM,
,336,2975838,Jake,https://imgur.com/a/eKs7hfp,Mega Smasher,4TDM,
,337,2975732,Die?,https://media.discordapp.net/attachments/966952616506585098/995607073712771112/unknown.png?width=819&height=655,Barricade,2TDM,
,338,2974572,ExC,https://media.discordapp.net/attachments/504983774409392128/714164480006946824/3mDeniedMegaSmasher.png,Mega Smasher,FFA,
,339,2966489,Quad,https://i.imgur.com/eO5GkqL.png,Fighter,FFA,
,340,2963494,Silvius,https://imgur.com/a/hm3gRiQ,Skimmer,4TDM,
,341,2963406,S3CR3T,https://cdn.discordapp.com/attachments/395646588682240020/551109098125525013/Kepernyofelvetel_11.png,Mortar,FFA,
,342,2960268,$hortstop,https://imgur.com/a/GlK6JZx,Mortar,4TDM,
,343,2957136,Chaos,https://imgur.com/a/agS2Ig8,Mega Smasher,Maze 4TDM,
,344,2956675,Damocles,https://imgur.com/a/g8f2P93,Engineer,2TDM,
,345,2954125,rela üê£,https://imgur.com/gallery/CMIJrVE,Surfer,Maze 4TDM,
,346,2952912,Mr.Chemistry,https://media.discordapp.net/attachments/716299965907075153/723595419875278928/unknown.png,Mega Smasher,2TDM,
,347,2951840,Quad,https://i.imgur.com/BTNT3GM.png,Mega Smasher,Squads,
,348,2942315,YT AdvancedMine,https://imgur.com/a/v572CMa,Battleship,FFA,
,349,2939057,S3CR3T,https://imgur.com/a/lVtERx7,Auto Double,FFA,
,350,2937486,8,https://imgur.com/a/gCoaoDd,Skimmer,4TDM,
,351,2936138,Thx m8,https://cdn.discordapp.com/attachments/747714118118670378/814174688406011924/screenshot_-_2021-02-24T112918.365.png,Surfer,Squads,
,352,2934315,Corrupt Y,https://cdn.discordapp.com/attachments/395646588682240020/713139139788275722/unknown.png,Fighter,4TDM,
,353,2924908,Quad,https://i.imgur.com/3SIqN2d.png,Surfer,Maze,
,354,2924018,fortune,https://imgur.com/a/X5hQnq1,Necromancer,4TDM,
,355,2923265,HenWire,https://cdn.discordapp.com/attachments/788053290700767282/788112317178576896/fjNkMLVZ1NQAAAABJRU5ErkJggg.png,Surfer,FFA,
,356,2911691,duc,https://imgur.com/a/5nu4sXh,Battleship,Open TDM,
,357,2910196,Stradpult,https://media.discordapp.net/attachments/454578417745133580/817436022094299256/unknown.png,Surfer,FFA,
,358,2907716,the_retarted_platypus,https://imgur.com/gallery/sKMnDg0,Auto Double,FFA,
,359,2907172,hi,http://media.discordapp.net/attachments/819241632288866364/819242702033387540/boDWyQDT8yYERNlsbzJP_unknown.png,Auto Double,FFA,
,360,2904494,Zeo'Xe,https://media.discordapp.net/attachments/366696165976178689/867429050008207370/screenshot_-_2021-04-13T112111.png,Fighter,FFA,
,361,2904424,S3CR3T,https://dl.airtable.com/we5YvR4UQDmOeqLy0QlW_Kepernyofelvetel_173.png,Auto Double,FFA,
,362,2899397,rela üê£,https://media.discordapp.net/attachments/725995383800594488/838813732850630746/unknown.png,Surfer,Maze,
,363,2899336,lamita,https://imgur.com/a/x3ZylHO,Ordnance,2TDM,
,364,2891236,iJP TM,https://imgur.com/a/f6j5irU,Surfer,Squads,
,365,2886843,(H‚ÇÆ)H‚ãÇ‚Ç¶‚ÇÆ‚àÑ∆¶,https://cdn.discordapp.com/attachments/733361644964413452/740210658301444096/Captura_de_Tela_172.png,Bomber,FFA,
,366,2885134,Athu,https://cdn.discordapp.com/attachments/731494808475926531/803131997530226728/image0.png,Surfer,Squads,
,367,2876530,male,https://imgur.com/gallery/r3K6hmI,Auto-5,Maze,
,368,2874518,1,https://media.discordapp.net/attachments/846007853487358003/846008030663278625/unknown.png,Surfer,Open TDM,
,369,2872453,Rosencrantz and Guildenstern,https://imgur.com/a/1qthcIi,Battleship,4TDM,
,370,2870086,baking soda,https://i.imgur.com/QB8Bzvs.png,Skimmer,FFA,
,371,2868533,Bowler,https://imgur.com/gallery/pJgWyhw,Poacher,4TDM,
,372,2865562,pedal,https://imgur.com/a/Y4mX9QN,Auto-5,4TDM,
,373,2863723,Alpha,https://media.discordapp.net/attachments/819987620775198801/849273071528312892/unknown.png,Fighter,FFA,
,374,2853126,Zeo'Xe,https://media.discordapp.net/attachments/366696165976178689/867435846441500687/I_took_the_L.png,Fighter,FFA,
,375,2848622,Sunburst,http://imgur.com/a/cnQVfMc,Fighter,Open TDM,
,376,2831219,Die?,https://imgur.com/a/qY6qJRI,Barricade,Open TDM,
,377,2829938,Ender,https://cdn.discordapp.com/attachments/790131315139543040/840281257752526918/screenshot_-_2021-05-07T193421.350.png,Tri-Angle,FFA,
,378,2823132,ü•ïCrazy Carrotü•ï,https://i.imgur.com/gMEw4HN.png,Maleficitor,4TDM,
,379,2819395,ASkib,https://imgur.com/a/2u4SnNC,Twister,Squads,
,380,2819036,Denied,https://www.youtube.com/watch?v=4trohBFbGv8&feature=youtu.be,Surfer,2TDM,
,381,2818665,rela üê£,https://media.discordapp.net/attachments/586341442855632915/790532195655745566/unknown.png,Booster,Squads,
,382,2815192,Silvius,https://imgur.com/a/qsZQgRP,Surfer,FFA,
,383,2809909,Oganesson 118,https://imgur.com/a/gxiasId,Artillery,FFA,
,384,2808889,uhhh ._.,https://www.reddit.com/user/natakindsusngl/comments/nsrrae/28m_bomber_in_2tdm_wr/,Bomber,2TDM,
,385,2807782,rela üê£,https://imgur.com/gallery/y5GCJMc,Auto Tri-Angle,Open TDM,
,386,2807414,Stradpult,https://media.discordapp.net/attachments/454578417745133580/759182437300961280/unknown.png,Auto Double,Maze,
,387,2802966,Damocles,http://imgur.com/a/igkzrzi,Mega Smasher,Maze 2TDM,
,388,2800141,Anto,https://imgur.com/a/LcVWzIT,Fighter,4TDM,
,389,2793830,From Asia,https://imgur.com/a/l6C5dyC,Auto Double,FFA,
,390,2786605,Quad,https://i.imgur.com/fRHG1MG.png,Tri-Angle,FFA,
,391,2780616,ü•ïCrazy Carrotü•ï,https://cdn.discordapp.com/attachments/577018575525642244/726119363362684928/unknown.png,Mega Smasher,4TDM,
,392,2776382,Anto,https://imgur.com/a/iTykhwY,Fighter,4TDM,
,393,2769415,Tommy,https://cdn.discordapp.com/attachments/788900782589870099/788902331449737236/screenshot_10.png,Mega Smasher,Portal 4TDM,
,394,2768230,Myst,https://media.discordapp.net/attachments/395646588682240020/559537530496745503/unknown.png?,Fighter,2TDM,
,395,2767523,evil isopod,https://cdn.discordapp.com/attachments/574665755887534101/651949100375474179/screenshot_6.png,Fighter,4TDM,
,396,2764236,ùëâùì™ùì∑ùìÆùìºùìºùì™,https://imgur.com/a/7oqPfzg,Bomber,Maze,
,397,2758755,Zeo'Xe,https://imgur.com/a/h6WXn9o,Fighter,FFA,
,398,2755711,NeonLights,https://imgur.com/a/wyoqlRa,Predator,Open TDM,
,399,2747564,Anto,https://imgur.com/a/mWAOWEF,Fighter,FFA,
,400,2746594,Stradpult,https://cdn.discordapp.com/attachments/454578417745133580/584727518318297118/unknown.png,Fighter,FFA,
,401,2746272,pedal,https://media.discordapp.net/attachments/831249929783345172/831255286378397737/unknown.png?,Fighter,Open TDM,
,402,2744256,Legenda,https://cdn.discordapp.com/attachments/707689521994792984/719950309681659914/unknown.png,Auto Tri-Angle,FFA,
,403,2742207,NeonLights,https://imgur.com/a/RZ4IsBJ,Predator,Squads,
,404,2741152,Myst,https://media.discordapp.net/attachments/395646588682240020/558703863129964545/unknown.png?,Fighter,FFA,
,405,2738156,DragonFiire,https://ibb.co/fCq0s87,Barricade,FFA,
,406,2735688,Stradpult,https://media.discordapp.net/attachments/454578417745133580/777254605960249374/unknown.png,Surfer,FFA,
,407,2732812,Sonic -_-,https://cdn.discordapp.com/attachments/561942730146578432/561977237570846740/Snap_2019-03-31_at_15.16.34.png,Mega Smasher,4TDM,
,408,2732297,secretlymas,https://imgur.com/a/381FI9C,Mega Smasher,2TDM,
,409,2726272,pedal,https://www.youtube.com/watch?v=WHgAc1VUg_I&feature=youtu.be,Fighter,Open TDM,
,410,2724602,TacoCat,https://imgur.com/a/ycneyJN,Fighter,4TDM,
,411,2720543,[MG] Spin2Team,https://cdn.discordapp.com/attachments/557386978782609428/826896620209307758/screenshot_-_2021-03-31T121009.678.png,Surfer,2TDM,
,412,2715501,Thing,https://imgur.com/a/O9p5AMi,Mega Smasher,Maze 4TDM,
,413,2712573,Ender,https://imgur.com/a/8LE2Byn,Tri-Angle,Portal 4TDM,
,414,2711797,hi,https://media.discordapp.net/attachments/819241632288866364/819242627315662878/HFkWvqeYSqg7mPrjsRBI_unknown.png,Auto Double,FFA,
,415,2711288,Jake,https://imgur.com/a/Gk24uYv,Mega Smasher,FFA,
,416,2710069,ü•ïCrazy Carrotü•ï,https://cdn.discordapp.com/attachments/395646588682240020/742755759414050886/screenshot_5.png,Surfer,FFA,
,417,2709994,evil isopod,https://imgur.com/a/U8XB65V,Auto-5,4TDM,
,418,2708833,bean,https://imgur.com/a/aRn2ipq,Fighter,Portal 4TDM,
,419,2704888,literal cancer,https://imgur.com/a/usHZ8IB,Mega Smasher,4TDM,
,420,2704556,Legenda,https://imgur.com/a/Sal1C1y,Auto Tri-Angle,2TDM,
,421,2703846,duud,https://imgur.com/a/uRPamBJ,Ordnance,4TDM,
,422,2703037,EB,https://imgur.com/a/sA4zUeG,Bomber,4TDM,
,423,2702349,Denied,www.youtube.com/watch?v=L3UnMD8zHQU,Auto Double,Open TDM,
,424,2697083,pedal,https://imgur.com/a/T80uWhf,Fighter,4TDM,
,425,2687179,rela üê£,https://media.discordapp.net/attachments/725995383800594488/835154970129989692/unknown.png,Surfer,Maze,
,426,2685467,baking soda,https://i.imgur.com/J7Tw838.png,Fighter,2TDM,
,427,2682088,evil isopod,https://imgur.com/a/7ka4G8h,Surfer,FFA,
,428,2681722,HZ6,https://cdn.discordapp.com/attachments/582580269752778754/697854228357447821/image0.png,Booster,FFA,
,429,2681111,Road,https://imgur.com/a/6pW4YLn,Surfer,FFA,
,430,2677619,Stardust,https://imgur.com/gallery/yznjw7d,Booster,FFA,
,431,2674045,Thing,https://media.discordapp.net/attachments/690754797477036052/727340796369436702/screenshot_-_2020-06-29T214003.270.png,Bomber,FFA,
,432,2670238,Damocles,https://imgur.com/a/ln7XHsP,Bomber,Open TDM,
,433,2669967,S3CR3T,https://imgur.com/a/AjvK4ip,Mortar,FFA,
,434,2668368,Corrupt X,https://imgur.com/a/7fHKQNw,Skimmer,4TDM,
,435,2667770,fortune,https://imgur.com/a/egJwtVD,Surfer,4TDM,
,436,2667581,ü•ïCrazy Carrotü•ï,https://media.discordapp.net/attachments/579412094986878976/843029645318029332/screenshot_8.png?,Fighter,4TDM,
,437,2667556,hi,https://media.discordapp.net/attachments/819241632288866364/839595495968997416/unknown.png,Surfer,Open TDM,
,438,2665364,ejv,https://imgur.com/gallery/YjAuZFF,Auto Tri-Angle,2TDM,
,439,2664424,S3CR3T,https://imgur.com/a/mqf2oWV,Fighter,FFA,
,440,2662805,jaden,https://imgur.com/a/Ag8LvId,Hunter,4TDM,
,441,2656962,bean,https://cdn.discordapp.com/attachments/559791205924470817/713342920375402506/unknown.png,Fighter,4TDM,
,442,2651317,Legenda,https://cdn.discordapp.com/attachments/707689521994792984/738609244592406538/unknown.png,Auto Tri-Angle,FFA,
,443,2650933,ExC,https://imgur.com/a/wg7YB1k,Tri-Angle,FFA,
,444,2648863,Quad,https://i.imgur.com/QNH4eg7.png,Fighter,4TDM,
,445,2640795,Silvius,https://imgur.com/a/wX2Wbwk,Surfer,FFA,
,446,2636876,hi,https://cdn.discordapp.com/attachments/819241632288866364/838455076498440193/unknown.png,Mega Smasher,Squads,
,447,2636059,jugg,https://imgur.com/gallery/d0K0ual,Fighter,Open TDM,
,448,2631105,Stradpult,https://media.discordapp.net/attachments/454578417745133580/640260361143975957/unknown.png,Auto-5,FFA,
,449,2627582,Icewalk,https://imgur.com/a/uEr5ifB,Poacher,FFA,
,450,2622233,Mr.Hacker YT,https://imgur.com/gallery/SxqbMk9,Auto Spawner,4TDM,
,451,2621859,hi,https://cdn.discordapp.com/attachments/856614995802325032/913592822978994206/unknown.png,Skimmer,2TDM,
,452,2621163,lotion,https://www.youtube.com/watch?v=UcbTSeztPa8,Engineer,FFA,
,453,2617782,Jake,https://imgur.com/Qx4c5kr,Mega Smasher,Maze 4TDM,
,454,2616271,Thing,https://imgur.com/a/62Rdee3,Bomber,2TDM,
,455,2616018,DevinSucksAtLife,https://imgur.com/a/KzeA2hr,Mega Smasher,2TDM,
,456,2615462,Stradpult,https://media.discordapp.net/attachments/454578417745133580/549234410533289999/unknown.png,Auto-5,FFA,
,457,2613237,pedal,https://imgur.com/a/BPUO2hZ,Fighter,4TDM,
,458,2610508,Neptuun,https://imgur.com/gallery/sgVkzNE,Maleficitor,2TDM,
,459,2600444,eneri,https://imgur.com/gallery/yg9hNNV,Bomber,FFA,
,460,2597493,Otobus,https://imgur.com/a/9yWdXwk,Booster,4TDM,
,461,2596335,Stradpult,https://media.discordapp.net/attachments/454578417745133580/640535983304998923/unknown.png,Fighter,FFA,
,462,2594756,Crazoodles,https://imgur.com/gallery/aP3MK6h,Bomber,Maze 2TDM,
,463,2594725,Stradpult,https://media.discordapp.net/attachments/454578417745133580/786904370683969567/unknown.png,Surfer,FFA,
,464,2593889,Stradpult,https://cdn.discordapp.com/attachments/395646588682240020/584435424211107851/unknown.png,Fighter,FFA,
,465,2592900,Necropio,https://imgur.com/a/uJwjpPm,Bomber,Maze 4TDM,
,466,2591380,WL9,https://cdn.discordapp.com/attachments/790400452528963604/813315761035935754/screenshot_-_2021-02-22T024451.256.png,Surfer,FFA,
,467,2589308,Legenda,https://imgur.com/a/ajEDkwu,Fighter,4TDM,
,468,2588998,pedal,https://imgur.com/a/9xccdUR,Fighter,4TDM,
,469,2585447,Kris,https://www.reddit.com/r/Diep2io/comments/ogv8mb/1_more_till_100_1ms_25m_hunter_maze4tdm/,Hunter,Maze 4TDM,
,470,2584778,Stradpult,https://media.discordapp.net/attachments/454578417745133580/724696668884172840/unknown.png,Fighter,FFA,
,471,2582577,Mythical,https://media.discordapp.net/attachments/863183032432328765/863183604960198716/Screenshot_2021-05-17_19.12.55.png?,Fighter,FFA,
,472,2581675,Zeo'Xe,https://imgur.com/a/go8OyGO,Auto Tri-Angle,FFA,
,473,2575166,Stardust,https://imgur.com/gallery/l4Ph6C9,Fighter,FFA,
,474,2575078,Rosencrantz and Guildenstern,https://imgur.com/a/rdtPJNN,Smasher,4TDM,
,475,2574687,4m,https://media.discordapp.net/attachments/835384578830368819/860804479569625088/Screenshot_3266.png?,Mega Smasher,FFA,
,476,2572595,Necropio,https://imgur.com/a/TNhQGxV,Engineer,FFA,
,477,2571644,Ditine,https://imgur.com/a/A4V2ffi,Mega Smasher,Maze 4TDM,
,478,2563159,ü•ïCrazy Carrotü•ï,https://imgur.com/a/BZiG3OQ,Fighter,FFA,
,479,2560404,evil isopod,https://imgur.com/a/c2IyPam,Battleship,FFA,
,480,2557847,Athu,https://cdn.discordapp.com/attachments/395646588682240020/812296206087749652/image0.png,Fighter,Squads,
,481,2553607,Denied,https://www.youtube.com/watch?v=jgrBUyWbc9I&feature=youtu.be,Auto Double,4TDM,
,482,2551038,Quadruplex,https://dl.airtable.com/Ovbe433USZedc1zZOPYg_Screenshot_99.png,Auto Double,FFA,
,483,2550018,Thing,https://media.discordapp.net/attachments/707689521994792984/726184714532159508/screenshot_-_2020-06-18T170549.712.png,Bomber,2TDM,
,484,2545206,Quad,https://i.imgur.com/aMPEW8m.png,Fighter,FFA,
,485,2544686,hi,https://media.discordapp.net/attachments/819241632288866364/839640907212390410/unknown.png,Auto Tri-Angle,2TDM,
,486,2542989,baking soda,https://i.imgur.com/p6qsXBw.png,Surfer,FFA,
,487,2542663,ü•ïCrazy Carrotü•ï,https://cdn.discordapp.com/attachments/708404560846258236/785119052711591936/2.5m_Fighter.png,Fighter,FFA,
,488,2542455,Oganesson 118,https://imgur.com/gallery/aSUaZs2,Artillery,4TDM,
,489,2542236,Kris,https://www.reddit.com/r/Diep2io/comments/nwuhbb/vey_terrible_ratio_fighter_score_2tdm/,Fighter,2TDM,
,490,2541770,Silvius,https://imgur.com/a/7qpGrC6,Bomber,FFA,
,491,2541030,Denied,https://cdn.discordapp.com/attachments/395646588682240020/541350111138152476/arras.io_-_Google_Chrome_02_02_2019_20_11_28.png,Double Twin,FFA,
,492,2540152,hi,https://cdn.discordapp.com/attachments/790131315139543040/841115151386411048/unknown.png,Auto Tri-Angle,FFA,
,493,2534869,Cannonman,https://dl.airtable.com/vjCcRgEtRyS8if50tNbM_Screen_Shot_2018-06-04_at_5.21.49_PM.png,Auto Double,FFA,
,494,2534800,ü•ïCrazy Carrotü•ï,https://media.discordapp.net/attachments/577018575525642244/726118400119668747/unknown.png?,Auto Tri-Angle,FFA,
,495,2534765,rela üê£,https://media.discordapp.net/attachments/586341442855632915/725976309335064656/unknown.png,Surfer,Portal 4TDM,
,496,2531899,Zeo'Xe,https://ibb.co/album/nE6SVa,Bomber,2TDM,
,497,2531470,rela üê£,https://media.discordapp.net/attachments/725995383800594488/803912044600492103/unknown.png,Surfer,Squads,
,498,2527264,Thing,https://media.discordapp.net/attachments/795074325212299286/818142632051736576/screenshot_-_2021-03-07T102235.182.png,Bomber,4TDM,
,499,2526438,Damocles,https://imgur.com/a/dWXUWwh,Mega Smasher,FFA,
,500,2526267,DragonFiire,https://ibb.co/4sZ7CHk,Mega Smasher,FFA,
,501,2525777,Zeo'Xe,https://imgur.com/a/Nt4tt7T,Fighter,FFA,
,502,2525430,Askatasuna,https://imgur.com/a/hIlwYEt,Sidewinder,2TDM,
,503,2523254,fortune,https://imgur.com/a/MB2wVQu,Bomber,4TDM,
,504,2522268,Absol,https://imgur.com/a/XNuIHY5,Fighter,FFA,
,505,2521764,Stradpult,https://media.discordapp.net/attachments/454578417745133580/756222881276625027/unknown.png,Auto Double,FFA,
,506,2521713,Rog456,https://media.discordapp.net/attachments/790127153223434240/796916509355933696/unknown.png?,Battleship,2TDM,
,507,2514110,Thunder,https://docs.google.com/presentation/d/15yYsnkSSfOGhosnDsJoVPiFtKdPWnM7ZOkL2lIdnUu4/edit?usp=sharing,Ordnance,2TDM,
,508,2513971,Roman,https://imgur.com/a/Vr2j807,Surfer,2TDM,
,509,2513578,Denied,https://www.youtube.com/watch?v=EF4x8pF9zyo&feature=youtu.be,Fighter,2TDM,
,510,2512119,Askatasuna,https://imgur.com/a/YfV6Iwp,Auto Tri-Angle,FFA,
,511,2504495,uhhh ._.,https://www.reddit.com/r/Diep2io/comments/ohxe6g/25m_poacher_taking_back_wr_from_Lyre/,Poacher,Maze 4TDM,
,512,2503559,Stradpult,https://media.discordapp.net/attachments/454578417745133580/706523495957528626/unknown.png,Fighter,FFA,
,513,2503159,Smiley,https://imgur.com/a/qT5hpsS,Tri-Angle,FFA,
,514,2497764,Silvius,https://imgur.com/a/kVCAxpb,Bomber,FFA,
,515,2497136,HZ6,https://cdn.discordapp.com/attachments/395646588682240020/583929464900288513/image0.png,Fighter,2TDM,
,516,2490759,ü•ïCrazy Carrotü•ï,https://imgur.com/a/nPX9ke8,Fighter,FFA,
,517,2490733,Corrupt X,https://imgur.com/a/EC8rBr5,Bomber,Duos,
,518,2489809,ü•ïCrazy Carrotü•ï,https://media.discordapp.net/attachments/579412094986878976/842278488621842452/screenshot_6.png?,Fighter,FFA,
,519,2488804,pedal,https://media.discordapp.net/attachments/831249929783345172/831254957570785341/unknown.png?,Fighter,2TDM,
,520,2485786,ejv,https://imgur.com/a/zvaTfuh,Bomber,FFA,
,521,2481636,DevŒ±,https://cdn.discordapp.com/attachments/725995383800594488/725995566437498922/unknown.png,Surfer,FFA,
,522,2473448,Stradpult,https://imgur.com/gallery/klymmRu,Auto Double,2TDM,
,523,2472338,Tommy,https://cdn.discordapp.com/attachments/395646588682240020/835804169561833472/screenshot_88.png,Fighter,FFA,
,524,2471492,pedal,https://imgur.com/a/4vYhOaG,Auto Tri-Angle,FFA,
,525,2471306,S3CR3T,https://dl.airtable.com/PD2ZoJaPQRS3PzVyXl03_Arras-Auto_double_25m.png,Auto Double,Open TDM,
,526,2461828,Quad,https://i.imgur.com/oOf2DpQ.png,Surfer,Maze,
,527,2452885,baking soda,https://i.imgur.com/6heOXVr.png,Bomber,2TDM,
,528,2448483,bean,https://cdn.discordapp.com/attachments/559791205924470817/678943838366072842/unknown.png,Fighter,4TDM,
,529,2447182,Absol,https://imgur.com/a/IyoKxz8,Surfer,FFA,
,530,2444945,Thx m8,https://cdn.discordapp.com/attachments/731498658276835398/811460151130718229/screenshot_-_2021-02-17T105011.888.png,Surfer,Squads,
,531,2442566,ŒπŒ±,https://imgur.com/gallery/h18Egcl,Twister,Duos,
,532,2441737,pedal,https://imgur.com/a/I39gJnB,Fighter,4TDM,
,533,2437260,Chaos,https://imgur.com/a/B3C5LjX,Auto Tri-Angle,Duos,
,534,2434006,ExC,https://cdn.discordapp.com/attachments/395646588682240020/767217321252225034/unknown.png,Bomber,2TDM,
,535,2432006,ExC,https://cdn.discordapp.com/attachments/395646588682240020/767217321252225034/unknown.png,Bomber,2TDM,
,536,2431488,rela üê£,https://media.discordapp.net/attachments/725995383800594488/829949903882027018/unknown.png,Armsman,Squads,
,537,2430527,pedal,https://cdn.discordapp.com/attachments/395646588682240020/569291261710827540/unknown.png,Fighter,2TDM,
,538,2428995,ExC,https://media.discordapp.net/attachments/395646588682240020/726213316153704548/Screenshot_64.png,Surfer,4TDM,
,539,2426850,x,https://imgur.com/a/WEIF2Wa,Fighter,2TDM,
,540,2426495,baking soda,https://imgur.com/gallery/AFN8BUR,Auto-5,Maze,
,541,2425673,ASkib,https://media.discordapp.net/attachments/731494808475926531/879215683072835664/screenshot_22.png,Predator,Portal 4TDM,
,542,2424870,S3CR3T,https://dl.airtable.com/cPD2iQHRVmC7ZIBMygka_Kepernyofelvetel_54.png,Auto Double,FFA,
,543,2422731,Thing,https://media.discordapp.net/attachments/709618749250207745/815240437937864724/screenshot_-_2021-02-27T101231.082.png,Fighter,FFA,
,544,2420958,Askatasuna,https://imgur.com/a/1sKh1U7,Fighter,FFA,
,545,2419178,Damocles,https://imgur.com/a/U2ZBZht,Fighter,4TDM,
,546,2419162,ü•ïCrazy Carrotü•ï,https://media.discordapp.net/attachments/395646588682240020/838350908886614036/screenshot_15.png?,Fighter,FFA,
,547,2417903,ExC,https://media.discordapp.net/attachments/395646588682240020/789521510141263912/Screenshot_623.png,Fighter,Open TDM,
,548,2417049,<‚ùÇ> ‚Ç≠«ør…áa,https://cdn.discordapp.com/attachments/726738548648181800/726789279627345990/screenshot_-_2020-06-28T201853.929.png,Booster,Portal 4TDM,
,549,2416753,Nyrox,https://imgur.com/6luS7oE,Surfer,FFA,
,550,2416600,Die?,https://imgur.com/a/RyRa1l2,Bomber,2TDM,
,551,2407993,Hestefisk,https://cdn.discordapp.com/attachments/395646588682240020/805884020910325790/screenshot_-_2021-02-01T203441.724.png,Battleship,FFA,
,552,2404105,Oganesson 118,https://imgur.com/a/sJ0PSIl,Artillery,FFA,
,553,2401034,New plan,https://cdn.discordapp.com/attachments/866051297266761761/876990168022810684/screenshot_26.png,Poacher,4TDM,
,554,2399941,Hertz,https://imgur.com/a/W1rye7m,Tri-Angle,FFA,
,555,2398159,ü•ïCrazy Carrotü•ï,https://media.discordapp.net/attachments/790131315139543040/840871908761010176/screenshot_3.png?,Fighter,FFA,
,556,2397596,Quadruplex,https://dl.airtable.com/0hWb9llsTRiusRFYWoU6_Screenshot_105.png,Auto Double,FFA,
,557,2396451,Nyrox,https://imgur.com/nBNBo4r,Surfer,FFA,
,558,2395929,duc,https://media.discordapp.net/attachments/395646588682240020/737298219419041883/unknown.png,Mega Smasher,Maze 4TDM,
,559,2390342,rela üê£,https://media.discordapp.net/attachments/725995383800594488/838689755759247360/unknown.png,Fighter,FFA,
,560,2387998,JPT,https://cdn.discordapp.com/attachments/711114592633356288/728126983002914856/image0.jpg,Auto-5,4TDM,
,561,2387735,baking soda,https://i.imgur.com/cHLMpQg.png,Landmine,4TDM,
,562,2387100,rela üê£,https://media.discordapp.net/attachments/725995383800594488/837963104113262592/unknown.png,Fighter,FFA,
,563,2385314,fortune,https://imgur.com/a/cuRsZJC,Surfer,2TDM,
,564,2384365,baking soda,https://i.imgur.com/fs8nQA9.png,Fighter,2TDM,
,565,2378240,Ditine,https://imgur.com/a/fWiYrYs,Poacher,Squads,
,566,2378141,Corrupt Y,https://cdn.discordapp.com/attachments/755936400570056755/788208660588920852/unknown.png,Mega Smasher,Maze 4TDM,
,567,2377499,baking soda,https://i.imgur.com/AuepZ4s.png,Surfer,FFA,
,568,2377127,Stardust,https://imgur.com/gallery/wRIbfiI,Fighter,Portal 4TDM,
,569,2377076,Absol,https://imgur.com/a/4SUgeZH,Surfer,FFA,
,570,2376633,Mine,https://imgur.com/a/1qwzOUk,Twister,Open TDM,
,571,2376020,Eternity,https://imgur.com/a/jvG3D8M,Artillery,FFA,
,572,2373231,Quad,https://i.imgur.com/8sSbbYj.png,Mega Smasher,Portal 4TDM,
,573,2373155,Stradpult,https://media.discordapp.net/attachments/454578417745133580/661564066061352961/unknown.png,Mega Smasher,4TDM,
,574,2369183,1,https://media.discordapp.net/attachments/731494808475926531/852463216101687337/unknown.png?,Fighter,Squads,
,575,2368649,the midnight,https://media.discordapp.net/attachments/395646588682240020/744903323022393394/unknown.png,Fighter,FFA,
,576,2368374,‚ô´Playful‚ô´,https://cdn.discordapp.com/attachments/395646588682240020/548721408394526741/unknown.png,Artillery,FFA,
,577,2365881,istiR,http://imgur.com/a/jKLa8Ml,Mortar,FFA,
,578,2364503,Athu,https://cdn.discordapp.com/attachments/395646588682240020/814433211614232576/image0.png,Fighter,FFA,
,579,2363085,jsohi,https://imgur.com/gallery/kPlv5Hn,Surfer,FFA,
,580,2358590,4m,https://imgur.com/gallery/bPUhNf6,Artillery,Open TDM,
,581,2355254,Crazoodles,https://imgur.com/gallery/feSpA5v,Auto Double,Maze,
,582,2352996,baking soda,https://i.imgur.com/a6K8aRH.png,Fighter,FFA,
,583,2350700,rela üê£,https://imgur.com/gallery/0EewdkT,Surfer,Maze,
,584,2348989,ùêìùêéùêóùêà,https://imgur.com/lVTO5BH,Surfer,Portal 4TDM,
,585,2348911,1,https://media.discordapp.net/attachments/846007853487358003/846008238994227220/unknown.png,Fighter,FFA,
,586,2348278,Oganesson 118,https://imgur.com/gallery/s4Wekpy,Barricade,FFA,
,587,2348134,NeonLights,https://imgur.com/a/ZfRWjq3,Predator,Open TDM,
,588,2345577,hi,https://imgur.com/a/kNXucZk,Skimmer,Duos,
,589,2341747,pedal,https://imgur.com/a/WeZaJ2Y,Fighter,4TDM,
,590,2339500,Corrupt Y,https://imgur.com/a/SZd9L51,Spawner,Portal 4TDM,
,591,2336803,Mine,https://cdn.discordapp.com/attachments/395646588682240020/848664486884802610/screenshot_41.png,Bomber,Maze,
,592,2336305,Tommy,https://imgur.com/a/dEKsfgl,Auto Double,Maze,
,593,2334834,Buddy_Dog,https://imgur.com/gallery/VLkgXeB,Surfer,FFA,
,594,2332827,fortune,https://imgur.com/gallery/TqZSfL8,Fighter,Open TDM,
,595,2332115,[MG] Spin2Team,https://imgur.com/a/YA0nN16,Bomber,FFA,
,596,2331769,Stardust,https://imgur.com/gallery/2NFmPVG,Fighter,4TDM,
,597,2331121,secretlymas,https://imgur.com/a/dydccBs,Mega Smasher,2TDM,
,598,2329803,baking soda,https://i.imgur.com/6IIVDV0.png,Booster,Portal 4TDM,
,599,2327821,‚òÜ,https://imgur.com/a/7pzBCXq,Twister,Portal 4TDM,
,600,2327378,Asriel,http://imgur.com/a/IEUrjp1,Smasher,4TDM,
,601,2322344,pedal,https://imgur.com/a/natze2N,Fighter,Portal 4TDM,
,602,2321017,Mr.Chemistry,https://media.discordapp.net/attachments/706921138105877056/805245896396111889/screenshot_-_2021-01-30T201636.835.png,Fighter,4TDM,
,603,2319343,Hestefisk,https://imgur.com/a/tCE1im0,Fighter,FFA,
,604,2316221,NOT|megaball[VN],https://imgur.com/a/RAbSEM3,Mega Smasher,Squads,
,605,2315104,ùëâùì™ùì∑ùìÆùìºùìºùì™,https://imgur.com/a/Carqqfv,Bomber,Maze,
,606,2314088,Legenda,https://imgur.com/a/n0KKywp,Mortar,2TDM,
,607,2313735,Playee,https://ibb.co/pyCGQhB,Smasher,4TDM,
,608,2313267,4m,https://cdn.discordapp.com/attachments/579412094986878976/693124650531553280/Screenshot_4187.png,Bomber,FFA,
,609,2312381,Stradpult,https://media.discordapp.net/attachments/454578417745133580/574298883946184745/unknown.png,Surfer,FFA,
,610,2308860,ErrorAce.,https://imgur.com/a/UehbqgM,Twister,2TDM,
,611,2308014,ü•ïCrazy Carrotü•ï,https://media.discordapp.net/attachments/828820340724990022/843529707013275688/screenshot_15.png?,Fighter,FFA,
,612,2307545,jsohi,https://imgur.com/gallery/37N4CUh,Bomber,4TDM,
,613,2307138,WL9,https://cdn.discordapp.com/attachments/804848075813158944/829552281682575360/screenshot_-_2021-04-07T230243.496.png,Fighter,2TDM,
,614,2306516,LeVitate,https://imgur.com/a/fHALUnp,Landmine,4TDM,
,615,2304277,Roman,https://imgur.com/a/KUODT9X,Auto Tri-Angle,2TDM,
,616,2300261,Damocles,http://imgur.com/a/ZhFN6m5,Mega Smasher,Open TDM,
,617,2297624,Tommy,https://imgur.com/a/BJKJmAR,Mega Smasher,Portal 4TDM,
,618,2297201,Stradpult,https://media.discordapp.net/attachments/454578417745133580/548970476043501639/unknown.png,Surfer,FFA,
,619,2296666,pedal,https://imgur.com/a/lnYOZdJ,Mega Smasher,4TDM,
,620,2292355,Athu,https://cdn.discordapp.com/attachments/731494808475926531/837966033138089994/screenshot-1295.png,Fighter,FFA,
,621,2291300,rela üê£,https://media.discordapp.net/attachments/725995383800594488/842361696768753744/unknown.png,Bomber,Maze,
,622,2287416,evil isopod,https://media.discordapp.net/attachments/692247999920734238/692248131152117780/screenshot_84.png,Surfer,4TDM,
,623,2287389,Stradpult,https://media.discordapp.net/attachments/454578417745133580/763843649704296508/unknown.png,Auto Tri-Angle,FFA,
,624,2284684,Silvius,https://imgur.com/a/2ikgkNl,Fighter,FFA,
,625,2283908,Thing,https://media.discordapp.net/attachments/699754631873560717/725409951987793990/screenshot_-_2020-06-23T115052.846.png,Tri-Angle,FFA,
,626,2282448,Anto,https://cdn.discordapp.com/attachments/395646588682240020/817749900514164736/unknown.png,Fighter,4TDM,
,627,2281551,From Asia,https://imgur.com/a/RS17klu,Auto Tri-Angle,Maze 4TDM,
,628,2280368,Rog456,https://cdn.discordapp.com/attachments/395646588682240020/700944546338701322/screenshot_64.png,Mega Smasher,4TDM,
,629,2272745,Stradpult,https://media.discordapp.net/attachments/454578417745133580/655146381253541930/unknown.png,Mortar,FFA,
,630,2271959,rela üê£,https://imgur.com/gallery/w0UHaQI,Fighter,Squads,
,631,2269810,NOT|megaball[VN,https://imgur.com/a/iAqyu3h,Booster,Squads,
,632,2269602,‚òÜ,https://imgur.com/a/LufhoFk,Skimmer,2TDM,
,633,2269508,Awootube,https://imgur.com/a/VIe59D3,Surfer,Open TDM,
,634,2267615,Ôº¥ÔΩàÔΩÖ  ÔºµÔΩéÔΩãÔΩéÔΩèÔΩóÔΩé,https://imgur.com/a/OPB2QWL,Auto-5,Duos,
,635,2264727,TacoCat,https://imgur.com/a/A6425Jk,Auto Smasher,Open TDM,
,636,2264202,baking soda,https://i.imgur.com/Y6hmbav.png,Auto Smasher,4TDM,
,637,2262813,Stradpult,https://media.discordapp.net/attachments/454578417745133580/700632350517624872/unknown.png,Fighter,FFA,
,638,2261676,baking soda,https://i.imgur.com/kL21lWT.png,Auto Tri-Angle,FFA,
,639,2259293,<‚ùÇ> ‚Ç≠«ør…áa,https://imgur.com/gallery/vcsJoiE,Tri-Angle,2TDM,
,640,2257021,thonk,https://imgur.com/a/5RgPzG8,Mega Smasher,Maze 2TDM,
,641,2256684,EB,https://imgur.com/a/OVyMK7K,Booster,2TDM,
,642,2256305,Mr.Chemistry,https://imgur.com/a/ZQ805gj,Surfer,Duos,
,643,2255177,Stradpult,https://media.discordapp.net/attachments/395646588682240020/615541451220189187/unknown.png,Surfer,FFA,
,644,2254924,ùëâùì™ùì∑ùìÆùìºùìºùì™,https://imgur.com/a/ChASmPh,Auto Tri-Angle,Maze,
,645,2253658,Smiley,https://imgur.com/a/0bO5ptt,Twister,4TDM,
,646,2253016,Chat Noir,https://imgur.com/a/nvpqC8x,Battleship,2TDM,
,647,2247144,Damocles,https://www.reddit.com/r/Diep2io/comments/jvor42/ÊàëÁöÑÁ¨¨‰∏ÄÁôæ‰∏áÂíå‰∏§Áôæ‰∏á/?utm_medium=android_app&utm_source=share,Fighter,Open TDM,
,648,2246650,evil isopod,https://media.discordapp.net/attachments/692117530487029851/694745064014086214/screenshot_84.png,Artillery,Open TDM,
,649,2246288,Thing,https://imgur.com/a/1Ad7Cjf,Auto Tri-Angle,4TDM,
,650,2246251,rela üê£,https://imgur.com/gallery/rJMahcb,Fighter,Maze,
,651,2244351,Tommy,https://imgur.com/a/5Ml9VWX,Auto Double,Maze,
,652,2243504,rela üê£,https://imgur.com/gallery/PvLKB3Q,Auto Tri-Angle,Maze,
,653,2243278,rela üê£,https://media.discordapp.net/attachments/395646588682240020/725635714628190289/unknown.png,Surfer,FFA,
,654,2243212,KSK,https://imgur.com/gallery/b9rhnhC,Ordnance,2TDM,
,655,2242183,Quad,https://i.imgur.com/WRobTfG.png,Surfer,FFA,
,656,2242089,ThunderFlame,https://www.dropbox.com/sh/judu064n6fkoem7/AAA7xahhlWsMlDzVOYB4JHXGa?dl=0,Bomber,FFA,
,657,2239746,rela üê£,https://imgur.com/gallery/OgoXSeS,Booster,Maze,
,658,2239127,Nyrox,https://imgur.com/PWLnuV3,Fighter,FFA,
,659,2238229,Quad,https://i.imgur.com/d5Hmj1J.png,Auto Tri-Angle,Open TDM,
,660,2234084,S3CR3T,https://cdn.discordapp.com/attachments/395646588682240020/559387997070426133/Kepernyofelvetel_31.png,Auto Tri-Angle,FFA,
,661,2232344,pedal,https://imgur.com/a/natze2N,Fighter,4TDM,
,662,2228588,Stradpult,https://media.discordapp.net/attachments/454578417745133580/785197839759572992/unknown.png,Fighter,FFA,
,663,2228276,evil isopod,https://cdn.discordapp.com/attachments/574665755887534101/651571456915931141/unknown.png,Fighter,4TDM,
,664,2227849,Valkyrie üå†,https://imgur.com/a/POHNEhy,Auto Tri-Angle,FFA,
,665,2223728,Quad,https://i.imgur.com/N8Q3TlH.png,Fighter,FFA,
,666,2221752,[MG] Spin2Team,https://cdn.discordapp.com/attachments/557386978782609428/819291417683427348/screenshot_-_2021-03-10T112443.035.png,Fighter,FFA,
,667,2221553,ü¶ÜGot Any Grapes?ü¶Ü,https://photos.app.goo.gl/Uj4S8ewPB1DPKADP8,Mega Smasher,Portal 4TDM,
,668,2220937,uhhh ._.,https://imgur.com/a/IEXN71g,Poacher,Squads,
,669,2218830,Denied,https://imgur.com/a/pJv5Qe6,Double Twin,4TDM,
,670,2218340,rela üê£,https://imgur.com/gallery/NjriBt5,Fighter,Maze,
,671,2217975,Oganesson 118,https://imgur.com/gallery/OukT3G4,Artillery,4TDM,
,672,2216824,<‚ùÇ> ‚Ç≠«ør…áa,https://cdn.discordapp.com/attachments/731494808475926531/839138936151867402/screenshot_-_2021-05-03T212945.769.png,Surfer,Squads,
,673,2213947,Ice Cream Samich,https://imgur.com/a/syZdDYT,Auto Tri-Angle,Open TDM,
,674,2213060,Icewalk,https://imgur.com/gallery/htjtjoQ,Auto Tri-Angle,Portal 4TDM,
,675,2212146,Darky,https://imgur.com/a/qWYwVm4,Poacher,FFA,
,676,2210954,Stradpult,https://imgur.com/gallery/DDv90b2,Fighter,2TDM,
,677,2208151,istiR,https://cdn.discordapp.com/attachments/395646588682240020/548577092707680256/unknown.png,Artillery,FFA,
,678,2207757,evil isopod,https://media.discordapp.net/attachments/790127153223434240/793333339330576394/screenshot_-_2020-12-28T232132.141.png,Mega Smasher,2TDM,
,679,2207191,TacoCat,https://imgur.com/a/6f0sSHG,Necromancer,Open TDM,
,680,2200616,WL9,https://cdn.discordapp.com/attachments/790400452528963604/807012798777393203/screenshot_-_2021-02-04T171925.922.png,Smasher,4TDM,
,681,2197693,Die?,https://imgur.com/a/B5VRxMr,Barricade,2TDM,
,682,2197185,Mr.Chemistry,https://media.discordapp.net/attachments/768153197042335754/801549696844693504/image0.png,Surfer,Open TDM,
,683,2195000,Soog,https://www.youtube.com/watch?v=asTAKK6wbpk,Necromancer,4TDM,
,684,2194065,Athu,https://cdn.discordapp.com/attachments/703564378464583700/802524314381451284/image0.png,Fighter,Open TDM,
,685,2190058,Legenda,https://cdn.discordapp.com/attachments/395646588682240020/698024098806104104/unknown.png,Fighter,Open TDM,
,686,2187680,Smiley,https://imgur.com/a/OFIG84H,Bomber,4TDM,
,687,2184802,<‚ùÇ> ‚Ç≠«ør…áa,https://imgur.com/gallery/vQSwg6X,Tri-Angle,Open TDM,
,688,2182472,From Asia,https://imgur.com/gallery/B1q052p,Auto Tri-Angle,Squads,
,689,2182070,Silvius,https://imgur.com/a/bZmHX22,Skimmer,4TDM,
,690,2181955,evil isopod,https://imgur.com/a/ekOOhmB,Sidewinder,Squads,
,691,2181566,ExC,https://media.discordapp.net/attachments/504983774409392128/714163897082314802/2.1mMegaSmasher.png,Mega Smasher,4TDM,
,692,2179407,Tommy,https://imgur.com/a/hprK6OS,Auto Double,Maze,
,693,2179214,Xenom,https://imgur.com/a/WFhmR38,Skimmer,4TDM,
,694,2175196,O'Chunks,https://imgur.com/gallery/rFwOyUc,Auto-5,2TDM,
,695,2174785,Legenda,https://imgur.com/a/UZHCttq,Surfer,2TDM,
,696,2174420,Thing,https://media.discordapp.net/attachments/711019855196717175/714585907470008340/screenshot_-_2020-05-25T165430.526.png,Barricade,FFA,
,697,2173384,<‚ùÇ> ‚Ç≠«ør…áa,https://imgur.com/a/Zqg9QFR,Surfer,Open TDM,
,698,2170215,Awootube,https://www.reddit.com/r/BATTLESHIP_CHAN_CLAN_/comments/kqcf6g/im_god_prove_me_wrong_stakr_lmaooooooo_small_wr/,Battleship,Squads,
,699,2170119,rela üê£,https://imgur.com/gallery/zAyavac,Fighter,Maze,
,700,2169124,Wookie,https://imgur.com/gallery/jedW6hS,Skimmer,2TDM,
,701,2167561,jax,https://media.discordapp.net/attachments/826597893057150976/866276992570621962/screenshot_-_2021-07-18T131452.500.png?,Poacher,Maze,
,702,2166565,Jake,https://imgur.com/a/dlFaOQS,Mega Smasher,4TDM,
,703,2164286,Damocles,https://imgur.com/a/40tAgI2,Barricade,4TDM,
,704,2163121,Absol,https://cdn.discordapp.com/attachments/529288257905754112/687386900301873265/unknown.png,Surfer,FFA,
,705,2160803,Alpha,https://media.discordapp.net/attachments/848329697489322004/849684020870381568/unknown.png,Booster,4TDM,
,706,2157937,ü¶ÜGot Any Grapes?ü¶Ü,https://photos.app.goo.gl/tpBd23CG2yLMevJWA,Mega Smasher,Maze 2TDM,
,707,2157580,Mr.Hacker YT,https://imgur.com/gallery/lYrqAaA,Auto Spawner,Maze,
,708,2156572,ü•ïCrazy Carrotü•ï,https://imgur.com/a/UrkQjLb,Surfer,FFA,
,709,2155154,DragonFiire,https://ibb.co/album/naXLLa,Barricade,FFA,
,710,2154374,u/DaGreenball,https://imgur.com/fl0Tv8m,Auto-5,FFA,
,711,2153575,WL9,https://cdn.discordapp.com/attachments/817974741633728522/830629281197064192/screenshot_-_2021-04-10T222243.687.png,Necromancer,4TDM,
,712,2152543,Rog456,https://imgur.com/a/o8oH1ZJ,Mega Smasher,Maze 4TDM,
,713,2149910,NOT|megaball[VN],https://imgur.com/HhtB3iv,Mega Smasher,Maze 4TDM,
,714,2148544,Tommy,https://cdn.discordapp.com/attachments/788900782589870099/855118271712198735/screenshot_35.png,Twister,FFA,
,715,2147288,Chaos,https://imgur.com/a/5HzZgl2,Auto Tri-Angle,FFA,
,716,2146183,Corrupt Y,https://cdn.discordapp.com/attachments/395646588682240020/727591054991163573/unknown.png,Fighter,4TDM,
,717,2145541,Quad,https://i.imgur.com/yjlF3CW.png,Fighter,4TDM,
,718,2141259,baking soda,https://i.imgur.com/WYsfOls.png,Crossbow,FFA,
,719,2139162,Mr.Hacker YT,https://imgur.com/gallery/fb9WfZ2,Auto Spawner,Duos,
,720,2138835,2 Lagcreator,https://imgur.com/JbtpnWx,Fighter,FFA,
,721,2137255,Suika,https://cdn.discordapp.com/attachments/395646588682240020/770306146766290964/unknown.png,Fighter,FFA,
,722,2137091,NOT|megaball[VN],https://imgur.com/a/h3WTgrx,Mega Smasher,Maze 4TDM,
,723,2136338,Stradpult,https://media.discordapp.net/attachments/395646588682240020/567751097448661002/unknown.png,Necromancer,4TDM,
,724,2135758,DevŒ±,https://cdn.discordapp.com/attachments/725995383800594488/727029673237676082/unknown.png,Surfer,2TDM,
,725,2135217,Shadowstalker,https://imgur.com/a/8A2FZdp,Surfer,Maze,
,726,2134250,Thx m8,https://cdn.discordapp.com/attachments/747714118118670378/806200371282182164/screenshot_-_2021-02-02T104623.527.png,Surfer,Squads,
,727,2133817,Stradpult,https://media.discordapp.net/attachments/454578417745133580/650040824050221101/unknown.png,Fighter,FFA,
,728,2133258,[VN]Need friend,https://imgur.com/gmgDjlC,Skimmer,2TDM,
,729,2130785,4m,https://cdn.discordapp.com/attachments/395646588682240020/646374559548964865/unknown.png,Fighter,FFA,
,730,2130150,jax,https://imgur.com/a/0QRwAkd,Tri-Angle,Maze 4TDM,
,731,2129109,Quad,https://i.imgur.com/K49zLqz.png,Surfer,Maze,
,732,2128342,Athu,https://cdn.discordapp.com/attachments/395646588682240020/819492216111759370/image0.png,Fighter,Squads,
,733,2128336,‚ô°…¢·¥Ä·¥ç·¥á·¥è·¥†·¥á Ä‚ô°,https://imgur.com/a/QLB8rAe,Auto Tri-Angle,Squads,
,734,2127184,Oganesson 118,https://imgur.com/a/o0rak3u,Artillery,FFA,
,735,2125281,Eternity,https://cdn.discordapp.com/attachments/395646588682240020/555220482220228609/Screenshot_107.png,Booster,2TDM,
,736,2122762,Kei üáØüáµ,http://imgur.com/gallery/3WHJ8Cp,Twister,Duos,
,737,2121375,Legenda,https://imgur.com/a/2ny4T0d,Bomber,4TDM,
,738,2121337,Anto,https://imgur.com/a/0QP2EOj,Bomber,FFA,
,739,2118360,Vinh HD,https://media.discordapp.net/attachments/836342692187209761/849552519940407316/screenshot_37.png,Mega Smasher,Squads,
,740,2117905,ŒπŒ±,https://imgur.com/gallery/WoqiEqW,Ordnance,Open TDM,
,741,2116479,Stradpult,https://media.discordapp.net/attachments/454578417745133580/818158343322861568/unknown.png,Surfer,4TDM,
,742,2116072,Quad,https://i.imgur.com/JHboiaL.png,Surfer,FFA,
,743,2113867,baking soda,https://i.imgur.com/BnX29TR.png,Bomber,4TDM,
,744,2110848,[üçû]little one <3üç´üç¶üçë,https://imgur.com/a/ZmUEjvd,Auto Tri-Angle,Maze 4TDM,
,745,2110735,Anto,https://cdn.discordapp.com/attachments/790131315139543040/815569115787034634/unknown.png,Fighter,4TDM,
,746,2110353,rela üê£,https://imgur.com/gallery/MaIFZSc,Surfer,Maze,
,747,2110219,ùëâùì™ùì∑ùìÆùìºùìºùì™,https://imgur.com/a/pc9cSs7,Tri-Angle,Portal 4TDM,
,748,2108930,a letter a,https://imgur.com/a/9FFkFiQ,Skimmer,Open TDM,
,749,2107207,Honey,https://cdn.discordapp.com/attachments/789262980176150549/843097063256621086/screenshot_12.png,Surfer,FFA,
,750,2107050,Anto,https://cdn.discordapp.com/attachments/790127153223434240/818593685158625320/unknown.png,Auto Tri-Angle,4TDM,
,751,2105787,[MG] Beetle,https://imgur.com/a/FaFXeB3,Auto Smasher,4TDM,
,752,2101246,Quad,https://i.imgur.com/tAOOn0m.png,Fighter,4TDM,
,753,2101039,Damocles,https://www.reddit.com/r/Diep2io/comments/k1axyg/noob_15_failed_time/?utm_medium=android_app&utm_source=share,Fighter,FFA,
,754,2100814,Drunky,https://media.discordapp.net/attachments/803275741021208608/809023025361059890/aplha.PNG,Spike,Open TDM,
,755,2098927,Tommy,https://cdn.discordapp.com/attachments/395646588682240020/795630874325811200/screenshot_-_2021-01-04T133247.982.png,Battleship,FFA,
,756,2097160,crong,https://cdn.discordapp.com/attachments/395646588682240020/760890759880114216/screenshot_63.png,Mega Smasher,2TDM,
,757,2097067,Stradpult,https://media.discordapp.net/attachments/454578417745133580/722074619955118195/unknown.png,Fighter,FFA,
,758,2092556,jax,https://imgur.com/a/AYMenM4,Ordnance,2TDM,
,759,2091683,[MG] Spin2Team,https://imgur.com/a/V1K1NJE,Mega Smasher,4TDM,
,760,2090446,Thing,https://media.discordapp.net/attachments/690754797477036052/731313774610612224/screenshot_-_2020-07-10T205936.407.png,Booster,FFA,
,761,2089189,KC,https://imgur.com/a/zg48Iuy,Auto-5,Open TDM,
,762,2087679,jugg,https://imgur.com/gallery/5HytjSu,Armsman,Open TDM,
,763,2087120,Chaos,https://imgur.com/a/JsEqyGQ,Surfer,FFA,
,764,2085503,Thing,https://media.discordapp.net/attachments/699754631873560717/750034983971979394/screenshot_-_2020-08-31T123032.950.png,Fighter,Portal 4TDM,
,765,2084424,Stradpult,https://i.imgur.com/bXb3Ufm.png,Auto Double,FFA,
,766,2083907,Stradpult,https://media.discordapp.net/attachments/454578417745133580/690272285306912918/unknown.png,Fighter,FFA,
,767,2083698,Damocles,https://imgur.com/a/kPqpsxW,Surfer,4TDM,
,768,2083290,‚îÇDŒ∑B‚îÇ,https://imgur.com/gallery/f1596JN,Twister,Squads,
,769,2080808,eiowr,https://cdn.discordapp.com/attachments/395646588682240020/757677028920000703/Screenshot_2020-09-08_at_9.51.27_PM.png,Fighter,FFA,
,770,2080064,Mine,https://imgur.com/a/YDlY7Sq,Skimmer,Duos,
,771,2079857,Eternity,https://dl.airtable.com/KVYBUMvLRKtupEA3cR7I_Screenshot_665.png,Mortar,2TDM,
,771,2079857,Legenda,https://cdn.discordapp.com/attachments/395646588682240020/696817691192983672/unknown.png,Barricade,4TDM,
,773,2079808,Stardust,https://imgur.com/gallery/8GeFpyd,Predator,FFA,
,774,2079702,Stardust,https://imgur.com/gallery/moaUe7u,Surfer,FFA,
,775,2079322,evil isopod,https://media.discordapp.net/attachments/790131315139543040/826666210577612820/unknown.png,Fighter,4TDM,
,776,2079204,jugg,https://imgur.com/gallery/9sQmu4z,Auto Tri-Angle,Open TDM,
,777,2077206,Stradpult,https://media.discordapp.net/attachments/454578417745133580/714805451136434275/unknown.png,Fighter,FFA,
,778,2077132,From Asia,https://cdn.discordapp.com/attachments/802752222521589831/854008010070294558/screenshot_14.png,Fighter,Squads,
,779,2075619,Thing,https://media.discordapp.net/attachments/690754797477036052/729167429070225468/screenshot_-_2020-07-02T160142.832.png,Fighter,FFA,
,780,2075555,Silvius,https://imgur.com/a/EVmh6I2,Surfer,FFA,
,781,2075546,[MG] Spin2Team,https://cdn.discordapp.com/attachments/557386978782609428/803408250481541130/screenshot_-_2021-01-25T153658.044.png,Smasher,2TDM,
,782,2074324,Denied,https://www.youtube.com/watch?v=qPaj-vYe1Lk&feature=youtu.be,Double Twin,FFA,
,783,2073771,2 Lagcreator,https://imgur.com/gtqFhU3,Artillery,FFA,
,784,2073719,the_retarted_platypus,https://imgur.com/gallery/OA3IW2y,Auto Double,Maze,
,785,2072429,Stradpult,https://media.discordapp.net/attachments/454578417745133580/708656293925093436/unknown.png,Fighter,FFA,
,786,2071017,Thing,https://media.discordapp.net/attachments/688806806847488095/693520837428641883/arras.io_-_Google_Chrome_3_27_2020_3_38_58_PM.png,Fighter,FFA,
,787,2070773,Jake,https://imgur.com/a/g8QZRLn,Surfer,4TDM,
,788,2070511,Thing,https://imgur.com/a/g88TLpT,Bomber,Maze,
,789,2069003,rela üê£,https://imgur.com/gallery/NLT1nPZ,Auto Tri-Angle,Maze,
,790,2068065,pedal,https://media.discordapp.net/attachments/594730975599001608/724747664394289342/unknown.png?,Fighter,FFA,
,791,2067659,ü•ïCrazy Carrotü•ï,https://media.discordapp.net/attachments/579412094986878976/850748402924519454/screenshot_12.png?,Fighter,FFA,
,792,2064675,rela üê£,https://media.discordapp.net/attachments/725995383800594488/841920887622991878/unknown.png,Fighter,Squads,
,793,2062389,Hestefisk,https://cdn.discordapp.com/attachments/772457265482563585/812388848524591104/screenshot_-_2021-02-19T184336.211.png,Battleship,FFA,
,794,2062350,pedal,https://imgur.com/a/z7culAK,Fighter,2TDM,
,795,2062233,ExC,https://imgur.com/gallery/dPjGaMC,Surfer,4TDM,
,796,2060007,Thing,https://media.discordapp.net/attachments/715521899723227178/717743866580697179/screenshot_-_2020-06-02T213212.552.png,Mega Smasher,2TDM,
,797,2059805,O'Chunks,https://imgur.com/gallery/z1sW4ci,Mega Smasher,2TDM,
,798,2058265,üå∑|retnuH,https://imgur.com/gallery/nJLXYH3,Twister,Maze,
,799,2057248,Barzone,https://cdn.discordapp.com/attachments/712064585003302934/714644743677804634/owo.jpg,Barricade,FFA,
,800,2057235,Quad,https://i.imgur.com/TvL9sfh.png,Auto Spawner,Squads,
,801,2056801,DragonFiire,https://ibb.co/album/b1FO6F,Barricade,FFA,
,802,2056333,Otobus,https://cdn.discordapp.com/attachments/725995383800594488/816563458471886858/screenshot_-_2021-03-03T144812.487.png,Surfer,4TDM,
,803,2055907,rela üê£,https://imgur.com/gallery/1dHGxTt,Barricade,Maze,
,804,2054989,[MG] Spin2Team,https://imgur.com/a/m4j3gw5,Bomber,Squads,
,805,2054403,Crazoodles,https://media.discordapp.net/attachments/790127153223434240/791523415831478302/unknown.png?,Sidewinder,Open TDM,
,806,2053325,rela üê£,https://media.discordapp.net/attachments/725995383800594488/815506319091957780/unknown.png,Fighter,Squads,
,807,2051454,4m,https://cdn.discordapp.com/attachments/646099888668409856/661616717344276506/Screenshot_3411.png,Mega Smasher,FFA,
,808,2051217,evil isopod,https://imgur.com/a/7VM43in,Engineer,FFA,
,809,2049766,<‚ùÇ> ‚Ç≠«ør…áa,https://imgur.com/gallery/cBXx41U,Duos,Squads,
,810,2049707,Tommy,https://imgur.com/a/m98alXE,Auto Tri-Angle,FFA,
,811,2049442,Stradpult,https://media.discordapp.net/attachments/454578417745133580/786966770589499412/unknown.png,Surfer,FFA,
,812,2048726,asd,https://imgur.com/a/wrxFSov,Mega Smasher,4TDM,
,813,2048663,ASkib,https://imgur.com/a/79xPYBE,Ordnance,Squads,
,814,2044426,Falcon-chan,https://imgur.com/gallery/AumLUEU,Fighter,FFA,
,815,2043936,Mine,https://imgur.com/a/ayM4uN0,Hunter,2TDM,
,816,2043393,Denied,https://cdn.discordapp.com/attachments/395646588682240020/542760157172727818/arras.io_-_Google_Chrome_06_02_2019_17_34_02.png,Double Twin,FFA,
,817,2042428,rela üê£,https://imgur.com/gallery/lMwe9IH,Surfer,Maze,
,818,2041832,nata,https://cdn.discordapp.com/attachments/433431402613309440/723553689813647410/3.png,Auto Double,FFA,
,819,2041155,Suika,https://cdn.discordapp.com/attachments/395646588682240020/769726653161013288/unknown.png,Fighter,FFA,
,820,2040946,Zeo'Xe,https://cdn.discordapp.com/attachments/395646588682240020/589715994520453130/Screenshot_35.png,Fighter,FFA,
,821,2039276,ASkib,https://media.discordapp.net/attachments/731498658276835398/882844397648109568/unknown.png,Poacher,FFA,
,822,2038825,evil isopod,https://media.discordapp.net/attachments/715796594921832449/725891098139951144/screenshot_-_2020-06-25T214823.240.png?,Fighter,FFA,
,823,2038576,EB,https://imgur.com/a/tALeuol,Surfer,FFA,
,824,2038494,<‚ùÇ> ‚Ç≠«ør…áa,https://imgur.com/gallery/oEV59Le,Tri-Angle,Squads,
,825,2038462,Playee,https://imgur.com/a/yssJqyJ,Spike,Duos,
,826,2037426,OnyxD,https://imgur.com/a/lFADv4Q,Ordnance,2TDM,
,827,2035578,Stradpult,https://imgur.com/gallery/4MOckBR,Necromancer,Open TDM,
,828,2034770,rela üê£,https://imgur.com/gallery/QWAoSxP,Fighter,Squads,
,829,2034327,ejv,https://imgur.com/gallery/IMCAQAe,Poacher,4TDM,
,830,2034049,Quad,https://i.imgur.com/J9AEIun.png,Bomber,4TDM,
,831,2033843,Rosencrantz and Guildenstern,https://imgur.com/a/w1CzrfC,Fighter,Open TDM,
,832,2033825,ü•ïCrazy Carrotü•ï,https://media.discordapp.net/attachments/579412094986878976/853544389178425374/screenshot_4.png?,Hunter,FFA,
,833,2033582,Quad,https://imgur.com/a/EJvaxbU,Tri-Angle,Maze,
,834,2033194,Stradpult,https://i.imgur.com/yJHnRWq.png,Auto Double,FFA,
,835,2032641,Stradpult,https://media.discordapp.net/attachments/454578417745133580/645320715289100311/unknown.png,Surfer,FFA,
,836,2031793,ExC,https://cdn.discordapp.com/attachments/395646588682240020/840259600468672522/image0.png,Fighter,2TDM,
,837,2031521,Playee,https://imgur.com/a/zMpRH7h,Landmine,4TDM,
,838,2029741,Athu,https://cdn.discordapp.com/attachments/832221782328475668/833963069515759627/image0.jpg,Fighter,Open TDM,
,839,2028714,NOT|megaball[VN],https://imgur.com/K7BOkTP,Mega Smasher,Maze 4TDM,
,840,2027674,bean,https://cdn.discordapp.com/attachments/395646588682240020/694322824138981436/unknown.png,Fighter,Open TDM,
,841,2027312,evil isopod,https://cdn.discordapp.com/attachments/574665755887534101/640628441435078656/20191103_140654.jpg,Fighter,4TDM,
,842,2026607,Otobus,https://imgur.com/a/k8aaVZu,Surfer,Open TDM,
,843,2025612,[MG] Spin2Team,https://cdn.discordapp.com/attachments/557386978782609428/789619784995962910/screenshot_77.png,Bomber,Open TDM,
,844,2023987,Thing,https://media.discordapp.net/attachments/707689521994792984/733764397867991199/screenshot_-_2020-07-17T150515.879.png,Fighter,FFA,
,845,2022803,pedal,https://cdn.discordapp.com/attachments/395646588682240020/569221298798985231/unknown.png,Fighter,2TDM,
,846,2021905,pedal,https://imgur.com/a/7CvVsvk,Fighter,FFA,
,847,2021834,Legenda,https://cdn.discordapp.com/attachments/707689521994792984/722513612693962782/unknown.png,Fighter,2TDM,
,848,2021221,4m,https://cdn.discordapp.com/attachments/395646588682240020/762762168520409138/unknown.png,Fighter,FFA,
,849,2020266,Hertz,https://imgur.com/a/d7TFn3d,Tri-Angle,4TDM,
,849,2020266,Fencer,https://imgur.com/a/RoWid80,Tri-Angle,4TDM,
,851,2020246,Legenda,https://imgur.com/a/g27AB7w,Barricade,FFA,
,852,2020045,hi,https://media.discordapp.net/attachments/819241632288866364/850926669182533682/unknown.png,Surfer,4TDM,
,853,2019712,Laru,https://imgur.com/a/R61M72U,Booster,Squads,
,854,2019703,Quad,https://i.imgur.com/V6rhXzH.png,Fighter,FFA,
,855,2018702,ejv,https://imgur.com/gallery/LqiwR5L,Fighter,FFA,
,856,2017252,Mine,https://imgur.com/a/skVSS9D,Mega Smasher,Maze,
,857,2017148,toxic,https://imgur.com/a/kuA2dbe,Fighter,Open TDM,
,858,2016179,ExC,https://media.discordapp.net/attachments/769589549742948353/777726109722607646/unknown.png,Surfer,Open TDM,
,859,2013724,Stradpult,https://media.discordapp.net/attachments/454578417745133580/648935376588636161/unknown.png,Necromancer,4TDM,
,860,2013200,Stradpult,https://media.discordapp.net/attachments/454578417745133580/707644004308615238/unknown.png,Surfer,FFA,
,861,2012170,Suika,https://media.discordapp.net/attachments/395646588682240020/761606257357750312/unknown.png,Fighter,FFA,
,862,2011884,WL9,https://imgur.com/a/utaKOlX,Crossbow,FFA,
,863,2011466,ü•ïCrazy Carrotü•ï,https://imgur.com/a/uZFNseZ,Fighter,FFA,
,864,2011459,Stradpult,https://media.discordapp.net/attachments/454578417745133580/725335082256040046/unknown.png,Fighter,2TDM,
,865,2010846,Ôº¥ÔΩàÔΩÖ  ÔºµÔΩéÔΩãÔΩéÔΩèÔΩóÔΩé,https://imgur.com/a/vUTUnDN,Auto-5,Open TDM,
,866,2010801,Drunky,https://imgur.com/a/0LsXQBR,Mega Smasher,Maze 4TDM,
,867,2010691,Stradpult,https://media.discordapp.net/attachments/454578417745133580/627245682327158794/unknown.png,Fighter,FFA,
,868,2010201,Stradpult,https://media.discordapp.net/attachments/454578417745133580/712618062561411072/unknown.png,Fighter,FFA,
,869,2009693,hi,https://media.discordapp.net/attachments/819241632288866364/849446138099662878/unknown.png,Mega Smasher,4TDM,
,870,2008902,Ender,https://cdn.discordapp.com/attachments/790131315139543040/831094712374788106/screenshot_-_2021-04-12T110307.485.png,Surfer,FFA,
,871,2007225,ExC,https://cdn.discordapp.com/attachments/395646588682240020/832085603419160596/unknown.png,Surfer,2TDM,
,872,2006455,hi,https://cdn.discordapp.com/attachments/856614995802325032/865651040559824897/unknown.png,Ordnance,Duos,
,872,2006455,hi,https://imgur.com/a/69QbgVR,Ordnance,Duos,
,874,2005167,jugg,https://cdn.discordapp.com/attachments/809658629028184065/818352281270353970/image0.png,Fighter,Squads,
,875,2004858,Jake,https://imgur.com/a/LIQYT5w,Mega Smasher,FFA,
,876,2004607,ExC,https://cdn.discordapp.com/attachments/790127153223434240/818512748145016903/unknown.png,Fighter,FFA,
,877,2004442,Oganesson 118,https://imgur.com/gallery/FsQngfS,Barricade,FFA,
,878,2003569,evil isopod,https://media.discordapp.net/attachments/731866739691749378/733764777431531640/screenshot_79.png,Auto Tri-Angle,FFA,
,879,2002745,bum,https://imgur.com/a/kRofy8A,Poacher,FFA,
,880,2002469,VapTine YT,https://dl.airtable.com/qEnVj5FGTxCb9sMHjMma_FireShot_Capture_932_-_arras.io_-_http___arras.surge.sh_b.png,Artillery,4TDM,
,881,2001793,Stradpult,https://media.discordapp.net/attachments/454578417745133580/665968108397133846/unknown.png,Fighter,FFA,
,882,2001496,[MG] Beetle,https://imgur.com/a/LS0P39w,Spike,Maze,
,883,2001183,Die?,https://media.discordapp.net/attachments/966952616506585098/995607155988238397/unknown.png?width=819&height=655,Barricade,4TDM,
,884,2000956,WL9,https://cdn.discordapp.com/attachments/718244128743227422/826626966294626325/screenshot_-_2021-03-30T211551.642.png,Surfer,Open TDM,
,885,2000562,Otobus,https://cdn.discordapp.com/attachments/725995383800594488/806046526878515210/screenshot_-_2021-02-02T134032.322.png,Surfer,Squads,
,886,2000534,Quad,https://i.imgur.com/jOzI0dZ.png,Bomber,Maze,
,887,2000460,Thx m8,https://cdn.discordapp.com/attachments/747714118118670378/807190188949897267/screenshot_-_2021-02-05T125602.558.png,Surfer,Squads,
,888,2000257,[MG] Spin2Team,https://imgur.com/a/grXToUH,Surfer,FFA,
,889,2000087,From Asia,https://imgur.com/a/lNRZLYG,Crossbow,Squads,
,890,2000045,ExC,https://media.discordapp.net/attachments/790127153223434240/807387080630992936/Screenshot_662.png,Fighter,Open TDM,
,891,2000000,Damocles,https://imgur.com/a/MytzjG8,Mega Smasher,2TDM,