Timestamp,Status,Score,Name,Proof,Tank,Game Mode,Special Submission,Enter Extra Details (Like What Secondary Record You Are Submitting For Or Your Discord Tag like Road#6943):,,,
Thu Jul 19 2018 23:54:09 GMT-0400 (Eastern Daylight Time),~,177.01k,View Older Submissions,https://docs.google.com/spreadsheets/d/1iYS59nu9EOwu2fct0SaOxVV8ZwQBXld94AVvFdUggfo/edit#gid=0,<- View Older Subs,4TDM,,,,,
Sat Aug 06 2022 05:07:42 GMT-0400 (Eastern Daylight Time),v,2789175,Jackson,https://imgur.com/gallery/P7SbOVG,Director,2TDM,Highest Arras Scores,,,,
Sat Aug 06 2022 08:01:01 GMT-0400 (Eastern Daylight Time),x,1431941,üçÅüçÇ (New Player :D),,Octo Tank,2TDM,Secondary Record,,,,
Sat Aug 06 2022 08:01:53 GMT-0400 (Eastern Daylight Time),v,3219802,Thunder,https://imgur.com/a/RVNrdhf,Spike,2TDM,Highest Arras Scores,Daster#6248 - I wasn't expecting this score at all tbh,,,
Sat Aug 06 2022 08:29:57 GMT-0400 (Eastern Daylight Time),v,2234726,X...,https://imgur.com/a/2e5EPdF,Auto Builder,2TDM,Highest Arras Scores,X...#8469,,,
Sat Aug 06 2022 08:30:49 GMT-0400 (Eastern Daylight Time),v,2231931,üçÅüçÇ (New Player :D),https://imgur.com/Vp0PW2O,Octo Tank,2TDM,Highest Arras Scores,,,,
Sat Aug 06 2022 11:38:47 GMT-0400 (Eastern Daylight Time),x,6969,[ü©∏] G—î—ÇzŒπŒ±,,Manager,4TDM,Secondary Record,getzia#3527,,,
Sun Aug 07 2022 08:38:57 GMT-0400 (Eastern Daylight Time),x,1157340,üçÅüçÇ (New Player :D),https://imgur.com/vhG0KIc,Overlord,~~Other~~,Secondary Record,This record is from Half event lol,,,
Sun Aug 07 2022 20:28:56 GMT-0400 (Eastern Daylight Time),v,3564568,Jackson,https://imgur.com/gallery/AscPnfm,Bent Hybrid,Siege,Event Record,,,,
Mon Aug 08 2022 01:38:10 GMT-0400 (Eastern Daylight Time),v,2975845,Zeo'Xe,https://imgur.com/a/QZDeCJr,Commander,Squads-Duos,Highest Arras Scores,Dull#1559,,,
Mon Aug 08 2022 03:02:03 GMT-0400 (Eastern Daylight Time),v,2291290,jsohi,https://imgur.com/gallery/R7Z6Z5R,Triple Shot,2TDM,Highest Arras Scores,"aimed for 3m solo, but I died funny death",,,
Mon Aug 08 2022 22:04:33 GMT-0400 (Eastern Daylight Time),v,4226166,8,https://imgur.com/a/lUQOd2P,Battleship,2TDM,Highest Arras Scores,,,,
Tue Aug 09 2022 05:11:46 GMT-0400 (Eastern Daylight Time),v,1922949,Mine,https://imgur.com/a/EGugTY3,Poacher,Maze 2TDM,,,,,
Tue Aug 09 2022 08:32:52 GMT-0400 (Eastern Daylight Time),v,3001996,Septerion,https://imgur.com/gallery/az8Xawl,Minigun,Portal 4TDM,,Septerion#5154,,,
Tue Aug 09 2022 10:02:26 GMT-0400 (Eastern Daylight Time),v,2321750,Mine,https://imgur.com/a/fdA3Ia6,Swarmer,Maze 2TDM,Highest Arras Scores,,,,
Tue Aug 09 2022 22:28:44 GMT-0400 (Eastern Daylight Time),v,3116211,Mine,https://imgur.com/a/2lYCtyd,Hewn Double,Maze 4TDM,Highest Arras Scores,90 :),,,
Wed Aug 10 2022 05:23:17 GMT-0400 (Eastern Daylight Time),v,2003807,zo,https://imgur.com/a/wgd8NYr,Overlord,2TDM,Highest Arras Scores,,,,
Wed Aug 10 2022 07:11:32 GMT-0400 (Eastern Daylight Time),v,556564,SunIdea,https://imgur.com/a/6IsXJsL,Launcher,Open TDM,,lowest wr in arras :skull:,,,
Wed Aug 10 2022 10:30:49 GMT-0400 (Eastern Daylight Time),v,2578615,‚ôï,https://imgur.com/a/rcpXyao,Overtrapper,2TDM,,Dracul#2411,,,
Wed Aug 10 2022 13:04:00 GMT-0400 (Eastern Daylight Time),x,974055,Merry/DBM/Deception,,Overlord,Maze,Time Trials,he such perfect flash ;),,,
Wed Aug 10 2022 13:16:42 GMT-0400 (Eastern Daylight Time),v,3683276,üå∑|retnuH,https://imgur.com/gallery/X8q9h2f,Auto Builder,Portal 4TDM,Highest Arras Scores,–∫–∏–ª–ª–µ—Ä –≤–∞–Ω—è 666 222#3189,,,
Wed Aug 10 2022 14:52:12 GMT-0400 (Eastern Daylight Time),v,3094601,‚ôï,https://imgur.com/a/XNsI1V8,Ordnance,2TDM,Highest Arras Scores,Dracul#2411,,,
Wed Aug 10 2022 15:29:04 GMT-0400 (Eastern Daylight Time),v,2221370,Heatherly,https://imgur.com/a/qqG2KmT,Spawner,2TDM,Highest Arras Scores,,,,
Thu Aug 11 2022 02:00:09 GMT-0400 (Eastern Daylight Time),v,1005771,buff barricade,https://imgur.com/a/wAz6QeD,Auto Builder,Soccer,Event Record,,,,
Thu Aug 11 2022 16:02:18 GMT-0400 (Eastern Daylight Time),v,2687955,Heatherly,https://imgur.com/a/mokLQkv,Director,2TDM,Highest Arras Scores,,,,
Fri Aug 12 2022 03:34:18 GMT-0400 (Eastern Daylight Time),v,2482201,Mine,https://imgur.com/a/AgIZtr6,Octo Tank,Squads-Duos,Highest Arras Scores,,,,
Fri Aug 12 2022 04:53:38 GMT-0400 (Eastern Daylight Time),x,9999999, jfj dkje nj njkea n,https://imgur.com/sr219f0fc086031.gif,~~Other~~,~~Other~~,Highest Arras Scores,hn,,,
Fri Aug 12 2022 07:29:58 GMT-0400 (Eastern Daylight Time),v,3996892,ŒπŒ±,https://imgur.com/gallery/CfarO6b,Auto Tri-Angle,Squads-Duos,Highest Arras Scores,,,,
Fri Aug 12 2022 08:27:25 GMT-0400 (Eastern Daylight Time),v,1616870,Symphony,https://imgur.com/a/y4EhxMY,Manager,2TDM,,amongus,,,
Fri Aug 12 2022 09:04:40 GMT-0400 (Eastern Daylight Time),v,500000,‚öΩüîµŒ≤eta-chanüî¥‚öΩ,https://www.youtube.com/watch?v=fz-DJGB9DDs,Penta Shot,Assault,Secondary Record,This is a "Fastest Assault Game" record submitted by ROOC#2604. The record is "1:38.25".,,,
Fri Aug 12 2022 09:54:25 GMT-0400 (Eastern Daylight Time),v,1152137,Stardust,https://imgur.com/a/S0U4vKS,Overlord,Maze,,,,,
Fri Aug 12 2022 11:11:28 GMT-0400 (Eastern Daylight Time),x,5491359,Septerion ,https://imgur.com/gallery/KVoB6qT,Auto Overseer,2TDM,,Change my wr name from Septerion to septerion,,,
Fri Aug 12 2022 11:12:32 GMT-0400 (Eastern Daylight Time),x,4112299,Septerion,https://imgur.com/gallery/v4yeyRy,Auto Overseer,4TDM,,,,,
Fri Aug 12 2022 11:15:38 GMT-0400 (Eastern Daylight Time),x,2045329,Septerion,https://imgur.com/SuVuDQd,Director,4TDM,,,,,
Fri Aug 12 2022 11:17:12 GMT-0400 (Eastern Daylight Time),x,1572628,Septerion,https://imgur.com/a/5qQRvjH,Overlord,Maze 2TDM,,,,,
Fri Aug 12 2022 11:18:48 GMT-0400 (Eastern Daylight Time),x,2544341,Septerion,https://imgur.com/gallery/w98pVEk,Overlord,2TDM,,,,,
Fri Aug 12 2022 11:25:21 GMT-0400 (Eastern Daylight Time),x,1230947,Septerion,https://imgur.com/a/ITmh49n,Overlord,4TDM,,,,,
Fri Aug 12 2022 11:52:27 GMT-0400 (Eastern Daylight Time),v,918171,Septerion,https://imgur.com/a/vxoLM0j,Overdrive,2TDM,,,,,
Fri Aug 12 2022 12:06:45 GMT-0400 (Eastern Daylight Time),x,1042201,Septerion,https://imgur.com/a/epjDjZu,Auto Overseer,Maze 2TDM,,,,,
Fri Aug 12 2022 12:11:19 GMT-0400 (Eastern Daylight Time),x,943759,Septerion,https://imgur.com/a/BOFNLHT,Manager,2TDM,,,,,
Fri Aug 12 2022 12:16:32 GMT-0400 (Eastern Daylight Time),x,2115605,Septerion,https://imgur.com/a/DJ2IcJC,Commander,2TDM,,,,,
Fri Aug 12 2022 12:19:53 GMT-0400 (Eastern Daylight Time),x,1017441,Septerion,https://imgur.com/a/UzWV6Ur,Manager,4TDM,,,,,
Fri Aug 12 2022 12:34:33 GMT-0400 (Eastern Daylight Time),x,4126631,SunIdea,https://imgur.com/a/qtvurdN,Overlord,4TDM,,,,,
Fri Aug 12 2022 12:36:50 GMT-0400 (Eastern Daylight Time),x,1152123,SunIdea,https://imgur.com/a/Ci2Ekhl,Commander,Portal 4TDM,,,,,
Fri Aug 12 2022 12:54:38 GMT-0400 (Eastern Daylight Time),x,1018695,SunIdea,https://imgur.com/a/zjrfqJH,Overlord,Maze 4TDM,,,,,
Fri Aug 12 2022 13:06:00 GMT-0400 (Eastern Daylight Time),v,1600310,edamame„Å®„ÅÑ„Åµ‰∫∫,https://imgur.com/a/CvN8kCE,Manager,Squads-Duos,,"This record is going to be overtaken soon, but I'll submit it anyway",,,
Fri Aug 12 2022 13:57:17 GMT-0400 (Eastern Daylight Time),v,549054,SunIdea,https://imgur.com/a/z0nBDD1
,Commander,FFA,,this wr is so easy to beat but i still submit xd,,,
Fri Aug 12 2022 16:45:55 GMT-0400 (Eastern Daylight Time),v,2132198,Heatherly,https://imgur.com/a/DFbmHpu,Factory,2TDM,Highest Arras Scores,,,,
Fri Aug 12 2022 17:27:22 GMT-0400 (Eastern Daylight Time),v,1258144,Heatherly,https://imgur.com/a/WknIj1C,Overlord,Maze,,,,,
Fri Aug 12 2022 18:39:37 GMT-0400 (Eastern Daylight Time),v,3218143,cyan,https://imgur.com/a/ipvgkOv,Auto Double,Maze 2TDM,Highest Arras Scores,,,,
Fri Aug 12 2022 20:28:33 GMT-0400 (Eastern Daylight Time),x,1517695,Xenom,https://imgur.com/a/1imOb16,Overseer,Squads-Duos,,Xenom#6741,,,
Fri Aug 12 2022 20:32:04 GMT-0400 (Eastern Daylight Time),v,1496643,Xenom,https://imgur.com/a/3asMEsU,Underseer,Maze 2TDM,,Xenom#6741,,,
Fri Aug 12 2022 22:34:25 GMT-0400 (Eastern Daylight Time),v,1272433,Septerion,https://imgur.com/a/OsIjGOs,Manager,4TDM,,sorry about the other submissions mb,,,
Fri Aug 12 2022 22:41:29 GMT-0400 (Eastern Daylight Time),v,1304512,Stardust,https://imgur.com/a/Csf6Kak,Overlord,Maze,,,,,
Fri Aug 12 2022 23:10:14 GMT-0400 (Eastern Daylight Time),v,804327,Jackson,https://imgur.com/gallery/9qHlReZ,Sniper,Soccer,Event Record,,,,
Fri Aug 12 2022 23:32:37 GMT-0400 (Eastern Daylight Time),x,1237519,Symphony,https://imgur.com/a/gomrpsl,Commander,FFA,,no,,,
Sat Aug 13 2022 00:28:30 GMT-0400 (Eastern Daylight Time),v,2000633,X...,https://imgur.com/a/lxM3PZ4,Auto Smasher,2TDM,Highest Arras Scores,X...#8469,,,
Sat Aug 13 2022 01:26:37 GMT-0400 (Eastern Daylight Time),v,5753120,Crown the √ñ.,https://imgur.com/a/WccOoCk,Cyclone,FFA,Highest Arras Scores,√ñ.#4129,,,
Sat Aug 13 2022 01:28:01 GMT-0400 (Eastern Daylight Time),v,7271725,Crown the √ñ.,https://imgur.com/a/PsBbWxk,Gunner Trapper,4TDM,Highest Arras Scores,√ñ.#4129,,,
Sat Aug 13 2022 01:29:21 GMT-0400 (Eastern Daylight Time),v,3351808,Crown the √ñ.,https://imgur.com/a/898csJ0,Mega Smasher,Open TDM,Highest Arras Scores,√ñ.#4129,,,
Sat Aug 13 2022 01:31:40 GMT-0400 (Eastern Daylight Time),v,2859925,Crown the √ñ.,https://imgur.com/a/IJs8POc,Ordnance,Portal 4TDM,Highest Arras Scores,√ñ.#4129,,,
Sat Aug 13 2022 01:34:09 GMT-0400 (Eastern Daylight Time),v,3697761,Crown the √ñ.,https://imgur.com/a/yn5xwFm,Skimmer,Portal 4TDM,Highest Arras Scores,√ñ.#4129,,,
Sat Aug 13 2022 01:37:33 GMT-0400 (Eastern Daylight Time),v,7032477,Crown the √ñ.,https://imgur.com/a/OdANkqX,Smasher,4TDM,Highest Arras Scores,:√ñ:#4129,,,
Sat Aug 13 2022 01:41:58 GMT-0400 (Eastern Daylight Time),x,2098510,Xenom,https://i.imgur.com/XTanrpY.jpg,Manager,4TDM,Highest Arras Scores,Xenom#6741,,,
Sat Aug 13 2022 01:46:11 GMT-0400 (Eastern Daylight Time),v,750435,Symphony,https://imgur.com/a/ZmAEgJU,Overlord,4TDM,,speed run,,,
Sat Aug 13 2022 03:35:47 GMT-0400 (Eastern Daylight Time),v,1505176,‚ò† ü·¥Ä…¢ –º·¥Äs—Ç·¥á Ä‚ò†,https://imgur.com/a/EoeccRz,Auto Overseer,Open TDM,,Ïô∏Î°úÏö¥#6349,,,
Sat Aug 13 2022 03:36:55 GMT-0400 (Eastern Daylight Time),v,1002953,‚ò† ü·¥Ä…¢ –º·¥Äs—Ç·¥á Ä‚ò†,https://imgur.com/a/Ubztmtw,Manager,FFA,,Ïô∏Î°úÏö¥#6349,,,
Sat Aug 13 2022 04:52:06 GMT-0400 (Eastern Daylight Time),v,658159,Neptuun,https://imgur.com/gallery/hpXamRG,Commander,2TDM,,waaaahhhhhhhhhhhhhhh,,,
Sat Aug 13 2022 05:53:42 GMT-0400 (Eastern Daylight Time),v,597578,Neptuun,https://imgur.com/gallery/kD4LEUG,Commander,Maze,,ok,,,
Sat Aug 13 2022 06:27:15 GMT-0400 (Eastern Daylight Time),v,542250,Neptuun,https://imgur.com/gallery/mgcrdrG,Commander,4TDM,,.,,,
Sat Aug 13 2022 07:06:58 GMT-0400 (Eastern Daylight Time),v,3030840,Quad,https://i.imgur.com/PzQr5jZ.png,Overdrive,4TDM,Highest Arras Scores,necro hunted corrupt for 3+ hours while I was afk ,,,
Sat Aug 13 2022 07:31:40 GMT-0400 (Eastern Daylight Time),v,650365,ŒπŒ±,https://imgur.com/gallery/HliZm73,Overseer,FFA,Highest Arras Scores,,,,
Sat Aug 13 2022 08:07:51 GMT-0400 (Eastern Daylight Time),v,3776845,Corrupt Y,https://imgur.com/a/ZsNcJH4,Cruiser,4TDM,Highest Arras Scores,,,,
Sat Aug 13 2022 08:14:50 GMT-0400 (Eastern Daylight Time),v,1439712,Septerion,https://imgur.com/a/IflV43T,Banshee,4TDM,,,,,
Sat Aug 13 2022 10:12:24 GMT-0400 (Eastern Daylight Time),x,1192849,Septerion,https://imgur.com/a/gbdlZJP,Overdrive,Maze,,,,,
Sat Aug 13 2022 11:00:18 GMT-0400 (Eastern Daylight Time),v,629702,Septerion,https://imgur.com/a/dCvnYex,Banshee,Maze,,,,,
Sat Aug 13 2022 11:47:33 GMT-0400 (Eastern Daylight Time),v,677167,Septerion,https://imgur.com/a/NzCbe4b,Auto Overseer,FFA,,,,,
Sat Aug 13 2022 12:11:08 GMT-0400 (Eastern Daylight Time),x,750841,fe,https://imgur.com/a/2LKdcaT,Overseer,Maze 4TDM,,xSnowx~#9345,,,
Sat Aug 13 2022 12:34:05 GMT-0400 (Eastern Daylight Time),v,738960,you tried ‚òÜ,https://imgur.com/a/n36mIUe,Carrier,Tag,Event Record,,,,
Sat Aug 13 2022 12:36:56 GMT-0400 (Eastern Daylight Time),v,1509718,SunIdea,https://imgur.com/a/0zLMMtQ,Auto Overseer,Maze,,,,,
Sat Aug 13 2022 12:59:48 GMT-0400 (Eastern Daylight Time),v,518386,you tried ‚òÜ,https://imgur.com/a/oFCOPPI,Auto Spawner,Tag,Event Record,,,,
Sat Aug 13 2022 14:18:35 GMT-0400 (Eastern Daylight Time),v,3697761,Crown the √ñ.,https://imgur.com/a/lck4NkR,Skimmer,Portal 4TDM,Highest Arras Scores,actual proof for skimmer p4,,,
Sat Aug 13 2022 17:40:13 GMT-0400 (Eastern Daylight Time),v,1519130,Stardust,https://imgur.com/a/fQ31par,Commander,Maze,,,,,
Sat Aug 13 2022 21:02:01 GMT-0400 (Eastern Daylight Time),v,711799,Jackson,https://imgur.com/gallery/toLiEZM,Overlord,Open TDM,,This is the only time im getting this LOL,,,
Sun Aug 14 2022 00:21:47 GMT-0400 (Eastern Daylight Time),v,4448741,Jackson,https://imgur.com/gallery/5N4PxXB,Triple Shot,Siege,Event Record,,,,
Sun Aug 14 2022 07:47:27 GMT-0400 (Eastern Daylight Time),v,2214757,Quad,https://i.imgur.com/tqtgL5c.png,Fighter,2TDM,Highest Arras Scores,,,,
Sun Aug 14 2022 08:20:50 GMT-0400 (Eastern Daylight Time),v,1005742,Septerion,https://imgur.com/a/6iQKHI2,Overlord,2TDM,,,,,
Sun Aug 14 2022 09:00:08 GMT-0400 (Eastern Daylight Time),x,563113,Septerion,,Commander,2TDM,,I do not care about the score,,,
Sun Aug 14 2022 09:23:46 GMT-0400 (Eastern Daylight Time),v,514608,Septerion,https://imgur.com/a/QQf1uQv,Overseer,2TDM,,,,,
Sun Aug 14 2022 10:45:36 GMT-0400 (Eastern Daylight Time),v,2254813,HiYouHavePolio,https://imgur.com/a/mrTRHCJ,Cyclone,Portal 4TDM,,i forgot to ss the first 1m,,,
Sun Aug 14 2022 12:42:52 GMT-0400 (Eastern Daylight Time),v,827084,SunIdea,https://imgur.com/a/mRIWKvv,Commander,2TDM,,,,,
Sun Aug 14 2022 17:44:45 GMT-0400 (Eastern Daylight Time),v,620735,ùêî,https://imgur.com/a/XAEFhY5,Auto Spawner,Assault,Event Record,,,,
Sun Aug 14 2022 17:45:39 GMT-0400 (Eastern Daylight Time),v,747941,ùêî,https://imgur.com/a/iwXX2Wy,Auto-5,Assault,Event Record,,,,
Sun Aug 14 2022 17:46:56 GMT-0400 (Eastern Daylight Time),v,1021751,ùêî,https://imgur.com/a/XCiUnXn,Launcher,Siege,Event Record,,,,
Sun Aug 14 2022 17:48:01 GMT-0400 (Eastern Daylight Time),v,1050767,ùêî,https://imgur.com/a/lao3r6Q,Conqueror,Siege,Event Record,,,,
Sun Aug 14 2022 17:49:46 GMT-0400 (Eastern Daylight Time),v,1346215,ùêî,https://imgur.com/a/PU1o614,Bent Double,Portal Mothership,Event Record,,,,
Sun Aug 14 2022 17:51:07 GMT-0400 (Eastern Daylight Time),v,1360164,ùêî,https://imgur.com/a/qpUMokn,Auto Builder,Siege,Event Record,,,,
Sun Aug 14 2022 17:52:39 GMT-0400 (Eastern Daylight Time),v,1533221,ùêî,https://imgur.com/a/dOQU14S,Carrier,Siege,Event Record,,,,
Sun Aug 14 2022 17:54:25 GMT-0400 (Eastern Daylight Time),v,1775762,ùêî,https://imgur.com/a/jF9uvdD,Manager,Siege,Event Record,,,,
Sun Aug 14 2022 17:58:01 GMT-0400 (Eastern Daylight Time),v,2071801,ùêî,https://imgur.com/a/6gLYP0A,Swarmer,Portal Mothership,Event Record,,,,
Sun Aug 14 2022 17:58:55 GMT-0400 (Eastern Daylight Time),v,2409173,ùêî,https://imgur.com/a/lgMue9S,Factory,Siege,Event Record,,,,
Sun Aug 14 2022 18:00:57 GMT-0400 (Eastern Daylight Time),v,2422457,ùêî,https://imgur.com/a/bdPxCC3,Trapper,Siege,Event Record,,,,
Sun Aug 14 2022 18:06:54 GMT-0400 (Eastern Daylight Time),v,3019650,ùêî,https://imgur.com/a/xvroTMq,Machine Gunner,Siege,Event Record,,,,
Sun Aug 14 2022 18:10:45 GMT-0400 (Eastern Daylight Time),v,3147849,ùêî,https://imgur.com/a/UiV5vtW,Gunner Trapper,Siege,Event Record,,,,
Sun Aug 14 2022 18:14:14 GMT-0400 (Eastern Daylight Time),v,3223318,ùêî,https://imgur.com/a/FgzcHmz,Triplet,Siege,Event Record,,,,
Sun Aug 14 2022 18:16:30 GMT-0400 (Eastern Daylight Time),v,3492574,ùêî,https://imgur.com/a/QLAkIT1,Auto Gunner,Siege,Event Record,,,,
Sun Aug 14 2022 18:25:38 GMT-0400 (Eastern Daylight Time),v,3552212,ùêî,https://imgur.com/a/svbchx3,Auto Tri-Angle,Siege,Event Record,,,,
Sun Aug 14 2022 18:28:31 GMT-0400 (Eastern Daylight Time),v,4814085,ùêî,https://imgur.com/a/D2gHeVZ,Factory,Siege,Event Record,,,,
Sun Aug 14 2022 20:37:10 GMT-0400 (Eastern Daylight Time),v,765120,Jackson,https://imgur.com/gallery/KnZAt7G,Overlord,Maze 2TDM,,,,,
Sun Aug 14 2022 20:56:24 GMT-0400 (Eastern Daylight Time),x,2229098,‚Ñúeckless,https://youtu.be/rkrW071sJhk,Overlord,2TDM,,what happened to sheet,,,
Sun Aug 14 2022 22:53:33 GMT-0400 (Eastern Daylight Time),v,917209,Stardust,https://imgur.com/a/LlyRcfG,Overseer,Maze,,,,,
Mon Aug 15 2022 01:25:35 GMT-0400 (Eastern Daylight Time),v,5362586,ŒπŒ±,https://imgur.com/gallery/gwa1PQC,Auto Tri-Angle,4TDM,Highest Arras Scores,,,,
Mon Aug 15 2022 07:32:11 GMT-0400 (Eastern Daylight Time),v,3538269,zo,https://imgur.com/a/QS5jpSK,Boomer,4TDM,Highest Arras Scores,,,,
Mon Aug 15 2022 07:46:36 GMT-0400 (Eastern Daylight Time),v,784750,SunIdea,https://imgur.com/a/WiM5lY9,Overdrive,Maze,,,,,
Mon Aug 15 2022 12:53:28 GMT-0400 (Eastern Daylight Time),v,780805,SunIdea,https://imgur.com/a/IoDJ0rQ,Banshee,Maze,,hi,,,
Mon Aug 15 2022 14:23:28 GMT-0400 (Eastern Daylight Time),v,1204150,our kill,https://imgur.com/a/2ozVVsZ,Overlord,Squads-Duos,,rk#2593,,,
Mon Aug 15 2022 23:12:01 GMT-0400 (Eastern Daylight Time),v,603996,[LK],https://imgur.com/a/Mw3b1fo,Overseer,2TDM,,,,,
Mon Aug 15 2022 19:59:43 GMT-0400 (Eastern Daylight Time),v,1027360,Slen,https://imgur.com/gallery/taoVRkh,Banshee,2TDM,,,,,
Mon Aug 15 2022 20:32:14 GMT-0400 (Eastern Daylight Time),v,2065231,[LK],https://imgur.com/a/rYFUPbK,Overseer,Squads-Duos,Highest Arras Scores,,,,
Mon Aug 15 2022 23:59:29 GMT-0400 (Eastern Daylight Time),v,1038101,Jazoo,https://imgur.com/8FylzV0,Overseer,Portal 4TDM,,-  ùôÖùôñùôØùô§ùô§'‚Å¥¬≤‚Å∞#0161,,,
Tue Aug 16 2022 03:16:21 GMT-0400 (Eastern Daylight Time),v,1162735,[LK],https://imgur.com/a/oqdmryP,Overlord,Maze 2TDM,,proffessional,,,
Tue Aug 16 2022 03:43:12 GMT-0400 (Eastern Daylight Time),x,1639780,Xenom,https://imgur.com/a/UQuQV7b,Overdrive,Squads-Duos,Highest Arras Scores,Xenom#6741,,,
Tue Aug 16 2022 03:44:48 GMT-0400 (Eastern Daylight Time),x,2098510,Xenom,https://imgur.com/a/m7Xr9Vz,Manager,2TDM,Highest Arras Scores,Xenom#6741,,,
Tue Aug 16 2022 03:47:49 GMT-0400 (Eastern Daylight Time),x,1010448,Xenom,https://imgur.com/a/8CjP6t2,Banshee,FFA,Highest Arras Scores,Xenom#6741,,,
Tue Aug 16 2022 05:27:06 GMT-0400 (Eastern Daylight Time),x,573437,Xenom,https://imgur.com/a/76HgLXx,Manager,Maze,Highest Arras Scores,Xenom#6741,,,
Tue Aug 16 2022 06:04:30 GMT-0400 (Eastern Daylight Time),v,995270,[LK],https://imgur.com/a/s4fCOFo,Manager,Maze,,,,,
Tue Aug 16 2022 06:13:33 GMT-0400 (Eastern Daylight Time),v,7509968,baking soda,https://imgur.com/gallery/hunLjTC,Streamliner,Squads-Duos,Highest Arras Scores,,,,
Tue Aug 16 2022 07:35:15 GMT-0400 (Eastern Daylight Time),x,1340340,me(duh),https://imgur.com/YD3ZoS3,Overlord,4TDM,,wr pls dullllllllllll:vvv,,,
Tue Aug 16 2022 13:55:09 GMT-0400 (Eastern Daylight Time),v,914307,Buddy_Dog,https://imgur.com/gallery/kGf7kkr,Overseer,FFA,,Buddy_Dog#1441,,,
Tue Aug 16 2022 17:29:56 GMT-0400 (Eastern Daylight Time),v,1053906,JasonSycier,https://imgur.com/a/z9ByBBS,Banshee,Maze,,,,,
Tue Aug 16 2022 19:21:18 GMT-0400 (Eastern Daylight Time),v,2604723,DinhTung,https://imgur.com/a/uWHFDhD,Smasher,2TDM,Highest Arras Scores,,,,
Tue Aug 16 2022 19:31:45 GMT-0400 (Eastern Daylight Time),v,1510345,üå∑|retnuH,https://imgur.com/gallery/nMr5GYz,Overlord,4TDM,,Giga Chad#3189,,,
Tue Aug 16 2022 19:37:01 GMT-0400 (Eastern Daylight Time),v,1500279,Mine,https://imgur.com/a/WCYLOYa,Commander,Open TDM,,Omtdm wall is back,,,
Tue Aug 16 2022 19:41:12 GMT-0400 (Eastern Daylight Time),v,1443329,ThunderFlame,https://imgur.com/a/V5sJhNr,Bent Double,Maze 2TDM,,,,,
Tue Aug 16 2022 20:14:01 GMT-0400 (Eastern Daylight Time),v,1286938,Jackson,https://imgur.com/gallery/1iwhEhp,Octo Tank,Domination,Event Record,,,,
Tue Aug 16 2022 20:46:48 GMT-0400 (Eastern Daylight Time),v,674755,Jazoo,https://imgur.com/gallery/u5Zal37,Overseer,4TDM,,,,,
Tue Aug 16 2022 21:47:56 GMT-0400 (Eastern Daylight Time),v,3057673,midget lesbian enjoyer,https://imgur.com/a/cXLdIWx,Carrier,Squads-Duos,Highest Arras Scores,,,,
Wed Aug 17 2022 04:48:49 GMT-0400 (Eastern Daylight Time),x,24000000,lol,https://imgur.com/a/nW3OhKk,Bent Double,FFA,Highest Arras Scores,,,,
Wed Aug 17 2022 05:17:27 GMT-0400 (Eastern Daylight Time),v,560653,Jasonsyc,https://imgur.com/a/FI2QDoy,Banshee,Squads-Duos,,Jasonsyc#7480,,,
Wed Aug 17 2022 05:33:09 GMT-0400 (Eastern Daylight Time),v,513046,Cambam826YT,https://imgur.com/a/ZQEqSR5,Overdrive,Squads-Duos,,Cambam826#4392,,,
Wed Aug 17 2022 06:49:55 GMT-0400 (Eastern Daylight Time),v,1082528,Plague,https://imgur.com/a/mlXS2yc,Overdrive,2TDM,,omg so pro 1m !! (I got this for my 1m role on my other account after the nerf.. didn't realize it would become a wr later xD,,,
Wed Aug 17 2022 07:46:45 GMT-0400 (Eastern Daylight Time),v,2574837,Corrupt Y,https://imgur.com/a/tO1Y1qO,Director,4TDM,Highest Arras Scores,,,,
Wed Aug 17 2022 07:50:11 GMT-0400 (Eastern Daylight Time),v,516443,golden,https://imgur.com/a/IT3BOfS,Auto Overseer,Maze 2TDM,,You what mf?#0153,,,
Wed Aug 17 2022 07:51:32 GMT-0400 (Eastern Daylight Time),v,743827,Hugh777,https://youtu.be/E8MMbCTFXEE,Auto Overseer,FFA,,Discord tag: Hugh777#1821,,,
Wed Aug 17 2022 08:02:30 GMT-0400 (Eastern Daylight Time),x,724251,squid lotion,https://www.youtube.com/watch?v=MCNAYJdBYkw,Commander,4TDM,Secondary Record,,,,
Wed Aug 17 2022 08:34:46 GMT-0400 (Eastern Daylight Time),v,505200,X...,https://youtu.be/cwQ0X762y94,Trap Guard,Assault,Event Record,X...#8469,,,
Wed Aug 17 2022 14:21:41 GMT-0400 (Eastern Daylight Time),v,599806,Hugh777,https://youtu.be/JQjcd6rarVo,Auto Overseer,Squads-Duos,,Hugh777#1821,,,
Wed Aug 17 2022 16:41:51 GMT-0400 (Eastern Daylight Time),x,1512406,Bowler,https://imgur.com/a/e380tzJ,Auto Overseer,FFA,,! RC ‰∏∂Vietdung#8153,,,
Wed Aug 17 2022 17:09:53 GMT-0400 (Eastern Daylight Time),v,7328693,Anto,https://imgur.com/a/Q2AJHfb,Smasher,2TDM,Highest Arras Scores,,,,
Wed Aug 17 2022 17:54:05 GMT-0400 (Eastern Daylight Time),v,1256259,OnyxD,https://imgur.com/a/7lHB8J9,Auto Overseer,2TDM,,OnyxD#5791,,,
Wed Aug 17 2022 17:57:57 GMT-0400 (Eastern Daylight Time),v,1419106,OnyxD,https://imgur.com/a/bO40HY7,Auto Overseer,4TDM,,OnyxD#5791,,,
Wed Aug 17 2022 18:21:07 GMT-0400 (Eastern Daylight Time),v,500000,JasonSycier,https://imgur.com/a/FI2QDoy,Banshee,Squads-Duos,,This isn‚Äôt a new w.r I‚Äôm just asking to change my banshee duo w r name to JasonSycier Jasonsyc#7480 ,,,
Wed Aug 17 2022 19:06:33 GMT-0400 (Eastern Daylight Time),v,2536700,Awootube,https://imgur.com/a/WkBB6ym,Carrier,Squads-Duos,,THIS IS ALREADY ON HAS JUST APPROVE FOR WR,,,
Wed Aug 17 2022 19:28:17 GMT-0400 (Eastern Daylight Time),x,1123337,Plague,https://imgur.com/a/joARCHW,Carrier,Squads-Duos,,Saw the carrier wr was free so I just went for it (first try),,,
Wed Aug 17 2022 22:12:20 GMT-0400 (Eastern Daylight Time),v,3999943,Awootube,https://imgur.com/a/xUd5NRx,Armsman,Squads-Duos,Highest Arras Scores,"Awootube#9041, HAS only",,,
Wed Aug 17 2022 23:59:49 GMT-0400 (Eastern Daylight Time),v,562613,Wraoxia,https://www.youtube.com/watch?v=JO9hsGUlMOc,Commander,4TDM,,Hira#9515,,,
Thu Aug 18 2022 00:01:12 GMT-0400 (Eastern Daylight Time),x,562613,Wraoxia,https://www.youtube.com/watch?v=JO9hsGUlMOc,Commander,4TDM,,Hira#0515,,,
Thu Aug 18 2022 00:02:22 GMT-0400 (Eastern Daylight Time),x,562613,Wraoxia,https://www.youtube.com/watch?v=JO9hsGUlMOc,Commander,4TDM,,Hira#0515,,,
Thu Aug 18 2022 00:22:44 GMT-0400 (Eastern Daylight Time),x,1213923,Abience,https://imgur.com/a/WAc2wA1,Auto Overseer,2TDM,,,,,
Thu Aug 18 2022 00:25:43 GMT-0400 (Eastern Daylight Time),x,4234405,Abience,https://imgur.com/a/WMsyo2B,Overlord,2TDM,Highest Arras Scores,old score i submitted for HAS,,,
Thu Aug 18 2022 00:28:52 GMT-0400 (Eastern Daylight Time),x,3566778,Abience,https://imgur.com/a/LowHHox,Overlord,2TDM,Highest Arras Scores,old score nut posting for HAS,,,
Thu Aug 18 2022 01:54:52 GMT-0400 (Eastern Daylight Time),v,4651131,Mr.Hacker YT,https://imgur.com/a/1TtpAdU,Auto Spawner,Squads-Duos,Highest Arras Scores,Mr.Hacker YT#1382 - Banned players finally allowed on WR sheet! Got this the same afternoon I finished building my PC ;),,,
Thu Aug 18 2022 01:55:56 GMT-0400 (Eastern Daylight Time),x,11111111,Mr.Hacker YT - extra message,https://imgur.com/a/1TtpAdU,Auto Spawner,Squads-Duos,,^ was wr banned for so long even after being unbanned from the game :why:,,,
Thu Aug 18 2022 02:18:01 GMT-0400 (Eastern Daylight Time),v,6468494,Para,https://imgur.com/gallery/JcuuwG4,Streamliner,Squads-Duos,Highest Arras Scores,para#1677,,,
Thu Aug 18 2022 02:26:19 GMT-0400 (Eastern Daylight Time),v,779770,fe,https://imgur.com/a/8j73RmH,Overlord,Portal 4TDM,,xSnowx~#9345,,,
Thu Aug 18 2022 02:31:39 GMT-0400 (Eastern Daylight Time),v,1659597,zo,https://imgur.com/a/xJr9USU,Auto Overseer,Squads-Duos,,,,,
Thu Aug 18 2022 03:14:00 GMT-0400 (Eastern Daylight Time),v,1017385,Cambam826YT,https://imgur.com/a/BonBqyp,Auto Overseer,Portal 4TDM,,Cambam826#4392,,,
Wed Aug 17 2022 20:21:10 GMT-0400 (Eastern Daylight Time),v,5565542,hi,https://imgur.com/a/AQOle8x,Overlord,2TDM,Highest Arras Scores,,,,
Wed Aug 17 2022 20:22:30 GMT-0400 (Eastern Daylight Time),v,2398939,hi,https://imgur.com/a/kA2gGto,Cruiser,FFA,Highest Arras Scores,,,,
Wed Aug 17 2022 20:24:05 GMT-0400 (Eastern Daylight Time),v,1577298,hi,https://imgur.com/a/mUy0xpx,Pounder,Maze,,,,,
Wed Aug 17 2022 20:26:58 GMT-0400 (Eastern Daylight Time),v,2425476,hi,https://imgur.com/a/SP97nQB,Overlord,4TDM,Highest Arras Scores,,,,
Wed Aug 17 2022 20:28:56 GMT-0400 (Eastern Daylight Time),v,3019665,hi,https://imgur.com/a/mQMjDzI,Hybrid,2TDM,Highest Arras Scores,,,,
Wed Aug 17 2022 20:31:02 GMT-0400 (Eastern Daylight Time),v,3214647,hi,https://imgur.com/a/vZO6ITl,Auto Tri-Angle,FFA,Highest Arras Scores,,,,
Wed Aug 17 2022 20:32:15 GMT-0400 (Eastern Daylight Time),v,3057743,hi,https://imgur.com/a/TTjyVTb,Auto Tri-Angle,Squads-Duos,Highest Arras Scores,,,,
Wed Aug 17 2022 20:33:52 GMT-0400 (Eastern Daylight Time),v,2133469,hi,https://imgur.com/a/SFbdfms,Auto Cruiser,FFA,Highest Arras Scores,,,,
Wed Aug 17 2022 20:35:19 GMT-0400 (Eastern Daylight Time),v,2153151,hi,https://imgur.com/a/Et49BVM,Crossbow,4TDM,Highest Arras Scores,,,,
Wed Aug 17 2022 20:37:19 GMT-0400 (Eastern Daylight Time),v,2048165,hi,https://imgur.com/a/YyfgmIl,Auto Tri-Angle,4TDM,Highest Arras Scores,,,,
Wed Aug 17 2022 20:38:30 GMT-0400 (Eastern Daylight Time),v,2817456,hi,https://imgur.com/a/OhNKFlc,Annihilator,Maze 4TDM,Highest Arras Scores,,,,
Wed Aug 17 2022 21:01:07 GMT-0400 (Eastern Daylight Time),v,1674273,player,https://imgur.com/a/xfX32Xf,Auto Overseer,Portal 4TDM,,croissant#4904 - I'll be taking a break from arras after this,,,
Wed Aug 17 2022 21:01:48 GMT-0400 (Eastern Daylight Time),v,2680631,hi,https://imgur.com/a/ypjVl7c,Overlord,2TDM,,legacy,,,
Wed Aug 17 2022 21:02:43 GMT-0400 (Eastern Daylight Time),v,2333195,hi,https://imgur.com/a/V8UmOwi,Overlord,2TDM,,legacy,,,
Wed Aug 17 2022 21:03:59 GMT-0400 (Eastern Daylight Time),v,2855279,hi,https://imgur.com/a/f6awR5X,Overlord,2TDM,,legacy,,,
Wed Aug 17 2022 22:01:59 GMT-0400 (Eastern Daylight Time),v,3014080,Mr.Chemistry,https://imgur.com/a/1IcfBD3,Pounder,Portal 4TDM,Highest Arras Scores,wow so pro,,,
Wed Aug 17 2022 22:04:08 GMT-0400 (Eastern Daylight Time),v,6282160,Mr.Chemistry,https://imgur.com/a/wdNW8fN,Overtrapper,2TDM,Highest Arras Scores,wow so pro,,,
Wed Aug 17 2022 22:05:49 GMT-0400 (Eastern Daylight Time),v,2953351,Mr.Chemistry,https://imgur.com/a/MafuamY,Overgunner,2TDM,Highest Arras Scores,wow so pro,,,
Wed Aug 17 2022 22:18:41 GMT-0400 (Eastern Daylight Time),v,4928405,ASkib,https://imgur.com/a/Kp5WODb,Auto-Assassin,2TDM,Highest Arras Scores,,,,
Wed Aug 17 2022 22:20:40 GMT-0400 (Eastern Daylight Time),v,6583355,ASkib,https://imgur.com/a/Na3ydbW,Predator,2TDM,Highest Arras Scores,,,,
Wed Aug 17 2022 22:22:50 GMT-0400 (Eastern Daylight Time),v,4236360,ASkib,https://imgur.com/a/VKDHhZF,Banshee,2TDM,Highest Arras Scores,,,,
Wed Aug 17 2022 22:24:06 GMT-0400 (Eastern Daylight Time),v,3061681,ASkib,https://imgur.com/a/K5BSfv9,Auto Builder,Open TDM,Highest Arras Scores,,,,
Wed Aug 17 2022 22:25:23 GMT-0400 (Eastern Daylight Time),v,3032897,ASkib,https://imgur.com/a/bBfnY5V,Triple Twin,Squads-Duos,Highest Arras Scores,,,,
Wed Aug 17 2022 22:26:26 GMT-0400 (Eastern Daylight Time),v,2982306,ASkib,https://imgur.com/a/cZgH7lI,Single,Open TDM,Highest Arras Scores,,,,
Wed Aug 17 2022 22:28:03 GMT-0400 (Eastern Daylight Time),v,2941604,ASkib,https://imgur.com/a/sk1XpSX,Spreadshot,2TDM,Highest Arras Scores,,,,
Wed Aug 17 2022 22:33:03 GMT-0400 (Eastern Daylight Time),v,2694714,ASkib,https://imgur.com/a/rPsrcX0,Auto-4,Squads-Duos,Highest Arras Scores,,,,
Wed Aug 17 2022 22:35:02 GMT-0400 (Eastern Daylight Time),v,2565264,ASkib,https://imgur.com/a/2vDdrfK,Fortress,2TDM,Highest Arras Scores,,,,
Wed Aug 17 2022 22:37:10 GMT-0400 (Eastern Daylight Time),v,1643316,ASkib,https://imgur.com/a/OKKuJrU,Auto 3,Squads-Duos,,,,,
Wed Aug 17 2022 22:41:42 GMT-0400 (Eastern Daylight Time),v,1878712,ASkib,https://imgur.com/a/3u1KYFm,Beekeeper,Open TDM,,,,,
Wed Aug 17 2022 22:47:34 GMT-0400 (Eastern Daylight Time),v,1841886,ASkib,https://imgur.com/a/dfx0dh6,Fighter,Open TDM,,,,,
Wed Aug 17 2022 23:00:50 GMT-0400 (Eastern Daylight Time),x,10000000,spin2team,https://imgur.com/a/VKDHhZF,Booster,FFA,Highest Arras Scores,test,,,
Wed Aug 17 2022 23:26:10 GMT-0400 (Eastern Daylight Time),x,1570635,me(duh),https://imgur.com/i9xFLpo,Overdrive,2TDM,,,,,
Wed Aug 17 2022 23:55:25 GMT-0400 (Eastern Daylight Time),v,11912075,hi,https://imgur.com/a/Dvb3Txy,Streamliner,2TDM,,Dont mind me#4233,,,
Wed Aug 17 2022 23:56:59 GMT-0400 (Eastern Daylight Time),v,8151530,hi,https://imgur.com/a/JAFwr3A,Auto Double,Squads-Duos,,Dont mind me#4233,,,
Wed Aug 17 2022 23:58:44 GMT-0400 (Eastern Daylight Time),v,7625281,hi,https://imgur.com/a/sdvpKpl,Gunner Trapper,Squads-Duos,, Dont mind me#4233,,,
Thu Aug 18 2022 00:00:08 GMT-0400 (Eastern Daylight Time),v,4153334,hi,https://imgur.com/a/NC6y3zL,Twin,FFA,,Dont mind me#4233,,,
Thu Aug 18 2022 00:01:38 GMT-0400 (Eastern Daylight Time),v,6011922,hi,https://imgur.com/a/UraMA7j,Auto-Assassin,2TDM,,Dont mind me#4233,,,
Thu Aug 18 2022 00:03:45 GMT-0400 (Eastern Daylight Time),v,6008179,hi,https://imgur.com/a/29xgu28,Triplet,FFA,,Dont mind me#4233,,,
Thu Aug 18 2022 00:30:01 GMT-0400 (Eastern Daylight Time),v,724251,squid lotion,https://imgur.com/a/HveVxr2,Commander,4TDM,,squid lotion69#4358,,,
Thu Aug 18 2022 00:40:49 GMT-0400 (Eastern Daylight Time),x,1006676,squid lotion,https://imgur.com/a/6YSFIPT,Overseer,2TDM,,squid lotion69#4358,,,
Thu Aug 18 2022 02:14:04 GMT-0400 (Eastern Daylight Time),v,5873890,toxic,https://imgur.com/a/WHum9B4,Auto-Assassin,2TDM,Highest Arras Scores,mynameistoxic#8146,,,
Thu Aug 18 2022 03:48:29 GMT-0400 (Eastern Daylight Time),v,1093038,Senti,https://imgur.com/a/JpC6QEY,Overseer,2TDM,,Sen#1025,,,
Thu Aug 18 2022 05:01:12 GMT-0400 (Eastern Daylight Time),v,759898,bean_‚Ñ¢,https://imgur.com/a/osDLAKM,Overdrive,4TDM,,.bean_‚Ñ¢#4953,,,
Thu Aug 18 2022 06:46:30 GMT-0400 (Eastern Daylight Time),v,1383242,‚öî Existenceüåô,https://imgur.com/a/MLGao1X,Overseer,2TDM,,temporary world record ,,,
Thu Aug 18 2022 07:25:44 GMT-0400 (Eastern Daylight Time),x,1093038,Senti,https://imgur.com/a/JpC6QEY,Overseer,2TDM,,Sen#1025,,,
Thu Aug 18 2022 07:32:14 GMT-0400 (Eastern Daylight Time),v,1649457,cyan,https://imgur.com/a/fzwtClp,Overseer,2TDM,,,,,
Thu Aug 18 2022 09:43:45 GMT-0400 (Eastern Daylight Time),v,3134088,üå∑|retnuH,https://imgur.com/gallery/7D6hTjP,Spreadshot,4TDM,Highest Arras Scores,Giga Chad#3189,,,
Thu Aug 18 2022 10:48:28 GMT-0400 (Eastern Daylight Time),v,500000,‚öΩüîµŒ≤eta-chanüî¥‚öΩ,https://www.youtube.com/watch?v=udJeP40CFJQ,Machine Gunner,Assault,Secondary Record,"This is a record of "Fastest Assault Game" in Secondary Record. The record time is "1:34.98", Submitted by ROOC#2604.",,,
Thu Aug 18 2022 10:56:27 GMT-0400 (Eastern Daylight Time),v,2201939,‚öî Existenceüåô,https://imgur.com/a/fdzLO8D,Overseer,2TDM,Highest Arras Scores,beat it for the second time lol,,,
Thu Aug 18 2022 20:21:26 GMT-0400 (Eastern Daylight Time),v,2512111,Awootube,https://imgur.com/a/1h3GEnX,Penta Shot,Squads-Duos,Highest Arras Scores,Awootube#9041 HAS ONLY,,,
Thu Aug 18 2022 20:57:53 GMT-0400 (Eastern Daylight Time),v,3428001,zo,https://imgur.com/a/ZK7RcSH,Manager,2TDM,Highest Arras Scores,,,,
Thu Aug 18 2022 21:42:25 GMT-0400 (Eastern Daylight Time),v,3593294,pool noodle,https://imgur.com/a/cXKJQja,Launcher,Squads-Duos,Highest Arras Scores,,,,
Thu Aug 18 2022 21:43:17 GMT-0400 (Eastern Daylight Time),v,2971601,pool noodle,https://imgur.com/a/5mlQnkx,Ordnance,Open TDM,Highest Arras Scores,,,,
Thu Aug 18 2022 22:02:54 GMT-0400 (Eastern Daylight Time),v,3463352,Quad,https://imgur.com/a/z0nHC9c,Septa Trapper,2TDM,Highest Arras Scores,,,,
Thu Aug 18 2022 22:19:26 GMT-0400 (Eastern Daylight Time),x,2341941,Jazoo,https://imgur.com/gallery/2hMKkRG,Overlord,Open TDM,,,,,
Thu Aug 18 2022 22:36:03 GMT-0400 (Eastern Daylight Time),v,503091,JasonSycier,https://imgur.com/a/okYtMBD,Commander,Squads-Duos,,JasonSycier#7840,,,
Thu Aug 18 2022 23:38:39 GMT-0400 (Eastern Daylight Time),v,2988379,SunIdea,https://imgur.com/a/y5mUV2s,Manager,2TDM,Highest Arras Scores,SunIdea#2250,,,
Fri Aug 19 2022 00:48:49 GMT-0400 (Eastern Daylight Time),v,868451,pro master,https://imgur.com/a/rCc0zS4,Director,Maze,,an idiot#7113,,,
Fri Aug 19 2022 01:05:10 GMT-0400 (Eastern Daylight Time),v,2906716,Corrupt Y,https://imgur.com/a/iP8bXvo,Fortress,2TDM,Highest Arras Scores,,,,
Fri Aug 19 2022 05:57:28 GMT-0400 (Eastern Daylight Time),v,7447385,asd,https://imgur.com/gallery/F5FT8Dm,Landmine,4TDM,Highest Arras Scores,,,,
Fri Aug 19 2022 06:38:24 GMT-0400 (Eastern Daylight Time),v,8685803,dnb,https://imgur.com/a/uhoeltP,Overlord,4TDM,Highest Arras Scores,angelic#4566,,,
Fri Aug 19 2022 06:45:36 GMT-0400 (Eastern Daylight Time),v,2157390,Mine,https://imgur.com/a/X4iJQJC,Crop Duster,Squads-Duos,Highest Arras Scores,,,,
Fri Aug 19 2022 07:37:53 GMT-0400 (Eastern Daylight Time),v,769035,Sei,https://imgur.com/DmDMweT,Manager,Maze 2TDM,,Sei#7461,,,
Fri Aug 19 2022 09:39:41 GMT-0400 (Eastern Daylight Time),v,598950,squid lotion,https://imgur.com/gallery/oAImdDU,Commander,Maze 2TDM,,wont add discord ,,,
Fri Aug 19 2022 10:09:47 GMT-0400 (Eastern Daylight Time),v,2026844,Awootube,https://imgur.com/a/eY38uvl,Bushwhacker,Squads-Duos,Highest Arras Scores,Awootube#9041 (60th HAS),,,
Fri Aug 19 2022 10:29:39 GMT-0400 (Eastern Daylight Time),v,6441866,OnyxD,https://imgur.com/a/xY26tCU,Auto Overseer,2TDM,Highest Arras Scores,OnyxD#5791,,,
Fri Aug 19 2022 11:00:55 GMT-0400 (Eastern Daylight Time),v,2111272,Thx m8,https://imgur.com/a/QY5b3uJ,Octo Tank,Portal 4TDM,Highest Arras Scores,HAS only.,,,
Fri Aug 19 2022 11:10:05 GMT-0400 (Eastern Daylight Time),v,2037866,Thx m8,https://imgur.com/a/wpax6yw,Banshee,Maze,Highest Arras Scores,"Got it on 8/8/22. If that's before nerf then accept it for HAS, and if it's after nerf ig put it in LAS",,,
Fri Aug 19 2022 11:59:46 GMT-0400 (Eastern Daylight Time),v,5745327,hi,https://imgur.com/a/srOF9Yd,Overlord,4TDM,,legacy,,,
Fri Aug 19 2022 12:24:56 GMT-0400 (Eastern Daylight Time),v,5239718,hi,https://imgur.com/a/VBTN6Ba,Manager,2TDM,,legacy,,,
Fri Aug 19 2022 12:25:50 GMT-0400 (Eastern Daylight Time),v,3775285,hi,https://imgur.com/a/0KrHgNz,Overlord,2TDM,,legacy,,,
Fri Aug 19 2022 12:26:43 GMT-0400 (Eastern Daylight Time),v,3737696,hi,https://imgur.com/a/qXpHvXN,Overlord,4TDM,,legacy,,,
Fri Aug 19 2022 12:27:35 GMT-0400 (Eastern Daylight Time),v,3440457,hi,https://imgur.com/a/TonKvOq,Overlord,Portal 4TDM,,legacy,,,
Fri Aug 19 2022 12:29:13 GMT-0400 (Eastern Daylight Time),v,3325221,hi,https://imgur.com/a/YpZ1Tt4,Manager,2TDM,,legacy,,,
Fri Aug 19 2022 12:30:16 GMT-0400 (Eastern Daylight Time),v,2882701,hi,https://imgur.com/a/5EwwUTu,Overlord,Portal 4TDM,,legacy,,,
Fri Aug 19 2022 12:32:30 GMT-0400 (Eastern Daylight Time),v,2012446,hi,https://imgur.com/a/FRfE6tc,Manager,2TDM,,legacy,,,
Fri Aug 19 2022 12:33:02 GMT-0400 (Eastern Daylight Time),v,2322154,hi,https://imgur.com/a/bFgAO5k,Overlord,4TDM,,legacy,,,
Fri Aug 19 2022 12:33:36 GMT-0400 (Eastern Daylight Time),v,2026242,hi,https://imgur.com/a/1Xc0WyZ,Manager,2TDM,,legacy,,,
Fri Aug 19 2022 12:34:16 GMT-0400 (Eastern Daylight Time),v,2018188,hi,https://imgur.com/a/Pn0wEJ7,Overlord,Squads-Duos,,legacy,,,
Fri Aug 19 2022 12:35:21 GMT-0400 (Eastern Daylight Time),v,2006455,hi,https://imgur.com/a/69QbgVR,Ordnance,Squads-Duos,,legacy,,,
Fri Aug 19 2022 13:18:13 GMT-0400 (Eastern Daylight Time),v,2884868,<‚ùÇ> ‚Ç≠«ør…áa,https://imgur.com/gallery/G2665W8,Machine Gun,Squads-Duos,Highest Arras Scores,"record moment (8m quad is gone, maybe)",,,
Fri Aug 19 2022 14:04:10 GMT-0400 (Eastern Daylight Time),v,2341941,Jazoo,https://imgur.com/gallery/2hMKkRG,Overlord,Portal 4TDM,,,,,
Fri Aug 19 2022 14:18:16 GMT-0400 (Eastern Daylight Time),x,3140408,Stardust,https://imgur.com/gallery/i2vQzGs,Overdrive,4TDM,Highest Arras Scores,got that b4 buff idk if its vaild,,,
Fri Aug 19 2022 14:24:19 GMT-0400 (Eastern Daylight Time),v,4813755,Stardust,https://imgur.com/gallery/oUQlM03,Manager,4TDM,Highest Arras Scores,also before buff.,,,
Fri Aug 19 2022 14:26:38 GMT-0400 (Eastern Daylight Time),v,2102193,Stardust,https://imgur.com/gallery/Dv0dva9,Overlord,FFA,Highest Arras Scores,before buff.,,,
Fri Aug 19 2022 15:14:12 GMT-0400 (Eastern Daylight Time),v,2002560,Quad,https://i.imgur.com/sFgiA3M.png,Sprayer,Maze,Highest Arras Scores,,,,
Fri Aug 19 2022 16:57:21 GMT-0400 (Eastern Daylight Time),v,4052966,hi,https://imgur.com/a/9JXtFt2,Falcon,2TDM,Highest Arras Scores,,,,
Fri Aug 19 2022 17:43:40 GMT-0400 (Eastern Daylight Time),v,3748692,ŒπŒ±,https://imgur.com/gallery/pO6wCj8,Barricade,Squads-Duos,Highest Arras Scores,,,,
Fri Aug 19 2022 23:31:29 GMT-0400 (Eastern Daylight Time),v,1217372,squid lotion,https://imgur.com/gallery/kMkGT7M,Overdrive,2TDM,,lemme get wr (i wont add discord),,,
Fri Aug 19 2022 23:41:04 GMT-0400 (Eastern Daylight Time),v,2201939,‚öî Existenceüåô,https://imgur.com/a/fdzLO8D,Overseer,2TDM,,STOP DELETING WORLD RECORDS PLEASE!!!,,,
Sat Aug 20 2022 01:44:29 GMT-0400 (Eastern Daylight Time),v,571825,theikeaman,https://imgur.com/a/REFYRew,Manager,Portal 4TDM,,hi,,,
Sat Aug 20 2022 04:02:32 GMT-0400 (Eastern Daylight Time),v,1509718,SunIdea,https://imgur.com/a/0zLMMtQ,Auto Overseer,Maze,,,,,
Sat Aug 20 2022 04:04:31 GMT-0400 (Eastern Daylight Time),v,780805,SunIdea,https://imgur.com/a/IoDJ0rQ,Banshee,Maze,,,,,
Sat Aug 20 2022 06:23:39 GMT-0400 (Eastern Daylight Time),x,1110031,Creamy,https://imgur.com/a/AZucYKI,Banshee,Squads-Duos,,,,,
Sat Aug 20 2022 06:54:03 GMT-0400 (Eastern Daylight Time),x,1093038,Senti,https://imgur.com/a/JpC6QEY,Overseer,2TDM,,Sen #1025,,,
Sat Aug 20 2022 07:58:27 GMT-0400 (Eastern Daylight Time),v,1607906,our kill,https://imgur.com/a/LPfmCBI,Commander,2TDM,,rk#2593,,,
Sat Aug 20 2022 16:03:49 GMT-0400 (Eastern Daylight Time),v,2884010,jax,https://imgur.com/a/Im3HgbB,Overlord,Squads-Duos,Highest Arras Scores,grandpa joe still got it,,,
Sat Aug 20 2022 16:07:07 GMT-0400 (Eastern Daylight Time),v,2260187,jax,https://imgur.com/a/fLDazHB,Mortar,Squads-Duos,Highest Arras Scores,i go by many names,,,
Sat Aug 20 2022 16:08:19 GMT-0400 (Eastern Daylight Time),v,2080034,jax,https://imgur.com/a/bg8qHf5,Annihilator,Squads-Duos,Highest Arras Scores,CRAK,,,
Sat Aug 20 2022 20:51:40 GMT-0400 (Eastern Daylight Time),v,1525190,toxic,https://imgur.com/a/QO8m5Zd,Overdrive,2TDM,,mynameistoxic#8146,,,
Sat Aug 20 2022 22:55:12 GMT-0400 (Eastern Daylight Time),v,2578615,‚ôï,https://imgur.com/a/xUyJiX8,Overtrapper,2TDM,,‡¨Ü‡≠ü‡≠Å‡¨∑#2411,,,
Sat Aug 20 2022 23:15:17 GMT-0400 (Eastern Daylight Time),v,1031629,theikeaman,https://imgur.com/a/YlmpjuO,Banshee,2TDM,,hi again lmao,,,
Sat Aug 20 2022 23:45:04 GMT-0400 (Eastern Daylight Time),v,2883936,nata,https://imgur.com/a/j3Tc9jW,Septa Trapper,~~Other~~,Secondary Record,,,,
Sun Aug 21 2022 04:13:20 GMT-0400 (Eastern Daylight Time),v,573905,Nothingness,https://imgur.com/a/s7Sms2S,Minigun,Tag,Event Record,,,,
Sun Aug 21 2022 09:49:07 GMT-0400 (Eastern Daylight Time),x,3432564,g,https://www.youtube.com/watch?v=LQziZUGuEFE,Auto-Assassin,Portal 4TDM,Event Record,g,,,
Sun Aug 21 2022 15:23:55 GMT-0400 (Eastern Daylight Time),v,2194312,Quad,https://i.imgur.com/fYM2WiJ.png,Twin,Maze,Highest Arras Scores,,,,
Sun Aug 21 2022 16:01:42 GMT-0400 (Eastern Daylight Time),v,2032439,ŒπŒ±,https://imgur.com/gallery/f7cRIFv,Basic,Maze 4TDM,Highest Arras Scores,tank 107,,,
Mon Aug 22 2022 05:29:00 GMT-0400 (Eastern Daylight Time),x,684196,Jazoo,https://imgur.com/gallery/rseoSP3,Overlord,FFA,,,,,
Mon Aug 22 2022 06:40:24 GMT-0400 (Eastern Daylight Time),v,628433,Raptor,https://imgur.com/a/jYZvAsV,Auto Overseer,Portal 4TDM,,a record after eternity,,,
Mon Aug 22 2022 10:04:06 GMT-0400 (Eastern Daylight Time),v,1053906,JasonSycier,https://imgur.com/a/z9ByBBS,Banshee,Maze,,Why did this wr get removed lmao Jasonsyc#7480,,,
Mon Aug 22 2022 10:06:19 GMT-0400 (Eastern Daylight Time),v,560653,JasonSycier ,https://imgur.com/a/FI2QDoy,Banshee,Squads-Duos,,Jasonsyc#7480,,,
Mon Aug 22 2022 10:13:19 GMT-0400 (Eastern Daylight Time),v,4392205,Mr.Chemistry,https://imgur.com/a/eO1Zd0d,Bent Double,Squads-Duos,Highest Arras Scores,beta testers and hexagoners really suck at orgying bro,,,
Mon Aug 22 2022 10:13:49 GMT-0400 (Eastern Daylight Time),v,829182,Nothingness,https://imgur.com/a/1dNdJ1a,Overseer,Portal 4TDM,,,,,
Mon Aug 22 2022 10:17:31 GMT-0400 (Eastern Daylight Time),v,2311774,Mr.Chemistry,https://imgur.com/a/bzXq46Y,Commander,Squads-Duos,Highest Arras Scores,noob hexagoners,,,
Mon Aug 22 2022 10:34:41 GMT-0400 (Eastern Daylight Time),x,999999,i got colon cancer :(((,https://imgur.com/a/FFztXf0,Manager,2TDM,,,,,
Mon Aug 22 2022 10:43:31 GMT-0400 (Eastern Daylight Time),x,999999,u so pro bro,https://imgur.com/,Auto Cruiser,Portal 4TDM,,wow u kill my 2.7m destroyer so pro ,,,
Mon Aug 22 2022 10:48:46 GMT-0400 (Eastern Daylight Time),v,1112778,Jackson,https://imgur.com/gallery/jfEJHTy,Sniper,Domination,Event Record,,,,
Mon Aug 22 2022 13:23:29 GMT-0400 (Eastern Daylight Time),v,2468493,pool noodle,https://imgur.com/a/ufbqUXn,Sniper,Domination,Event Record,,,,
Mon Aug 22 2022 13:24:05 GMT-0400 (Eastern Daylight Time),v,2197712,pool noodle,https://imgur.com/a/VqaI0oP,Octo Tank,4TDM,Highest Arras Scores,,,,
Mon Aug 22 2022 13:24:45 GMT-0400 (Eastern Daylight Time),v,2453603,pool noodle,https://imgur.com/a/6Xa2UbQ,Commander,Squads-Duos,Highest Arras Scores,old drones (apr 20 2022),,,
Mon Aug 22 2022 13:26:09 GMT-0400 (Eastern Daylight Time),v,2013738,pool noodle,https://imgur.com/a/SvbwqWl,Octo Tank,4TDM,Highest Arras Scores,,,,
Mon Aug 22 2022 13:27:17 GMT-0400 (Eastern Daylight Time),v,1510994,pool noodle,https://imgur.com/a/3aurBW9,Cruiser,Open TDM,,,,,
Mon Aug 22 2022 13:27:58 GMT-0400 (Eastern Daylight Time),v,1299014,pool noodle,https://imgur.com/a/AaNB2ik,Launcher,Open TDM,,,,,
Mon Aug 22 2022 13:28:49 GMT-0400 (Eastern Daylight Time),v,2203312,pool noodle,https://imgur.com/a/rbf2igc,Sprayer,2TDM,Highest Arras Scores,,,,
Mon Aug 22 2022 13:30:27 GMT-0400 (Eastern Daylight Time),v,2384003,pool noodle,https://imgur.com/a/W3absOb,Bulwark,FFA,Highest Arras Scores,,,,
Mon Aug 22 2022 13:31:23 GMT-0400 (Eastern Daylight Time),v,2490465,pool noodle,https://imgur.com/a/OoLPCUb,Launcher,2TDM,Highest Arras Scores,,,,
Mon Aug 22 2022 13:34:54 GMT-0400 (Eastern Daylight Time),v,2117118,pool noodle,https://imgur.com/a/Je9X9gz,Surfer,Open TDM,Highest Arras Scores,,,,
Mon Aug 22 2022 19:24:57 GMT-0400 (Eastern Daylight Time),v,7727368,baking soda,https://imgur.com/gallery/MtwpB4A,Fortress,Squads-Duos,Highest Arras Scores,Imgur explains the score,,,
Mon Aug 22 2022 19:26:14 GMT-0400 (Eastern Daylight Time),x,3508928,SLADE UNLEGIT RESTORE LOL,https://imgur.com/,Ambulance,Squads-Duos,Highest Arras Scores,FORTRESS RESTORE IS UNLEGIT,,,
Mon Aug 22 2022 19:28:57 GMT-0400 (Eastern Daylight Time),x,13494856,evil isopod,https://imgur.com/,Builder,4TDM,Highest Arras Scores,,,,
Mon Aug 22 2022 19:50:47 GMT-0400 (Eastern Daylight Time),v,1085292,Plague,https://imgur.com/a/BTa8vlv ,Overgunner,Squads-Duos,,I mean it was free so I just went for it..,,,
Mon Aug 22 2022 20:45:05 GMT-0400 (Eastern Daylight Time),v,2007547,X...,https://imgur.com/a/eJ6XLJw,Spike,2TDM,Highest Arras Scores,X...#8469,,,
Mon Aug 22 2022 22:38:29 GMT-0400 (Eastern Daylight Time),v,2215143,Heatherly,https://imgur.com/a/owarnTv,Auto-Assassin,2TDM,Highest Arras Scores,,,,
Tue Aug 23 2022 00:14:11 GMT-0400 (Eastern Daylight Time),v,6056772,Nyrox,https://imgur.com/a/nHPqKDV,Bent Double,Squads-Duos,,,,,
Tue Aug 23 2022 00:14:53 GMT-0400 (Eastern Daylight Time),x,5058112,Nyrox,https://imgur.com/a/n1Ttyf8,Bent Double,Squads-Duos,,,,,
Tue Aug 23 2022 00:16:08 GMT-0400 (Eastern Daylight Time),v,6580399,Nyrox,https://imgur.com/a/d318aYq,Annihilator,Portal 4TDM,,,,,
Tue Aug 23 2022 00:17:13 GMT-0400 (Eastern Daylight Time),v,5066170,Nyrox,https://imgur.com/a/DGmnyIy,Hewn Double,FFA,,,,,
Tue Aug 23 2022 00:18:46 GMT-0400 (Eastern Daylight Time),v,8604466,Nyrox,https://imgur.com/a/Q20RDf1,Auto Smasher,2TDM,Highest Arras Scores,,,,
Tue Aug 23 2022 00:20:56 GMT-0400 (Eastern Daylight Time),v,2830265,Nyrox,https://imgur.com/a/boFjYiE,Machine Gunner,Squads-Duos,,,,,
Tue Aug 23 2022 00:23:42 GMT-0400 (Eastern Daylight Time),x,3485287,Nyrox,https://imgur.com/a/OSZj0ph,Bomber,Squads-Duos,Highest Arras Scores,,,,
Tue Aug 23 2022 00:30:02 GMT-0400 (Eastern Daylight Time),v,5058112,Nyrox,https://imgur.com/a/n1Ttyf8,Bent Double,Maze,Highest Arras Scores,make '5058112' Bent Double Squad Duos MAZE,,,
Tue Aug 23 2022 04:16:42 GMT-0400 (Eastern Daylight Time),?,946019,Nothingness,https://imgur.com/a/4KlJVX6,Overdrive,Portal 4TDM,Secondary Record,,,,
Tue Aug 23 2022 05:35:24 GMT-0400 (Eastern Daylight Time),?,662687,Raptor,https://imgur.com/a/hW7YTva,Banshee,Portal 4TDM,,fuck you random discord user,,,
Tue Aug 23 2022 11:10:01 GMT-0400 (Eastern Daylight Time),?,971250,Nothingness,https://imgur.com/a/EMnpT13,Manager,Open TDM,Secondary Record,,,,
Tue Aug 23 2022 11:25:00 GMT-0400 (Eastern Daylight Time),v,3928196,Jackson,https://imgur.com/gallery/uUROyjC,Triplet,Siege,Event Record,,,,
Wed Aug 24 2022 00:21:05 GMT-0400 (Eastern Daylight Time),v,3207777,Why no gulp gulp 300,https://imgur.com/a/mnCssyU,Triple Shot,4TDM,Highest Arras Scores,my balls icthed...,,,
Wed Aug 24 2022 07:06:42 GMT-0400 (Eastern Daylight Time),x,811485,A Samurai,https://www.youtube.com/watch?v=qoreEqBJ2zg,Auto Overseer,FFA,,A Samurai#7597,,,
Wed Aug 24 2022 08:46:36 GMT-0400 (Eastern Daylight Time),x,2936537,Awootube,https://imgur.com/a/zsWl4ae,Commander,Squads-Duos,,DO NOT PUT ON HAS AGAIN,,,
Wed Aug 24 2022 11:21:57 GMT-0400 (Eastern Daylight Time),v,2094796,ErrorAce.,https://imgur.com/a/6CPvk4z,Annihilator,Maze,Highest Arras Scores,ErrorAce.#8136,,,
Wed Aug 24 2022 11:47:32 GMT-0400 (Eastern Daylight Time),v,3450273,‚ôï,https://imgur.com/a/KN9bGUQ,Auto Spawner,2TDM,,Dracul#2411,,,
Wed Aug 24 2022 12:50:50 GMT-0400 (Eastern Daylight Time),x,811485,A Samurai,https://www.youtube.com/watch?v=9mq0ntv-GOk,Auto Overseer,FFA,,A Samurai#7597,,,
Wed Aug 24 2022 12:56:51 GMT-0400 (Eastern Daylight Time),x,1217483,A Samurai,https://www.youtube.com/watch?v=NOmZ8BHqmpE,Overlord,FFA,,A Samurai#7597,,,
Wed Aug 24 2022 13:05:49 GMT-0400 (Eastern Daylight Time),x,1217483,A Samurai,https://www.youtube.com/watch?v=p1cSy-14Go0,Overlord,Open TDM,,A Samurai#7597,,,
Wed Aug 24 2022 13:06:39 GMT-0400 (Eastern Daylight Time),x,898768,A Samurai,https://www.youtube.com/watch?v=evrhHxXaArA,Overlord,FFA,,A Samurai#7597,,,
Wed Aug 24 2022 13:12:58 GMT-0400 (Eastern Daylight Time),v,3450273,‚ôï,https://imgur.com/a/f9E63Wq,Auto Spawner,2TDM,,"Dracul#2411 , pls accept the wr and read the thing in imgur",,,
Wed Aug 24 2022 14:17:13 GMT-0400 (Eastern Daylight Time),v,1593649,8,https://imgur.com/a/5XI2S7t,Overdrive,2TDM,,Barely beat wr ,,,
Thu Aug 25 2022 02:23:33 GMT-0400 (Eastern Daylight Time),v,2043416,‚ôï,https://imgur.com/a/7wUu1KA,Auto Spawner,2TDM,Highest Arras Scores,Auto spawner?,,,
Thu Aug 25 2022 05:41:04 GMT-0400 (Eastern Daylight Time),v,2173815,Mine,https://imgur.com/a/X9noedB,Banshee,Maze,Highest Arras Scores,,,,
Thu Aug 25 2022 05:59:49 GMT-0400 (Eastern Daylight Time),v,2380047,fe,https://imgur.com/a/1SlBFRF,Spike,4TDM,Highest Arras Scores,xSnowx~#9345,,,
Thu Aug 25 2022 18:17:32 GMT-0400 (Eastern Daylight Time),v,2509654,Awootube,https://imgur.com/a/SJLq6b0,Architect,Maze,Highest Arras Scores,Awootube#9041 (one of my fav runs for sure),,,
Thu Aug 25 2022 19:45:16 GMT-0400 (Eastern Daylight Time),v,852713,Jackson,https://imgur.com/gallery/fslaI3F,Overlord,Open TDM,,,,,
Thu Aug 25 2022 23:59:20 GMT-0400 (Eastern Daylight Time),v,1505176,‚ò† ü·¥Ä…¢ –º·¥Äs—Ç·¥á Ä‚ò†,https://imgur.com/a/EoeccRz,Auto Overseer,Open TDM,,Ïô∏Î°úÏö¥#6349,,,
Fri Aug 26 2022 00:03:19 GMT-0400 (Eastern Daylight Time),v,2091856,‚ò† ü·¥Ä…¢ –º·¥Äs—Ç·¥á Ä‚ò†,https://imgur.com/a/bBwEN2L,Overlord,Maze 2TDM,Highest Arras Scores,Ïô∏Î°úÏö¥#6349,,,
Fri Aug 26 2022 09:39:17 GMT-0400 (Eastern Daylight Time),v,2075307,A Samurai,https://www.youtube.com/watch?v=8U6ngCd-rkg,Manager,4TDM,Highest Arras Scores,„ÄÜ A Samurai#7597,,,
Fri Aug 26 2022 09:50:38 GMT-0400 (Eastern Daylight Time),v,581311,Jackson,https://imgur.com/gallery/0S4OZV8,Director,Assault,Event Record,,,,
Fri Aug 26 2022 10:25:39 GMT-0400 (Eastern Daylight Time),v,2042797,üå∑|retnuH,https://imgur.com/a/PtwSPCk,Mortar,4TDM,Highest Arras Scores,Giga Chad#6173,,,
Fri Aug 26 2022 18:35:00 GMT-0400 (Eastern Daylight Time),v,1905558,pool noodle,https://imgur.com/a/WyW8XxH,Pounder,Open TDM,,,,,
Fri Aug 26 2022 19:57:44 GMT-0400 (Eastern Daylight Time),v,1339339,Jackson,https://imgur.com/gallery/b3SI2jL,Manager,Open TDM,,,,,
Fri Aug 26 2022 23:54:39 GMT-0400 (Eastern Daylight Time),v,2579063,Neptuun,https://imgur.com/gallery/jW9Ny0b,Penta Shot,2TDM,Highest Arras Scores,"first attempt at the wr, 100k off :/",,,
Sat Aug 27 2022 02:26:21 GMT-0400 (Eastern Daylight Time),v,857067,theikeaman,https://imgur.com/a/D85zkny,Auto Overseer,Open TDM,,big balls gaming 4,,,
Sat Aug 27 2022 03:00:31 GMT-0400 (Eastern Daylight Time),v,2880525,Nya~,https://imgur.com/a/2pQowMv,Spreadshot,2TDM,Highest Arras Scores,Please change my wr name to "Nya~",,,
Sat Aug 27 2022 03:37:23 GMT-0400 (Eastern Daylight Time),x,870639,,,Bent Double,2TDM,Event Record,,,,
Sat Aug 27 2022 06:45:32 GMT-0400 (Eastern Daylight Time),v,3272753,Nya~,https://imgur.com/a/Utnt4w3,Auto-5,2TDM,Highest Arras Scores,,,,
Sat Aug 27 2022 08:28:48 GMT-0400 (Eastern Daylight Time),v,1023527,ùêî,https://imgur.com/a/BWh9Fwm,Destroyer,Tag,Event Record,,,,
Sat Aug 27 2022 08:29:57 GMT-0400 (Eastern Daylight Time),v,2001294,ùêî,https://imgur.com/a/OMougoc,Factory,Siege,Event Record,,,,
Sat Aug 27 2022 08:31:45 GMT-0400 (Eastern Daylight Time),v,2428084,ùêî,https://imgur.com/a/yvtiewo,Sprayer,Siege,Event Record,,,,
Sat Aug 27 2022 08:33:45 GMT-0400 (Eastern Daylight Time),v,2494931,ùêî,https://imgur.com/a/jx5o57x,Shotgun,Siege,Event Record,,,,
Sat Aug 27 2022 08:37:23 GMT-0400 (Eastern Daylight Time),v,3340000,ùêî,https://imgur.com/a/fHt4AiT,~~Other~~,FFA,Secondary Record,Highest score strange boss,,,
Sat Aug 27 2022 08:41:12 GMT-0400 (Eastern Daylight Time),v,3521127,ùêî,https://imgur.com/a/TlR7ixf,Mega-3,Siege,Event Record,,,,
Sat Aug 27 2022 08:43:04 GMT-0400 (Eastern Daylight Time),v,4002773,ùêî,https://imgur.com/a/cFFES6d,Streamliner,Siege,Event Record,,,,
Sat Aug 27 2022 08:50:54 GMT-0400 (Eastern Daylight Time),v,4779945,ùêî,https://imgur.com/a/c3aXCEy,Engineer,Siege,Event Record,,,,
Sat Aug 27 2022 08:59:33 GMT-0400 (Eastern Daylight Time),v,7626025,ùêî,https://imgur.com/a/KXBWPGG,Spawner,Siege,Event Record,i did my best...!,,,
Sat Aug 27 2022 09:00:49 GMT-0400 (Eastern Daylight Time),v,7626025,ùêî,https://imgur.com/a/KXBWPGG,Spawner,Siege,Secondary Record,Highest siege score,,,
Sat Aug 27 2022 09:24:39 GMT-0400 (Eastern Daylight Time),v,2492450,golden,https://imgur.com/a/qvii7Wx,Auto-5,2TDM,Highest Arras Scores,You what mf?#0153,,,
Sat Aug 27 2022 15:33:27 GMT-0400 (Eastern Daylight Time),v,3629941,cyan,https://imgur.com/a/h1G5vzM,Auto Double,2TDM,Highest Arras Scores,,,,
Sat Aug 27 2022 15:46:44 GMT-0400 (Eastern Daylight Time),v,2540135,cyan,https://imgur.com/a/3mpi94j,Auto-5,2TDM,Highest Arras Scores,"xentria told me to submit this score for wr, he submitted 3.2m a5 for HAS.",,,
Sat Aug 27 2022 15:57:54 GMT-0400 (Eastern Daylight Time),v,2403411,dnb,https://imgur.com/a/MpM3x7z,Manager,4TDM,Highest Arras Scores,,,,
Sat Aug 27 2022 16:13:12 GMT-0400 (Eastern Daylight Time),v,2843281,cyan,https://imgur.com/a/6nnS2tK,Double Twin,2TDM,Highest Arras Scores,ratio whoops,,,
Sat Aug 27 2022 22:47:36 GMT-0400 (Eastern Daylight Time),v,1439712,Septerion,https://imgur.com/a/IflV43T,Banshee,4TDM,,resubmitting ,,,
Sat Aug 27 2022 22:49:48 GMT-0400 (Eastern Daylight Time),v,677167,Septerion,https://imgur.com/a/NzCbe4b,Auto Overseer,FFA,,resubmitting ,,,
Sat Aug 27 2022 23:15:59 GMT-0400 (Eastern Daylight Time),x,2048259,heisen,https://imgur.com/a/3lHKuQo,Factory,Assault,Highest Arras Scores,heisen#4871,,,
Sun Aug 28 2022 01:50:24 GMT-0400 (Eastern Daylight Time),v,2048259,heisen,https://imgur.com/a/3lHKuQo,Factory,Assault,Event Record,heisen#4871,,,
Sun Aug 28 2022 10:02:53 GMT-0400 (Eastern Daylight Time),v,769576,‚öΩüîµŒ≤eta-chanüî¥‚öΩ,https://imgur.com/a/z7fGVbR,Machine Gunner,Assault,Event Record,"This is Event Record of Assault mode, submitted by ROOC#2604",,,
Sun Aug 28 2022 12:14:18 GMT-0400 (Eastern Daylight Time),v,756544,Jackson,https://imgur.com/gallery/phqZPfL,Director,Assault,Event Record,,,,
Sun Aug 28 2022 12:17:14 GMT-0400 (Eastern Daylight Time),v,602234,Plague,https://imgur.com/a/ta1Npqw,Overgunner,2TDM,,i mean it was free (ignore ratio i afked 20 min),,,
Sun Aug 28 2022 15:12:52 GMT-0400 (Eastern Daylight Time),v,6540888,Zeo'Xe,https://imgur.com/a/Pyfml3q,Annihilator,2TDM,Highest Arras Scores,dull#1559,,,
Sun Aug 28 2022 22:17:13 GMT-0400 (Eastern Daylight Time),v,883835,golden,https://imgur.com/a/U9nojVs,Commander,4TDM,,You what mf?#0153,,,
Mon Aug 29 2022 02:45:20 GMT-0400 (Eastern Daylight Time),x,1554902,Aleksander,https://imgur.com/a/MrU0pxG,Machine Gunner,Siege,Event Record,aleksander#1497,,,
Mon Aug 29 2022 11:25:37 GMT-0400 (Eastern Daylight Time),v,926099,Jackson,https://imgur.com/gallery/ZNdxUai,Hunter,Siege,Event Record,,,,
Mon Aug 29 2022 11:30:18 GMT-0400 (Eastern Daylight Time),v,4586583,O'Chunks,https://imgur.com/gallery/p2j9Zz4,Machine Gunner,Siege,Event Record,O'Chunks#7524,,,
Mon Aug 29 2022 12:26:30 GMT-0400 (Eastern Daylight Time),v,2255301,Jackson,https://imgur.com/gallery/H5we6XL,Penta Shot,Siege,Event Record,,,,
Mon Aug 29 2022 15:57:07 GMT-0400 (Eastern Daylight Time),x,1014274,Xyrox,https://imgur.com/tCWsyX4p,Auto Overseer,Squads-Duos,,,,,
Mon Aug 29 2022 17:12:47 GMT-0400 (Eastern Daylight Time),v,1821259,Corrupt Y,https://imgur.com/a/4lUQZxL,Overseer,4TDM,,,,,
Mon Aug 29 2022 18:28:27 GMT-0400 (Eastern Daylight Time),v,1217196,Corrupt Y,https://imgur.com/a/PRZnwwq,Auto Overseer,4TDM,,,,,
Mon Aug 29 2022 21:30:45 GMT-0400 (Eastern Daylight Time),v,1814594,Corrupt Y,https://imgur.com/a/vPi94Gu,Overgunner,4TDM,,,,,
Mon Aug 29 2022 21:48:01 GMT-0400 (Eastern Daylight Time),v,2528941,hi,https://imgur.com/a/S04Ur6o,Booster,4TDM,Highest Arras Scores,,,,
Tue Aug 30 2022 11:35:37 GMT-0400 (Eastern Daylight Time),v,1296040,Awootube,https://imgur.com/a/bxusKLY,Overgunner,Maze,,Awootube#9041 (first post drone nerf 1m),,,
Tue Aug 30 2022 11:36:51 GMT-0400 (Eastern Daylight Time),v,2000975,Awootube,https://imgur.com/a/ScBEP3M,Barricade,Maze,Highest Arras Scores,Awootube#9041,,,
Tue Aug 30 2022 11:50:38 GMT-0400 (Eastern Daylight Time),x,1901929,Jackson,https://imgur.com/a/bcRWjtV,Machine Gunner,Maze,,acc shadowbanned,,,
Tue Aug 30 2022 11:51:27 GMT-0400 (Eastern Daylight Time),x,1777593,Jackson,https://imgur.com/a/4p76x3v,Gunner Trapper,Maze,,^,,,
Tue Aug 30 2022 11:52:27 GMT-0400 (Eastern Daylight Time),v,1339339,Jackson,https://imgur.com/a/7ypu8Um,Manager,Open TDM,,^,,,
Tue Aug 30 2022 11:53:29 GMT-0400 (Eastern Daylight Time),v,852713,Jackson,https://imgur.com/a/Dp04l63,Overlord,Open TDM,,^,,,
Tue Aug 30 2022 11:53:57 GMT-0400 (Eastern Daylight Time),v,1022164,Jackson,https://imgur.com/a/fiM1vSD,Falcon,Tag,Event Record,,,,
Tue Aug 30 2022 14:48:29 GMT-0400 (Eastern Daylight Time),v,2128005,Jackson,https://imgur.com/a/YOInOa3,Bent Double,Siege,Event Record,,,,
Tue Aug 30 2022 15:02:02 GMT-0400 (Eastern Daylight Time),v,1029689,8,https://imgur.com/a/osD10jC,Overgunner,2TDM,,,,,
Tue Aug 30 2022 17:53:22 GMT-0400 (Eastern Daylight Time),v,1014274,Xyrox,https://imgur.com/a/gt8XB8k,Auto Overseer,Squads-Duos,,,,,
Tue Aug 30 2022 21:36:09 GMT-0400 (Eastern Daylight Time),v,4111659,Awootube,https://imgur.com/a/rLPCypr,Fortress,2TDM,Highest Arras Scores,Awootube#9041 (2tdm = boring but ok),,,
Wed Aug 31 2022 03:44:55 GMT-0400 (Eastern Daylight Time),v,1057988,Septerion,https://imgur.com/a/EQlfrR6,Overtrapper,Maze,,,,,
Wed Aug 31 2022 05:49:08 GMT-0400 (Eastern Daylight Time),x,1014274,Xyrox,https://imgur.com/gallery/gt8XB8k,Auto Overseer,Squads-Duos,,,,,
Wed Aug 31 2022 08:38:54 GMT-0400 (Eastern Daylight Time),v,1090767,Mine,https://imgur.com/a/kR0XoIv,Overseer,Maze,,,,,
Wed Aug 31 2022 09:10:35 GMT-0400 (Eastern Daylight Time),x,1780130,hewo,https://imgur.com/gallery/wGL40sK,Banshee,4TDM,,,,,
Wed Aug 31 2022 18:01:33 GMT-0400 (Eastern Daylight Time),v,695640,Jackson,https://imgur.com/a/ueuoeRM,Barricade,Soccer,Event Record,resubmitting everything else i'm allowed to,,,
Wed Aug 31 2022 18:02:50 GMT-0400 (Eastern Daylight Time),v,1066108,Jackson,https://imgur.com/a/Ju8dzMg,Constructor,Siege,Event Record,^,,,
Wed Aug 31 2022 18:03:29 GMT-0400 (Eastern Daylight Time),v,756544,Jackson,https://imgur.com/a/rdTj7iE,Director,Assault,Event Record,^,,,
Wed Aug 31 2022 18:04:43 GMT-0400 (Eastern Daylight Time),v,926099,Jackson,https://imgur.com/a/E0dEyHi,Hunter,Siege,Event Record,^,,,
Wed Aug 31 2022 18:05:19 GMT-0400 (Eastern Daylight Time),v,607653,Jackson,https://imgur.com/a/w8ly3Gv,Hybrid,Assault,Event Record,^,,,
Wed Aug 31 2022 18:06:23 GMT-0400 (Eastern Daylight Time),v,711701,Jackson,https://imgur.com/a/xi7R5nL,Machine Gun,Soccer,Event Record,^,,,
Wed Aug 31 2022 18:07:14 GMT-0400 (Eastern Daylight Time),v,530366,Jackson,https://imgur.com/a/fSK8XgQ,Mortar,Assault,Event Record,^,,,
Wed Aug 31 2022 18:08:13 GMT-0400 (Eastern Daylight Time),v,1286938,Jackson,https://imgur.com/a/xYSVrWK,Octo Tank,Domination,Event Record,^,,,
Wed Aug 31 2022 18:09:00 GMT-0400 (Eastern Daylight Time),v,1287727,Jackson,https://imgur.com/a/KjoXAfq,Overgunner,Soccer,Event Record,^,,,
Wed Aug 31 2022 18:10:07 GMT-0400 (Eastern Daylight Time),v,804327,Jackson,https://imgur.com/a/rS5endX,Sniper,Soccer,Event Record,^,,,
Wed Aug 31 2022 18:28:54 GMT-0400 (Eastern Daylight Time),v,1026482,Xyrox,https://imgur.com/gallery/rHXXYCZ,Machine Gunner,Maze,,,,,
Wed Aug 31 2022 18:45:51 GMT-0400 (Eastern Daylight Time),v,520125,Jackson,https://imgur.com/a/uTuyfeY,Hewn Double,Tag,Event Record,,,,
Wed Aug 31 2022 22:36:27 GMT-0400 (Eastern Daylight Time),v,2836514,SunIdea,https://imgur.com/a/pPQ8SL2,Double Twin,2TDM,Highest Arras Scores,resubmit lol,,,
Thu Sep 01 2022 04:44:14 GMT-0400 (Eastern Daylight Time),v,666222,our kill,https://imgur.com/a/oBMLWs0,Overlord,Maze 4TDM,,rk#2593,,,
Thu Sep 01 2022 04:49:52 GMT-0400 (Eastern Daylight Time),v,1322419,our kill,https://imgur.com/a/IHnmGCp,Overlord,FFA,,rk#2593,,,
Thu Sep 01 2022 05:56:11 GMT-0400 (Eastern Daylight Time),x,1202455,our kill,https://imgur.com/a/ueprR9X,Overlord,FFA,,rk#2593,,,
Thu Sep 01 2022 20:11:54 GMT-0400 (Eastern Daylight Time),v,734688,Jackson,https://imgur.com/a/F4I4ZD7,Spawner,Domination,Event Record,,,,
Thu Sep 01 2022 21:52:14 GMT-0400 (Eastern Daylight Time),v,765633,hi,https://imgur.com/a/2Q988mV,Overdrive,4TDM,,,,,
Thu Sep 01 2022 22:50:16 GMT-0400 (Eastern Daylight Time),v,1948773,Yusuf 100,https://imgur.com/gallery/h1kUkcp,Manager,Domination,Event Record,Yusuf 100#9222,,,
Fri Sep 02 2022 09:07:12 GMT-0400 (Eastern Daylight Time),v,1774950,ThunderFlame,https://imgur.com/a/KY2mGGu,Twister,Maze,,,,,
Fri Sep 02 2022 11:10:44 GMT-0400 (Eastern Daylight Time),v,1262034,Jackson,https://imgur.com/a/IFXQq8j,Sidewinder,Maze,,,,,
Fri Sep 02 2022 14:29:24 GMT-0400 (Eastern Daylight Time),v,2207526,ThunderFlame,https://imgur.com/a/Fcypf8w,Auto Tri-Angle,Portal 4TDM,,,,,
Fri Sep 02 2022 14:41:09 GMT-0400 (Eastern Daylight Time),x,3001461,ThunderFlame,https://imgur.com/a/RD41eP8,Auto Overseer,Portal 4TDM,Highest Arras Scores,,,,
Fri Sep 02 2022 14:42:18 GMT-0400 (Eastern Daylight Time),x,3001461,ThunderFlame,https://imgur.com/a/RD41eP8,Auto Overseer,Portal 4TDM,,,,,
Fri Sep 02 2022 14:52:41 GMT-0400 (Eastern Daylight Time),v,2416735,ThunderFlame,https://imgur.com/a/TjP5sSt,Gunner Trapper,4TDM,Highest Arras Scores,,,,
Fri Sep 02 2022 15:35:38 GMT-0400 (Eastern Daylight Time),v,1033228,Reckless ,https://youtu.be/z6AsmTGm28U,Machine Gunner,Maze,,Is this eligible for wr,,,
Fri Sep 02 2022 17:24:30 GMT-0400 (Eastern Daylight Time),v,2274817,ThunderFlame,https://imgur.com/a/SQN5488,Basic,Maze 4TDM,Highest Arras Scores,,,,
Sat Sep 03 2022 01:00:32 GMT-0400 (Eastern Daylight Time),v,2373821,ŒπŒ±,https://imgur.com/gallery/nHgGWv9,Auto Smasher,2TDM,Highest Arras Scores,,,,
Sat Sep 03 2022 01:09:34 GMT-0400 (Eastern Daylight Time),v,2883475,ASkib,https://imgur.com/a/Djq8mpE,Mortar,Squads-Duos,Highest Arras Scores,Zenomi#3509 (link this account pls ty),,,
Sat Sep 03 2022 01:10:28 GMT-0400 (Eastern Daylight Time),v,2835249,ASkib,https://imgur.com/a/wheLZnz,Hexa Tank,Squads-Duos,Highest Arras Scores,Zenomi#3509,,,
Sat Sep 03 2022 01:11:34 GMT-0400 (Eastern Daylight Time),v,2782754,ASkib,https://imgur.com/a/YQH654X,Destroyer,2TDM,Highest Arras Scores,Zenomi#3509,,,
Sat Sep 03 2022 01:12:54 GMT-0400 (Eastern Daylight Time),v,2644255,ASkib,https://imgur.com/a/m0UnvRa,Smasher,2TDM,Highest Arras Scores,Zenomi#3509,,,
Sat Sep 03 2022 01:14:01 GMT-0400 (Eastern Daylight Time),v,2588020,ASkib,https://imgur.com/a/jku3Z9h,Mega Smasher,2TDM,Highest Arras Scores,Zenomi#3509,,,
Sat Sep 03 2022 01:15:07 GMT-0400 (Eastern Daylight Time),v,2564845,ASkib,https://imgur.com/a/viN8mpA,Octo Tank,Squads-Duos,Highest Arras Scores,Zenomi#3509,,,
Sat Sep 03 2022 01:16:01 GMT-0400 (Eastern Daylight Time),v,2564172,ASkib,https://imgur.com/a/tzTFTj9,Bushwhacker,Squads-Duos,Highest Arras Scores,Zenomi#3509,,,
Sat Sep 03 2022 01:17:13 GMT-0400 (Eastern Daylight Time),v,2563209,ASkib,https://imgur.com/a/9YkWNW0,Mega Smasher,Portal 4TDM,Highest Arras Scores,Zenomi#3509,,,
Sat Sep 03 2022 01:19:51 GMT-0400 (Eastern Daylight Time),v,2499671,ASkib,https://imgur.com/a/7S1o8lF,Octo Tank,FFA,Highest Arras Scores,Zenomi#3509,,,
Sat Sep 03 2022 01:28:17 GMT-0400 (Eastern Daylight Time),v,2365112,ASkib,https://imgur.com/a/fgSHOUD,Bent Double,FFA,Highest Arras Scores,,,,
Sat Sep 03 2022 01:36:55 GMT-0400 (Eastern Daylight Time),v,2364273,ASkib,https://imgur.com/a/Bq2SOnW,Mega-3,Maze 4TDM,Highest Arras Scores,,,,
Sat Sep 03 2022 01:39:46 GMT-0400 (Eastern Daylight Time),v,2311132,ASkib,https://imgur.com/a/A0qkcJ0,Gunner Trapper,4TDM,Highest Arras Scores,,,,
Sat Sep 03 2022 01:40:50 GMT-0400 (Eastern Daylight Time),v,2111234,ASkib,https://www.youtube.com/watch?v=cK-8BVwadSs&,Octo Tank,Squads-Duos,Highest Arras Scores,,,,
Sat Sep 03 2022 01:42:12 GMT-0400 (Eastern Daylight Time),v,2097997,ASkib,https://imgur.com/a/RRozm1r,Fighter,Squads-Duos,Highest Arras Scores,,,,
Sat Sep 03 2022 01:45:56 GMT-0400 (Eastern Daylight Time),v,2050230,ASkib,https://imgur.com/a/if7p4s5,Bent Double,FFA,Highest Arras Scores,Zenomi#3509 link to My acc plsty,,,
Sat Sep 03 2022 06:16:14 GMT-0400 (Eastern Daylight Time),x,1501757,Reckless,https://youtu.be/KQrfslma7e0,Commander,Maze 2TDM,,this gonna get taken in 2 days,,,
Sat Sep 03 2022 09:20:09 GMT-0400 (Eastern Daylight Time),v,1855739,Sei,https://imgur.com/a/YFTHRYe,Auto Overseer,Maze 2TDM,,Sei#7461,,,
Sat Sep 03 2022 10:20:56 GMT-0400 (Eastern Daylight Time),v,2306401,SS 69,https://imgur.com/a/oySiQ3Q,Predator,Portal 4TDM,Highest Arras Scores,,,,
Sat Sep 03 2022 10:25:56 GMT-0400 (Eastern Daylight Time),x,743827,Hugh777,https://www.youtube.com/watch?v=E8MMbCTFXEE,Auto Overseer,FFA,,Hugh777#1821,,,
Sat Sep 03 2022 15:19:50 GMT-0400 (Eastern Daylight Time),v,1144677,our kill,https://imgur.com/a/cHJK9d8,Auto Overseer,FFA,,rk#2593,,,
Sat Sep 03 2022 20:09:20 GMT-0400 (Eastern Daylight Time),v,2494400,Sniper Experimental,https://imgur.com/a/OpqYJSL,Conqueror,Maze,Highest Arras Scores,,,,
Sun Sep 04 2022 00:52:36 GMT-0400 (Eastern Daylight Time),v,5355888,Mr.Hacker YT,https://imgur.com/gallery/7bTomXS,Auto-Assassin,Squads-Duos,Highest Arras Scores,Mr.Hacker YT#1382,,,
Sun Sep 04 2022 00:56:56 GMT-0400 (Eastern Daylight Time),v,3509885,Mr.Hacker YT,https://imgur.com/gallery/4eiRbJP,Auto Spawner,Squads-Duos,Highest Arras Scores,"HAS Only, Mr.Hacker YT#1382",,,
Sun Sep 04 2022 01:02:00 GMT-0400 (Eastern Daylight Time),v,4753601,Mr.Hacker YT,https://imgur.com/gallery/xUjHfJF,Auto-Assassin,Squads-Duos,Highest Arras Scores,"HAS Only, Mr.Hacker YT#1382",,,
Sun Sep 04 2022 14:17:28 GMT-0400 (Eastern Daylight Time),v,782201,Jackson,https://imgur.com/a/CIRk4I0,Overdrive,4TDM,,,,,
Sun Sep 04 2022 15:29:40 GMT-0400 (Eastern Daylight Time),v,1202455,our kill,https://imgur.com/a/ueprR9X,Banshee,FFA,,rk#2593,,,
Mon Sep 05 2022 13:16:08 GMT-0400 (Eastern Daylight Time),x,820857,our kill,https://imgur.com/a/ncOds2F,Commander,FFA,,rk#2593,,,
Tue Sep 06 2022 00:52:43 GMT-0400 (Eastern Daylight Time),v,6323686,ŒπŒ±,https://imgur.com/gallery/umI7rCX,Streamliner,4TDM,Highest Arras Scores,,,,
Tue Sep 06 2022 03:02:22 GMT-0400 (Eastern Daylight Time),v,996142,‚ò† ü·¥Ä…¢ –º·¥Äs—Ç·¥á Ä‚ò†,https://imgur.com/a/VbC2xfV,Overdrive,4TDM,,Ïô∏Î°úÏö¥#6349,,,
Tue Sep 06 2022 03:03:25 GMT-0400 (Eastern Daylight Time),v,1812381,‚ò† ü·¥Ä…¢ –º·¥Äs—Ç·¥á Ä‚ò†,https://imgur.com/a/GnK086x,Annihilator,Siege,Event Record,Ïô∏Î°úÏö¥#6349,,,
Tue Sep 06 2022 03:20:33 GMT-0400 (Eastern Daylight Time),v,2270498,‚ò† ü·¥Ä…¢ –º·¥Äs—Ç·¥á Ä‚ò†,https://imgur.com/a/2FmY1RJ,Factory,Siege,Event Record,Ïô∏Î°úÏö¥#6349,,,
Tue Sep 06 2022 06:35:55 GMT-0400 (Eastern Daylight Time),x,12500000,The Noob,https://www.youtube.com/watch?v=dQw4w9WgXcQ,Annihilator,Squads-Duos,,,,,
Tue Sep 06 2022 22:55:56 GMT-0400 (Eastern Daylight Time),x,775155,Neptuun,https://imgur.com/a/vEYbwlF,Gunner Trapper,Maze,,,,,
Wed Sep 07 2022 00:50:43 GMT-0400 (Eastern Daylight Time),v,544367,Septerion,https://imgur.com/a/ly9y5hN,Overtrapper,FFA,,,,,
Wed Sep 07 2022 01:04:01 GMT-0400 (Eastern Daylight Time),v,2297420,Septerion,https://imgur.com/a/YNzGYam,Overgunner,Maze 4TDM,Highest Arras Scores,old score,,,
Wed Sep 07 2022 01:07:56 GMT-0400 (Eastern Daylight Time),v,2449286,Septerion,https://imgur.com/a/PMZbcaW,Overlord,2TDM,Highest Arras Scores,old score,,,
Wed Sep 07 2022 01:12:17 GMT-0400 (Eastern Daylight Time),x,2038008,Septerion,https://imgur.com/SuVuDQd,Director,4TDM,Highest Arras Scores,old score,,,
Wed Sep 07 2022 01:19:20 GMT-0400 (Eastern Daylight Time),x,2115605,Septerion,https://imgur.com/a/DJ2IcJC,Commander,2TDM,Highest Arras Scores,old score,,,
Wed Sep 07 2022 01:29:56 GMT-0400 (Eastern Daylight Time),v,3001996,Septerion,https://imgur.com/a/R4l2aAm,Minigun,Portal 4TDM,Highest Arras Scores,old score,,,
Wed Sep 07 2022 04:26:33 GMT-0400 (Eastern Daylight Time),x,1156252,‚ò† ü·¥Ä…¢ –º·¥Äs—Ç·¥á Ä‚ò†,https://imgur.com/a/Jh3vXIF,Banshee,2TDM,,Arisu Sakayanagi#6349,,,
Wed Sep 07 2022 04:27:39 GMT-0400 (Eastern Daylight Time),v,679251,‚ò† ü·¥Ä…¢ –º·¥Äs—Ç·¥á Ä‚ò†,https://imgur.com/a/SPlHzju,Banshee,Squads-Duos,,Arisu Sakayanagi#6349,,,
Thu Sep 08 2022 06:21:08 GMT-0400 (Eastern Daylight Time),v,3156649,∆ßchrodŒπŒ∑gŒµr,https://imgur.com/a/vR4OLl4,Factory,Assault,Highest Arras Scores,Frisbee#9507,,,
Thu Sep 08 2022 10:09:47 GMT-0400 (Eastern Daylight Time),v,776761,Moshie,https://imgur.com/a/PA5XBUZ,Director,Open TDM,,"My World Record is Ocean, can you change it to Moshie?",,,
Fri Sep 09 2022 07:51:01 GMT-0400 (Eastern Daylight Time),v,3445700,ThunderFlame,https://imgur.com/a/OzR01oi,Auto Smasher,4TDM,Highest Arras Scores,,,,
Fri Sep 09 2022 21:15:54 GMT-0400 (Eastern Daylight Time),x,7270727, üéã,https://imgur.com/,Auto 3,FFA,Event Record,change my wr name to ‚òî,,,
Fri Sep 09 2022 23:13:32 GMT-0400 (Eastern Daylight Time),v,1101350,[LK],https://imgur.com/a/4mduhue,Manager,FFA,,,,,
Fri Sep 09 2022 23:35:53 GMT-0400 (Eastern Daylight Time),v,769825,[LK],https://imgur.com/a/nB1N4HX,Overgunner,FFA,,,,,
Sat Sep 10 2022 01:39:35 GMT-0400 (Eastern Daylight Time),v,2329845,Septerion,https://imgur.com/a/KBpDjxx,Manager,4TDM,,,,,
Sat Sep 10 2022 02:43:15 GMT-0400 (Eastern Daylight Time),x,782312,Septerion,https://imgur.com/a/A1AL3NL,Gunner Trapper,Maze,,,,,
Sat Sep 10 2022 03:56:25 GMT-0400 (Eastern Daylight Time),v,2558079,Heatherly,https://imgur.com/a/h6aiuGk,Falcon,2TDM,Highest Arras Scores,,,,
Sat Sep 10 2022 04:39:20 GMT-0400 (Eastern Daylight Time),v,2006442,WL9,https://imgur.com/gallery/F1b27Q6,Bulwark,FFA,Highest Arras Scores,"First 2mil in a while, glad to be back :D",,,
Sat Sep 10 2022 06:49:32 GMT-0400 (Eastern Daylight Time),v,4383508,our kill,https://imgur.com/a/cAmq0pQ,Overlord,4TDM,Highest Arras Scores,rk#2593,,,
Sat Sep 10 2022 08:35:03 GMT-0400 (Eastern Daylight Time),v,2020399,Awootube,https://imgur.com/a/a6rPHGr,Auto Tri-Angle,FFA,Highest Arras Scores,Awootube#9041 first tri 2m in ffa :skull:,,,
Sat Sep 10 2022 23:00:34 GMT-0400 (Eastern Daylight Time),v,8766383,ŒπŒ±,https://imgur.com/a/QOBnWh5,Streamliner,4TDM,Highest Arras Scores,,,,
Sat Sep 10 2022 23:23:37 GMT-0400 (Eastern Daylight Time),v,5775516,Para,https://imgur.com/a/vWGcorK,Auto Double,4TDM,Highest Arras Scores,para#1677,,,
Sat Sep 10 2022 23:40:20 GMT-0400 (Eastern Daylight Time),v,2178657,baking soda,https://i.imgur.com/uZcJdIL.png,Destroyer,2TDM,Highest Arras Scores,,,,
Sat Sep 10 2022 23:41:52 GMT-0400 (Eastern Daylight Time),v,4516483,baking soda,https://i.imgur.com/zmYQflD.png,Gunner Trapper,4TDM,Highest Arras Scores,,,,
Sun Sep 11 2022 01:30:34 GMT-0400 (Eastern Daylight Time),v,1632896,Septerion,https://imgur.com/a/ebCrdVx,Overdrive,4TDM,,,,,
Sun Sep 11 2022 09:18:02 GMT-0400 (Eastern Daylight Time),v,768500,you tried ‚òÜ,https://imgur.com/a/iWM1KOi,Auto Gunner,Tag,Event Record,,,,
Sun Sep 11 2022 14:19:13 GMT-0400 (Eastern Daylight Time),v,1355696,Mine,https://imgur.com/a/aJmFeOz,Banshee,Maze 2TDM,,,,,
Sun Sep 11 2022 14:37:08 GMT-0400 (Eastern Daylight Time),v,684580,CX has cute feet,https://imgur.com/a/ISwU47Z,Director,FFA,,,,,
Sun Sep 11 2022 15:14:41 GMT-0400 (Eastern Daylight Time),v,1624651,[LK],https://imgur.com/a/NL4ILIK,Overdrive,Maze 2TDM,,,,,
Sun Sep 11 2022 23:26:56 GMT-0400 (Eastern Daylight Time),v,3869572,Corrupt Y,https://imgur.com/a/qi74Ikg,Cyclone,Siege,Event Record,,,,
Mon Sep 12 2022 01:15:54 GMT-0400 (Eastern Daylight Time),v,1523845,[mg] beetle,https://imgur.com/a/sFI447K,Gunner Trapper,Maze,,no,,,
Mon Sep 12 2022 02:01:39 GMT-0400 (Eastern Daylight Time),v,1733832,ŒπŒ±,https://imgur.com/gallery/4xafAoo,Machine Gunner,Maze,,no,,,
Mon Sep 12 2022 02:38:54 GMT-0400 (Eastern Daylight Time),v,4226387,Sei,https://imgur.com/a/xwtIwhP,Sprayer,Siege,Event Record,,,,
Mon Sep 12 2022 13:26:59 GMT-0400 (Eastern Daylight Time),v,853158,Jackson,https://imgur.com/a/o1Ezk06,Machine Gunner,Portal Mothership,Event Record,,,,
Mon Sep 12 2022 14:04:38 GMT-0400 (Eastern Daylight Time),v,3226639,ThunderFlame,https://imgur.com/a/wI6vGBy,Booster,2TDM,Highest Arras Scores,ThunderFlame#5824,,,
Mon Sep 12 2022 14:10:34 GMT-0400 (Eastern Daylight Time),v,2354774,ThunderFlame,https://imgur.com/a/tCeCWmu,Necromancer,2TDM,Highest Arras Scores,ThunderFlame#5824,,,
Mon Sep 12 2022 14:19:08 GMT-0400 (Eastern Daylight Time),v,4128871,ThunderFlame,https://imgur.com/a/w1vTCPg,Landmine,2TDM,Highest Arras Scores,ThunderFlame#5824,,,
Mon Sep 12 2022 14:25:35 GMT-0400 (Eastern Daylight Time),v,3727088,ThunderFlame,https://imgur.com/a/Z0IlWaL,Spike,4TDM,Highest Arras Scores,ThunderFlame#5824,,,
Mon Sep 12 2022 14:33:02 GMT-0400 (Eastern Daylight Time),v,3534622,ThunderFlame,https://imgur.com/a/kuYpxO5,Commander,2TDM,Highest Arras Scores,ThunderFlame#5824,,,
Mon Sep 12 2022 14:59:21 GMT-0400 (Eastern Daylight Time),v,2370267,Askatasuna,https://imgur.com/a/dUzprsI,Overlord,Maze 4TDM,Highest Arras Scores,op drones so LAS (my last 2m ol with op drones),,,
Mon Sep 12 2022 15:00:32 GMT-0400 (Eastern Daylight Time),v,2418837,Askatasuna,https://imgur.com/a/JJTT7F2,Maleficitor,2TDM,Highest Arras Scores,arras mechanics too strong :sad:,,,
Mon Sep 12 2022 15:01:54 GMT-0400 (Eastern Daylight Time),v,4023136,Askatasuna,https://imgur.com/a/xad1xwG,Maleficitor,2TDM,Highest Arras Scores,370k bro cmon lel,,,
Mon Sep 12 2022 23:43:31 GMT-0400 (Eastern Daylight Time),?,3162855,Quad,https://i.imgur.com/ROVhVAd.png,Auto Spawner,4TDM,Highest Arras Scores,,,,
Tue Sep 13 2022 02:55:34 GMT-0400 (Eastern Daylight Time),v,2364937,xd,https://imgur.com/a/aKDIPBq,Overdrive,2TDM,,,,,
Tue Sep 13 2022 07:31:53 GMT-0400 (Eastern Daylight Time),v,6349079,„Å≠„Åì„Åç„Çì,https://imgur.com/a/XspMgzj,Auto Spawner,4TDM,Highest Arras Scores,,,,
Tue Sep 13 2022 07:43:57 GMT-0400 (Eastern Daylight Time),v,2167528,üå∑|retnuH,https://imgur.com/gallery/o5OXuij,Hybrid,4TDM,Highest Arras Scores,Giga Chad#3757,,,
Tue Sep 13 2022 10:23:12 GMT-0400 (Eastern Daylight Time),x,1012494,Yusuf,https://imgur.com/tbba4FF,Bent Hybrid,4TDM,,,,,
Tue Sep 13 2022 23:35:50 GMT-0400 (Eastern Daylight Time),v,841990,Septerion,https://imgur.com/a/33YuSrn,Director,Squads-Duos,,,,,
Wed Sep 14 2022 06:38:12 GMT-0400 (Eastern Daylight Time),v,1591767,8,https://imgur.com/a/lvjh5qv,Banshee,2TDM,,,,,
Wed Sep 14 2022 10:04:16 GMT-0400 (Eastern Daylight Time),x,589884,Xcyiterr,https://imgur.com/gallery/HElPBvl,Overtrapper,Maze 4TDM,,"usually play as "Œ± Pyxidis ‚ô°" in game, and discord is "Xcyiterr#0607"",,,
Wed Sep 14 2022 12:57:07 GMT-0400 (Eastern Daylight Time),?,4067634,Sky,https://imgur.com/a/riINMQt,Auto Cruiser,Squads-Duos,Highest Arras Scores,NotAlex#8387,,,
Wed Sep 14 2022 18:00:23 GMT-0400 (Eastern Daylight Time),?,516385,buff barricade,https://imgur.com/a/0UCOelU,Auto Builder,Assault,Event Record,,,,
Wed Sep 14 2022 19:54:50 GMT-0400 (Eastern Daylight Time),x,2594234,"Dark,pet,iluvpet",https://imgur.com/gallery/ojo7mQ2,Overlord,4TDM,Highest Arras Scores,,,,
Wed Sep 14 2022 20:42:57 GMT-0400 (Eastern Daylight Time),v,2520908,[LK],https://imgur.com/gallery/N49S24e,Surfer,Portal 4TDM,Highest Arras Scores,,,,
Thu Sep 15 2022 08:18:33 GMT-0400 (Eastern Daylight Time),~,3367405,Heatherly,https://imgur.com/a/bwlqUDp,Annihilator,Squads-Duos,Highest Arras Scores,,,,
,,,,,,,,,,,
,,,,,,,,,,,
,,,,,,,,,,,
,,,,,,,,,,,
,,,,,,,,,,,
,,,,,,,,,,,
,,,,,,,,,,,
,,,,,, ,,,,,