,Submit Record,                                                    Open Maze Domination,,>Proof<,             4 Team Domination,,>Proof<,              2 Team Domination,,>Proof<,                    Portal 4TDM,,>Proof<
CellImage,WR Rules,,,,,,,,,,,,
CellImage,Secondary Records,,,,,,,,,,,,
CellImage,Player/Tank Stats,,,,,,,,,,,,
CellImage,WRA Website,,,,,,,,,,,,
CellImage,Submissions,,,,,,,,,,,,
CellImage,Highest Scores,,,,,,,,,,,,
CellImage,Reddit,,,,,,,,,,,,
CellImage,Discord,,,,,,,,,,,,
CellImage,Theme Creator,,,,,,,,,,,,
CellImage,Class Tree,,,,,,,,,,,,
,,,,,,,,,,,,,
Highest Score in Mode:,,2224116,#REF!,https://cdn.discordapp.com/attachments/395646588682240020/563760281453330443/extreme_WFR.png,3447866,#REF!,https://cdn.discordapp.com/attachments/395646588682240020/492281111465033728/unknown.png,2310000,#REF!,https://cdn.discordapp.com/attachments/395646588682240020/448923336286928896/unknown.png,1550000,#REF!,https://cdn.discordapp.com/attachments/395646588682240020/464293756397682709/unknown.png
,,,,,,,,,,,,,
Tier 1,,                    Open Maze Domination                  ,,,                     4 Team Domination                    ,,,                      2 Team Domination                      ,,,                            Portal 4TDM                            ,,
CellImage,Basic,719259,simp,https://lh5.googleusercontent.com/CIYd7Gp_PUL4_nA7fioS8P6X5QT95juK6XeK4PEQBi4O_SK7V7SxGsrfvkxV08qyVoui1awFq9wm5RtqZQFdRhagYl89ccjt7PRMFfRCkh4Dm8g-zX6_WL7vZQRrXLt81XW88GsD,977370,Dark,https://cdn.discordapp.com/attachments/395646588682240020/446704996222894091/unknown.png,516100,Dark,,723500,UltraV,https://cdn.discordapp.com/attachments/395646588682240020/464597505175322636/unknown.png
,,,,,,,,,,,,,
Tier 2,,                    Open Maze Domination                  ,,,                     4 Team Domination                    ,,,                      2 Team Domination                      ,,,                            Portal 4TDM                            ,,
CellImage,Director,400907,pingu,https://i.imgur.com/9ax0Lil.png,785319,ð‘‰ð“ªð“·ð“®ð“¼ð“¼ð“ª,https://cdn.discordapp.com/attachments/479009605477728257/503416862110121985/unknown.png,613667,literal cancer,https://cdn.discordapp.com/attachments/395646588682240020/448562211972055040/unknown.png,260177,ExC,https://cdn.discordapp.com/attachments/395646588682240020/467077530290225182/Screenshot_2018-07-12_at_5.18.06_PM.png
CellImage,Flank Guard,261425,LooOOooL,https://www.youtube.com/watch?v=oTFcmrf7bZI,565425,Sunburst,https://cdn.discordapp.com/attachments/395646588682240020/562594601387556868/image0.png,908430,EternalFrost,https://cdn.discordapp.com/attachments/395646588682240020/452276857652510740/unknown.png,384630,Darks its Me,https://cdn.discordapp.com/attachments/395646588682240020/465940094252089344/Screenshot_2018-07-09_at_7.10.19_AM.png
CellImage,Machine Gun,537609,HZ6,https://cdn.discordapp.com/attachments/395646588682240020/573942845438951454/machine.png,540680,Dark,https://cdn.discordapp.com/attachments/395646588682240020/444443219049054208/unknown.png,1190000,Candy!,https://cdn.discordapp.com/attachments/395646588682240020/449959061400715264/unknown.png,725410,PokeSvorlds,https://cdn.discordapp.com/attachments/395646588682240020/466374795886592010/Screen_Shot_2018-07-10_at_3.43.40_PM.png
CellImage,Pounder,328950,someone :),https://www.youtube.com/watch?v=nfDgVnmI028,687107,Denied,https://youtu.be/q7mWyYpKOXA,,,,227910,Darks its Me,https://cdn.discordapp.com/attachments/395646588682240020/465832856669650945/Screenshot_2018-07-09_at_6.52.16_AM.png
CellImage,Sniper,1475524,HZ6,https://imgur.com/gallery/ZQhBDV4,1822331,Denied,https://www.youtube.com/watch?v=BVFZ5P-g5Mk&feature=youtu.be,941550,Candy!,https://cdn.discordapp.com/attachments/395646588682240020/448838099728990213/unknown.png,686330,Candy!,https://cdn.discordapp.com/attachments/395646588682240020/466300792161304576/unknown.png
CellImage,Trapper,328637,someone :),https://www.youtube.com/watch?v=r2bkgcQrwss,817880,ð‘‰ð“ªð“·ð“®ð“¼ð“¼ð“ª,https://cdn.discordapp.com/attachments/395646588682240020/483581443134586900/unknown.png,,,,316300,Darks its Me,https://cdn.discordapp.com/attachments/395646588682240020/466245435254898699/wEZZ4CneLIC9qs9Q95I2Veeplb5nkwuYLaNhMUx3FkoiuDdplbRNnK5EStqqoZChvfTpTpGL1FEaAIUAQoAhQBigBFgCJAEaAIUA.png
CellImage,Twin,726142,HZ6,https://cdn.discordapp.com/attachments/395646588682240020/566539019047927809/Twin_WR_ODom.png,675370,Dark,https://cdn.discordapp.com/attachments/395646588682240020/444268497577705472/unknown.png,369010,AMagicalWizardPie,https://cdn.discordapp.com/attachments/399546657127268352/452304592953147392/unknown.png,1080000,eneri,https://cdn.discordapp.com/attachments/395646588682240020/464409391593160704/unknown.png
,,,,,,,,,,,,,
Tier 3,,                    Open Maze Domination                  ,,,                     4 Team Domination                    ,,,                      2 Team Domination                      ,,,                            Portal 4TDM                            ,,
CellImage,Artillery,802484,pingu,https://cdn.discordapp.com/attachments/395646588682240020/536476669532307456/unknown.png,1246631,[FBI] OPEN UP,https://cdn.discordapp.com/attachments/395646588682240020/513813553921392641/arras.io_-_Google_Chrome_11_18_2018_2_29_59_PM.png,529730,RUBIK,https://cdn.discordapp.com/attachments/395646588682240020/450942187941658635/unknown.png,1070000,PokeSvorlds,https://cdn.discordapp.com/attachments/395646588682240020/466022874344325140/Screen_Shot_2018-07-09_at_4.25.58_PM.png
CellImage,Assassin,535338,someone :),https://www.youtube.com/watch?v=xXmUpicyXcU,1070000,Candy!,https://cdn.discordapp.com/attachments/395646588682240020/440585428454735872/unknown.png,420820,RUBIK,https://cdn.discordapp.com/attachments/395646588682240020/450020783650111499/unknown.png,,,
CellImage,Auto 3,163636,Heavyhiterr,https://ibb.co/93vHXBG,409540,Jimmy,https://cdn.discordapp.com/attachments/395646588682240020/445657777709514773/unknown.png,440940,MrFarmz,https://cdn.discordapp.com/attachments/395646588682240020/449379390892277760/Screenshot_52.png,676470,!,https://cdn.discordapp.com/attachments/395646588682240020/465481126933168139/unknown.png
CellImage,Builder,688675,LooOOooL,https://media.discordapp.net/attachments/395646588682240020/518935094589915156/arras.io_-_Google_Chrome_2018-12-02_3_39_29_PM.png,540943,ExC,https://media.discordapp.net/attachments/395646588682240020/494243212303663115/Screenshot_2018-09-25_at_4.25.49_PM.png?width=400&height=225,464970,Quadruplex,https://www.youtube.com/watch?v=X3wvEvwuZDU&t=9s,180730,Darks its Me,https://cdn.discordapp.com/attachments/395646588682240020/464823490030075906/ie1NxzvsUXQAAAABJRU5ErkJggg.png
CellImage,Cruiser,230317,âœ¡Cursedâ™š,https://imgur.com/a/lsIjC0J,528610,Candy!,https://cdn.discordapp.com/attachments/395646588682240020/443189178016989194/unknown.png,163810,UltraV,https://cdn.discordapp.com/attachments/395646588682240020/451147417157500928/unknown.png,376310,CWWW,https://cdn.discordapp.com/attachments/395646588682240020/466602712117805066/Screen_Shot_2018-07-11_at_11.00.48.png
CellImage,Destroyer,2224116,HZ6,https://cdn.discordapp.com/attachments/395646588682240020/563760281453330443/extreme_WFR.png,3447866,Phoenix,https://cdn.discordapp.com/attachments/395646588682240020/492281111465033728/unknown.png,1250000,Candy!,https://cdn.discordapp.com/attachments/395646588682240020/449649008701472770/unknown.png,1540000,Oganesson 118,https://cdn.discordapp.com/attachments/395646588682240020/466508342144270337/unknown.png
CellImage,Double Twin,1404306,Denied,https://www.youtube.com/watch?v=-j4A88ZrC3s&feature=youtu.be,693350,Jimmy,https://cdn.discordapp.com/attachments/395646588682240020/445644415491375104/unknown.png,366400,Psychlow,https://cdn.discordapp.com/attachments/395646588682240020/448580481089536010/Screenshot_2018-05-22_at_4.17.45_PM.png,459400,Darks its Me,https://cdn.discordapp.com/attachments/395646588682240020/464901321502490624/H23mB6JgiAzvAAAAAElFTkSuQmCC.png
CellImage,Gunner,236932,âœ¡Cursedâ™š,https://imgur.com/a/VSJtIqB,484560,Jackson,https://image.prntscr.com/image/wyU1FS71QNuZeC_Yvu2ohQ.png,324890,Quadruplex,https://www.youtube.com/watch?v=FIZMuWe0tpI&feature=youtu.be,315220,ã€”ð’ˆã€•Â»ð•†ð•šð•ð•žð•’ð•ŸÂ«,https://cdn.discordapp.com/attachments/395646588682240020/465979688570060820/M8v6oXqYWe0BxWBGK6sG2xWGrsoFWnJMJ2jXARMoLAfiHwf28vqAjK0NS1AAAAAElFTkSuQmCC.png
CellImage,Hexa Tank,232435,Absol,https://media.discordapp.net/attachments/395646588682240020/523866539053678595/unknown.png?,557330,Candy!,https://cdn.discordapp.com/attachments/395646588682240020/440908289518206989/unknown.png,184570,Quadruplex,https://www.youtube.com/watch?v=WGDESiS4dAQ&t=2s,428240,ã€”ð’ˆã€•Â»ð•†ð•šð•ð•žð•’ð•ŸÂ«,https://cdn.discordapp.com/attachments/395646588682240020/466359652414914580/Screenshot_2018-07-10_at_4.44.01_PM.png
CellImage,Hunter,459519,LooOOooL,https://cdn.discordapp.com/attachments/372305400638472200/556977551709437973/arras.io_-_Google_Chrome_2019-03-17_4_09_03_PM.png,876660,Candy!,https://cdn.discordapp.com/attachments/395646588682240020/442124622499020801/unknown.png,561120,Psychlow,https://cdn.discordapp.com/attachments/395646588682240020/450670369695727667/Screenshot_2018-05-28_at_10.42.02_AM.png,197710,Jackson,https://media.discordapp.net/attachments/395646588682240020/466975058976571402/unknown.png
CellImage,Minigun,335296,Heavyhiterr,https://ibb.co/sj5r7qd,1170000,Candy!,https://cdn.discordapp.com/attachments/395646588682240020/440932849827184640/unknown.png,885360,PokeSvorlds,https://cdn.discordapp.com/attachments/395646588682240020/452679324047507458/Screen_Shot_2018-06-02_at_8.43.52_PM.png,184960,CWWW,https://cdn.discordapp.com/attachments/395646588682240020/466650454084812811/Screen_Shot_2018-07-11_at_18.01.57.png
CellImage,Overseer,660752,Reflection,https://cdn.discordapp.com/attachments/395646588682240020/551728709581668372/unknown.png,773120,UltraV,https://cdn.discordapp.com/attachments/395646588682240020/441872006200164362/unknown.png,1060000,RUBIK,https://cdn.discordapp.com/attachments/395646588682240020/452048708222058507/unknown.png,228630,Dark,https://cdn.discordapp.com/attachments/395646588682240020/465849748092354570/unknown.png
CellImage,Rifle,482813,pingu,https://streamable.com/e0ah5,747842,HMS Flying Sniper,https://media.discordapp.net/attachments/395646588682240020/515297659007926282/Screenshot_2018-11-22_at_5.48.34_PM.png,117054,ã€”ð’ˆã€•Â»ð•†ð•šð•ð•žð•’ð•ŸÂ«,https://cdn.discordapp.com/attachments/395646588682240020/451006933848293396/SAQBCof0cTh9pqMe6cf8f1h8ldIsI4akAAAAASUVORK5CYII.png,,,
CellImage,Smasher,801608,someone :),https://www.youtube.com/watch?v=YwQuBg3BfaM,1120000,CombineZ,https://cdn.discordapp.com/attachments/395646588682240020/447410172147793921/unknown.png,854740,Dark,https://cdn.discordapp.com/attachments/395646588682240020/452928921722290199/unknown.png,225070,Darks its Me,https://cdn.discordapp.com/attachments/395646588682240020/464493674646994944/Screenshot_2018-07-05_at_2.04.53_PM.png
CellImage,Spawner,,,,290043,simp,https://i.imgur.com/A9Xk6sz.png,,,,,,
CellImage,Trap Guard,249404,LooOOooL,https://cdn.discordapp.com/attachments/372305400638472200/556265485734379520/arras.io_-_Google_Chrome_2019-03-15_5_00_03_PM.png,629010,Jimmy,https://cdn.discordapp.com/attachments/395646588682240020/445414857186213889/unknown.png,902870,Jackson,https://cdn.discordapp.com/attachments/395646588682240020/449703106624749568/unknown.png,367350,Darks its Me,https://cdn.discordapp.com/attachments/395646588682240020/465652816221044746/Screenshot_2018-07-08_at_6.56.52_PM.png
CellImage,Tri-Angle,503649,HZ6,https://cdn.discordapp.com/attachments/395646588682240020/523722370977103873/Triangle_wr.png,1520000,Road,https://cdn.discordapp.com/attachments/395646588682240020/444720639824232458/unknown.png,1050000,Dark,https://media.discordapp.net/attachments/395646588682240020/452901698072215562/unknown.png,425050,Jackson,https://cdn.discordapp.com/attachments/395646588682240020/466670659418980362/unknown.png
CellImage,Triple Shot,251459,LooOOooL,https://cdn.discordapp.com/attachments/497179241826222080/521489008174432257/arras.io_-_Google_Chrome_2018-12-09_4_47_52_PM.png,804760,MrFarmz,https://cdn.discordapp.com/attachments/447416777664888834/447417834071654401/20180518_112813.png,1365098,PokeSvorlds,https://cdn.discordapp.com/attachments/372305400638472200/452580458010640385/Screen_Shot_2018-06-02_at_2.09.29_PM.png,260650,Darks its Me,https://cdn.discordapp.com/attachments/395646588682240020/465167524007510026/wM6rOZDXP3CUgAAAABJRU5ErkJggg.png
CellImage,Tri-Trapper,216494,ð’®ð‘’ð“ƒð“…ð’¶ð’¾ð’¾ð’¾_,https://imgur.com/xA0IC7Z,341047,ð‘‰ð“ªð“·ð“®ð“¼ð“¼ð“ª,https://cdn.discordapp.com/attachments/343426143283707915/484729052788424706/unknown.png,,,,327410,Darks its Me,https://cdn.discordapp.com/attachments/395646588682240020/465357163305369601/Screenshot_2018-07-07_at_4.12.58_PM.png
CellImage,Underseer,347666,HZ6,https://cdn.discordapp.com/attachments/504993777656791063/550664945847500810/Underseer_WR.png,923580,S3CR3T,https://cdn.discordapp.com/attachments/395646588682240020/441943822319222786/Kepernyofelvetel_656.png,263660,Steve,https://cdn.discordapp.com/attachments/395646588682240020/448718057158737921/unknown.png,188580,Darks its Me,https://cdn.discordapp.com/attachments/395646588682240020/465286822633668608/8nNO5szmQTC5yrnTpclHewEukaqAVSSEMhzZCODE0cHztL37JWoIlRoOpIAAkgASSABJAAEniNwP8BEBXMYqWNLsQAAAAASUVORK.png
,,,,,,,,,,,,,
Tier 4,,                    Open Maze Domination                  ,,,                     4 Team Domination                    ,,,                      2 Team Domination                      ,,,                            Portal 4TDM                            ,,
CellImage,Annihilator,1031306,HZ6,https://cdn.discordapp.com/attachments/395646588682240020/563972141075398656/anni.png,2150000,Road,https://i.imgur.com/AHmF5rI.png,2310000,Road,https://cdn.discordapp.com/attachments/395646588682240020/448923336286928896/unknown.png,1110000,Oganesson 118,https://cdn.discordapp.com/attachments/395646588682240020/465860821373943809/unknown.png
CellImage,Architect,260918,DragonFiire,https://i.ibb.co/SBb5Z4T/arras.png,543673,deathrain,https://cdn.discordapp.com/attachments/473756220696690688/508759985992499200/HmZz1HswY9v8Bc7dPwpovTjoAAAAASUVORK5CYII.png,731350,Dark,https://cdn.discordapp.com/attachments/395646588682240020/452938264220008448/unknown.png,322190,Jackson,https://cdn.discordapp.com/attachments/395646588682240020/465211688510160901/unknown.png
CellImage,Auto-4,267327,Heavyhiterr,https://ibb.co/vQzsRRv,294708,KevinGHB,https://gyazo.com/b81d804ac378479d4b8f20bede39f572,211030,Dark,https://cdn.discordapp.com/attachments/395646588682240020/453004414123245570/unknown.png,200340,Jackson,https://cdn.discordapp.com/attachments/395646588682240020/465306526526210051/unknown.png
CellImage,Auto-5,193456,{ER},https://cdn.discordapp.com/attachments/395646588682240020/541166959006449665/Screen_Shot_2019-02-02_at_9.03.49_PM.png,515830,Dark,https://cdn.discordapp.com/attachments/395646588682240020/446631015902085121/unknown.png,299130,PokeSvorlds,https://cdn.discordapp.com/attachments/395646588682240020/451046138938654721/Screen_Shot_2018-05-29_at_8.25.20_AM.png,221170,Jackson,https://cdn.discordapp.com/attachments/395646588682240020/466235960649318400/unknown.png
CellImage,Auto Assassin,262144,simp,https://lh4.googleusercontent.com/Xca4w46SonderJehBF-JNgiuCafMgOGs6ZVBEoO7R-H8-CTyxgZBp4DJ-6L6xpqMNx_-2lWj2CxCNxhEXWw1CRNexvLxQRSJKth3IBgD3OXNgWBragHiZswBBeoJLL8Esvzq0uZZL6C,617566,HMS Flying Sniper,https://media.discordapp.net/attachments/395646588682240020/498199838953963550/Screenshot_2018-10-06_at_2.27.23_PM.png?width=888&height=500,1720000,MrFarmz,https://cdn.discordapp.com/attachments/395646588682240020/452872543507054612/Screenshot_58.png,284800,Sep.,https://cdn.discordapp.com/attachments/395646588682240020/465562168356634624/Screen_Shot_2018-07-08_at_11.57.29_AM.png
CellImage,Auto Builder,704085,pingu,https://streamable.com/52m9f,833088,Myst,https://media.discordapp.net/attachments/412402908462710784/561376419968712714/unknown.png,332420,RUBIK,https://cdn.discordapp.com/attachments/395646588682240020/452760870477365259/unknown.png,194100,Sep.,https://media.discordapp.net/attachments/395646588682240020/464920485931515904/Screen_Shot_2018-07-06_at_5.13.49_PM.png
CellImage,Auto Double,1706835,Denied,https://www.youtube.com/watch?v=x-Hj8MY_04E,1201360,[FBI] OPEN UP,https://cdn.discordapp.com/attachments/395646588682240020/514229801133932568/arras.io_-_Google_Chrome_11_19_2018_6_04_20_PM.png,292840,UltraV,https://cdn.discordapp.com/attachments/395646588682240020/451199051740741632/unknown.png,580560,CWWW,https://cdn.discordapp.com/attachments/395646588682240020/466766991135342601/Screen_Shot_2018-07-11_at_19.35.46.png
CellImage,Auto Gunner,258000,HZ6,https://cdn.discordapp.com/attachments/504993777656791063/564148403978895381/e.png,523660,Road,https://cdn.discordapp.com/attachments/395646588682240020/440292254762926110/unknown.png,765650,Road,https://cdn.discordapp.com/attachments/395646588682240020/450694918797524993/unknown.png,212960,CaptainCloud,https://cdn.discordapp.com/attachments/395646588682240020/466895899877048320/unknown.png
CellImage,Auto Overseer,589336,HZ6,https://cdn.discordapp.com/attachments/504993777656791063/549795349527527439/Auto-Overseer_WR.png,681706,ExC,https://media.discordapp.net/attachments/395646588682240020/503185312919322624/Screenshot_2018-10-20_at_8.38.23_AM.png,364327,ShinyLitwick,https://cdn.discordapp.com/attachments/395646588682240020/449872570922303498/arras.io_-_Auto-Overseer_364k_to_8m5s_WR.PNG,275190,johnronald,https://cdn.discordapp.com/attachments/395646588682240020/465409783093133327/Screenshot_32.png
CellImage,Auto Smasher,463827,someone :),https://www.youtube.com/watch?v=Rk39F30yqYc,680430,Candy!,https://cdn.discordapp.com/attachments/395646588682240020/443540190762631180/unknown.png,313890,Astra,https://cdn.discordapp.com/attachments/395646588682240020/451546500565172234/Screenshot_184.png,129700,eneri,https://cdn.discordapp.com/attachments/395646588682240020/464788774740819978/unknown.png
CellImage,Auto Spawner,171463,Heavyhiterr,https://ibb.co/GMmVZLj,227962,simp,https://i.imgur.com/go7v6d7.png,,,,,,
CellImage,Auto Tri-Angle,595000,HZ6,https://cdn.discordapp.com/attachments/395646588682240020/532392879717351434/c4bf0483f97bf662.png,813182,Myst,https://images-ext-1.discordapp.net/external/U_TfQxBlEOe61Am4dF4q1UPgZRWDYb_3zNZ47VeF_Fc/%3Fwidth%3D1192%26height%3D671/https/media.discordapp.net/attachments/411954588745465857/562064933739823115/unknown.png?,723880,Candy!,https://media.discordapp.net/attachments/395646588682240020/451446060070469642/unknown.png,772700,Zeo'Xe,https://cdn.discordapp.com/attachments/395646588682240020/465639031011803137/Screenshot_39.png
CellImage,Banshee,1177501,pingu,https://streamable.com/fvmap,617662,Denied,https://youtu.be/S-Pik1r3FD0,310774,UltraV,https://cdn.discordapp.com/attachments/395646588682240020/450093620394065926/unknown-18.png,849680,,https://cdn.discordapp.com/attachments/395646588682240020/465241887142576163/Screenshot_7.png
CellImage,Barricade,485364,HZ6,https://cdn.discordapp.com/attachments/395646588682240020/559875757690716173/o.png,687487,Psychlow,https://media.discordapp.net/attachments/395646588682240020/560542645848375325/Screen_Shot_2019-03-27_at_3.16.11_PM.png?,,,,166020,[sck]BREAKING RECORDS,https://cdn.discordapp.com/attachments/395646588682240020/465879571120652288/Screenshot_2018-07-09_at_15.58.
CellImage,Battleship,257714,[MG] Spin2Team,https://cdn.discordapp.com/attachments/524732086922248192/548616287170068505/unknown.png,568311,literal cancer,https://cdn.discordapp.com/attachments/395646588682240020/444242458264600587/unknown.png,505440,Dark,https://cdn.discordapp.com/attachments/395646588682240020/452102379060592650/unknown.png,492098,literal cancer,https://cdn.discordapp.com/attachments/395646588682240020/465491398603309067/unknown.png
CellImage,Bent Double,444295,someone :),https://www.youtube.com/watch?v=vrN9AQOLAVk,473390,EternalFrost,https://cdn.discordapp.com/attachments/395646588682240020/443885821834297344/unknown.png,216410,EternalFrost,https://cdn.discordapp.com/attachments/395646588682240020/448272496337354773/unknown.png,,,
CellImage,Bent Hybrid,315076,mq,https://media.discordapp.net/attachments/395646588682240020/554021101995425802/Screenshot_1102.png,524577,Zeo'Xe,https://ibb.co/mJehLz,503070,mq,https://cdn.discordapp.com/attachments/395646588682240020/448260464288333825/Screenshot_286.png,670950,Zeo'Xe,https://cdn.discordapp.com/attachments/395646588682240020/465657360158031884/Screenshot_43.png
CellImage,Bomber,236404,someone :),https://www.youtube.com/watch?v=8dDCrvW2yLw,892570,Road,https://cdn.discordapp.com/attachments/395646588682240020/444237274457309205/unknown.png,364700,pedal,https://cdn.discordapp.com/attachments/395646588682240020/451557793758183434/unknown.png,518650,CWWW,https://cdn.discordapp.com/attachments/395646588682240020/466015888613572608/Screen_Shot_2018-07-09_at_23.59.32.png
CellImage,Boomer,275571,simp,https://i.imgur.com/Wuogfa4.png,406940,Candy!,https://cdn.discordapp.com/attachments/395646588682240020/446338865125392386/unknown.png,205560,UltraV,https://cdn.discordapp.com/attachments/395646588682240020/451509935193456651/unknown.png,313570,CWWW,https://cdn.discordapp.com/attachments/395646588682240020/466392681833168907/Screen_Shot_2018-07-11_at_00.56.29.png
CellImage,Booster,510402,simp,https://i.imgur.com/SiMl15z.png,1700000,Jimmy,https://cdn.discordapp.com/attachments/395646588682240020/442850784888225803/unknown.png,667510,Dark,https://cdn.discordapp.com/attachments/395646588682240020/452828219901476884/unknown.png,1450000,Quadruplex,https://i.imgur.com/vksHhjk.png
CellImage,Bulwark,193296,Heavyhiterr,https://ibb.co/987MgVC,452427,pool noodle,https://media.discordapp.net/attachments/372773851479932938/485626614940565504/unknown.png,,,,513290,eneri,https://cdn.discordapp.com/attachments/395646588682240020/464249678050099200/unknown.png
CellImage,Bushwhacker,409164,simp,https://i.imgur.com/oc3SEJ9.png,2300000,Candy!,https://cdn.discordapp.com/attachments/395646588682240020/442379016108769311/unknown.png,469320,UltraV,https://cdn.discordapp.com/attachments/395646588682240020/448298734888026112/unknown.png,433439,Phoenix,https://cdn.discordapp.com/attachments/395646588682240020/492288367636250625/433k_Bushwacker_WR.png
CellImage,Carrier,260294,[MG] Spin2Team,https://cdn.discordapp.com/attachments/434800846375747627/546836898233057280/unknown.png,1040000,Road,https://cdn.discordapp.com/attachments/395646588682240020/442066071197974538/unknown.png,425740,YKW,https://cdn.discordapp.com/attachments/395646588682240020/452715848562376714/Carrier_425k_score.PNG,541230,Quadruplex,https://i.imgur.com/vQIaJhW.png
CellImage,Conqueror,145698,simp,https://lh4.googleusercontent.com/qBmeMpblwCdfdjy6ApnbwnWIeURNnDUcj4xiSvyLuGubyP5QoNWVwI1KBEF5jYK8X70KxZXkdjZ5ibenXyCbMmFm99tNrYZXxG_NkAX90_wkzi-jrFzPJ2cYitFDhzjU4SMmTtFB,915627,Road,https://cdn.discordapp.com/attachments/395646588682240020/496590633708814356/unknown.png,331480,Denmark,https://cdn.discordapp.com/attachments/395646588682240020/452642643348946944/Screen_Shot_2018-06-02_at_6.18.49_PM.png,147710,Jackson,https://cdn.discordapp.com/attachments/395646588682240020/466044924282798100/unknown.png
CellImage,Constructor,477227,someone :),https://www.youtube.com/watch?v=jN4Y9dpi_gw,350560,Candy!,https://cdn.discordapp.com/attachments/395646588682240020/443194034194874368/unknown.png,1100000,Candy!,https://cdn.discordapp.com/attachments/395646588682240020/452274934752739331/unknown.png,295540,johnronald,https://cdn.discordapp.com/attachments/395646588682240020/465373230794801152/Screenshot_31.png
CellImage,Crop Duster,410253,HMS Flying Sniper,https://media.discordapp.net/attachments/525857522490540033/531201085201973258/Screenshot_2019-01-05_at_3.02.42_PM.png,451025,Myst,https://media.discordapp.net/attachments/411954588745465857/563191942339362816/unknown.png?,305610,Candy!,https://cdn.discordapp.com/attachments/395646588682240020/449181464643239936/unknown.png,118560,Jackson,https://cdn.discordapp.com/attachments/395646588682240020/464432364043501577/unknown.png
CellImage,Cyclone,566375,Tophat Billy,https://cdn.discordapp.com/attachments/393932217262407691/550134869594996736/unknown.png,364596,LooOOooL,https://cdn.discordapp.com/attachments/372305400638472200/560553560014848025/arras.io_-_Google_Chrome_2019-03-27_12_58_41_PM.png,,,,,,
CellImage,Dual,526303,simp,https://i.imgur.com/uVe4Ee9.png,1510000,Jackson,https://image.prntscr.com/image/Xo_15DpbQo_xOTvfqE35Fg.png,553680,AMagicalWizardPie,https://cdn.discordapp.com/attachments/399546657127268352/450454737926750208/unknown.png,915220,(IX)BOBBOSS10.0,https://image.prntscr.com/image/OJUKbh1gRUW26daQUVmzXA.png
CellImage,Eagle,655115,pingu,https://i.imgur.com/IIRcrrE.png,446980,someone :),https://www.youtube.com/watch?v=ms_KwZIwksA,,,,1110000,Candy!,https://cdn.discordapp.com/attachments/395646588682240020/464520988068020224/unknown.png
CellImage,Engineer,316424,LooOOooL,https://cdn.discordapp.com/attachments/497179241826222080/556274393307807745/arras.io_-_Google_Chrome_2019-03-15_5_33_03_PM.png,499517,ExC,https://cdn.discordapp.com/attachments/482593437720510474/487735971811688475/Screenshot_2018-09-07_at_5.26.01_PM.png,504180,DeadLord,https://cdn.discordapp.com/attachments/396378236705046529/451436421828444178/Captura_de_Tela_2018-05-30_as_6.30.08_PM.png,734220,CongratsIsTrash,https://cdn.discordapp.com/attachments/395646588682240020/464596785764106240/Screenshot_207.png
CellImage,Factory,278470,HZ6,https://cdn.discordapp.com/attachments/395646588682240020/566554003039846400/up.png,764006,DeadLord,https://media.discordapp.net/attachments/395646588682240020/499623876867915806/Captura_de_Tela_2018-09-17_as_1.06.07_PM.png,294070,Fuck witch hunters,https://cdn.discordapp.com/attachments/395646588682240020/450478322288295938/Screenshot_56.png,,,
CellImage,Falcon,255082,Stradpult,https://cdn.discordapp.com/attachments/360882315200823297/553287128474451988/unknown.png,2090000,MrFarmz,https://cdn.discordapp.com/attachments/395646588682240020/447888708360732682/20180520_172921.png,693020,CombineZ,https://cdn.discordapp.com/attachments/395646588682240020/449881127776288778/unknown.png,385130,CWWW,https://cdn.discordapp.com/attachments/395646588682240020/466256752803971072/Screen_Shot_2018-07-10_at_15.57.03.png
CellImage,Fighter,449710,someone :),https://www.youtube.com/watch?v=s742JrrTleQ,1200000,Jimmy,https://cdn.discordapp.com/attachments/395646588682240020/445705634114174978/unknown.png,864824,Road,https://media.discordapp.net/attachments/395646588682240020/448942599815036928/unknown.png,,,
CellImage,Fortress,219816,Heavyhiterr,https://ibb.co/MGSftQj,547100,Road,https://cdn.discordapp.com/attachments/395646588682240020/440674851808608266/unknown.png,256500,Stradpult,https://cdn.discordapp.com/attachments/395646588682240020/452188412213198859/unknown.png,285980,Denied,https://cdn.discordapp.com/attachments/395646588682240020/466289855865815050/Screenshot_7.png
CellImage,Gunner Trapper,632256,someone :),https://www.youtube.com/watch?v=3OfDR7EQSlI,938895,literal cancer,https://cdn.discordapp.com/attachments/395646588682240020/445262921413427201/unknown.png,476170,Psychlow,https://cdn.discordapp.com/attachments/395646588682240020/451506241127055380/Screenshot_2018-05-30_at_6.04.12_PM.png,727740,Oganesson 118,https://cdn.discordapp.com/attachments/395646588682240020/464707397928091668/unknown.png
CellImage,Hexa Trapper,254865,DragonFiire,https://ibb.co/2cnGYGy,416431,literal cancer,https://cdn.discordapp.com/attachments/395646588682240020/445309038155137034/unknown.png,124840,Quadruplex,https://i.imgur.com/7Qe1TcD.png,,,
CellImage,Hewn Double,216052,someone :),https://www.youtube.com/watch?v=KD2m-jVjxe0,555900,EternalFrost,https://cdn.discordapp.com/attachments/395646588682240020/444298151487078410/unknown.png,471880,Stradpult,https://cdn.discordapp.com/attachments/395646588682240020/451478628505616385/unknown.png,339730,Sep.,https://cdn.discordapp.com/attachments/395646588682240020/465638166737453070/Screen_Shot_2018-07-08_at_4.59.21_PM.png
CellImage,Hybrid,732340,someone :),https://www.youtube.com/watch?v=C9MF9WY01dE,1740000,MrFarmz,https://cdn.discordapp.com/attachments/447416777664888834/447416999426129931/20180518_134041.png,1010000,Road,https://cdn.discordapp.com/attachments/395646588682240020/449444785116282881/unknown.png,1490000,Oganesson 118,https://cdn.discordapp.com/attachments/395646588682240020/466177241701810177/unknown.png
CellImage,Landmine,486198,[MG] Spin2Team,https://cdn.discordapp.com/attachments/529419529181331469/529779123497730088/unknown.png,777811,KevinGHB,https://gyazo.com/9207e3d07e07f7019f3d68607181bb08,381510,Stradpult,https://cdn.discordapp.com/attachments/395646588682240020/452520879751036929/unknown.png,571080,Darks its Me,https://cdn.discordapp.com/attachments/395646588682240020/467114410914217984/MlVVEykQRAEBIAAEgEDiCUR6CSAx9D3PPzmZbp4UBAnjVDOXpBpJ4tFopChKYuYXhAABIPBfCPxEWDVH1XTnbQH9ttzsz0Ym65PY.png
CellImage,Machine Gunner,226929,DaPain,https://cdn.discordapp.com/attachments/395646588682240020/549862686234771456/Screenshot_122.png,,,,185890,UltraV,https://cdn.discordapp.com/attachments/395646588682240020/450104718207877120/unknown.png,,,
CellImage,Maleficitor,191973,ÈºlÉ¢â‚rÉªTÊœm,https://cdn.discordapp.com/attachments/395646588682240020/563777519401041921/B0V6SFIACVl0fjOFDhinGquth87kWClhVwKrPTVrl8E0joIDVm4boSonderAAasKWDU3mRWwai5ta3rL2jpCCvAlbNznMFrHo3aKmAV.png,471416,K. Whale,https://media.discordapp.net/attachments/478397734592708618/499804698556104704/nXEmu2lhSckAAAAASUVORK5CYII.png,,,,,,
CellImage,Manager,453955,DaPain,https://cdn.discordapp.com/attachments/372305400638472200/543747882864607242/Screenshot_75.png,1246244,Psychlow,https://media.discordapp.net/attachments/395646588682240020/559802646886744076/Screen_Shot_2019-03-25_at_2.15.43_PM.png?,768450,Dark,https://cdn.discordapp.com/attachments/395646588682240020/452415461712330752/unknown.png,610650,moouse,https://cdn.discordapp.com/attachments/395646588682240020/466797240329961473/managerwr.PNG
CellImage,Mega Smasher,645237,someone :),https://www.youtube.com/watch?v=jWdjO2r4d3I,1155416,HZ6,https://cdn.discordapp.com/attachments/395646588682240020/569198315162566686/unknown.png,472340,Dark,https://cdn.discordapp.com/attachments/395646588682240020/452426895028649994/unknown.png,506390,Darks its Me,https://cdn.discordapp.com/attachments/395646588682240020/465751047009206282/Screenshot_49.png
CellImage,Mega-3,248006,simp,https://i.imgur.com/dQw1gZe.png,347270,your time,https://cdn.discordapp.com/attachments/395646588682240020/447050304907771904/WS000059.png,293360,LAD,https://cdn.discordapp.com/attachments/395646588682240020/452180823072833536/unknown.png,207910,Darks its Me,https://cdn.discordapp.com/attachments/395646588682240020/466700108462030862/ARPnzJTyJwvEAAAAAElFTkSuQmCC.png
CellImage,Mortar,863761,Denied,https://www.youtube.com/watch?v=S10OyvETWlM&feature=youtu.be,545760,ENIGMA,https://cdn.discordapp.com/attachments/395646588682240020/447357425612226571/Screen_Shot_2018-05-19_at_3.18.29_PM.png,646690,RUBIK,https://cdn.discordapp.com/attachments/395646588682240020/450654149613453312/unknown.png,558220,Zeo'Xe,https://cdn.discordapp.com/attachments/395646588682240020/466223697045356556/Screenshot_5.png
CellImage,Musket,1660594,Denied,https://www.youtube.com/watch?v=D7IavQeLR_E&feature=youtu.be,731476,Denied,https://www.youtube.com/watch?v=sB-iP02MzsI&feature=youtu.be,,,,,,
CellImage,Nailgun,543267,someone :),https://youtu.be/qZUpj-kdgW4,621020,Candy!,https://cdn.discordapp.com/attachments/395646588682240020/440850797786562570/unknown.png,661060,PokeSvorlds,https://cdn.discordapp.com/attachments/395646588682240020/451585792100532240/Screen_Shot_2018-05-30_at_8.19.18_PM.png,1550000,UltraV,https://cdn.discordapp.com/attachments/395646588682240020/464293756397682709/unknown.png
CellImage,Necromancer,333023,ð’®ð‘’ð“ƒð“…ð’¶ð’¾ð’¾ð’¾_,https://imgur.com/bCQxpva,524750,Jimmy,https://cdn.discordapp.com/attachments/395646588682240020/445289247491227648/unknown.png,232380,Jackson,https://images-ext-1.discordapp.net/external/93Lc5J4bbeMU8bfLjXUh1y1F0-QrS_s7W9sdH3SSu5k/https/cdn.discordapp.com/attachments/395646588682240020/449676555048976394/unknown.png,138770,Darks its Me,https://cdn.discordapp.com/attachments/395646588682240020/466454079158353920/Screenshot_2018-07-11_at_12.00.13_AM.png
CellImage,Octo Tank,203398,[MG] Spin2Team,https://cdn.discordapp.com/attachments/524732086922248192/548325074592071696/unknown.png,506265,ExC,https://media.discordapp.net/attachments/395646588682240020/497558548507525130/Screenshot_2018-10-04_at_7.59.50_PM.png,337210,UltraV,https://cdn.discordapp.com/attachments/395646588682240020/450093620394065920/unknown-19.png,,,
CellImage,Overdrive,380861,Mohsen Gaming,https://cdn.discordapp.com/attachments/360150542338621452/557950422745350154/unknown.png,635481,Psychlow,https://media.discordapp.net/attachments/395646588682240020/560504621630488586/Screen_Shot_2019-03-27_at_12.44.44_PM.png?,,,,,,
CellImage,Overgunner,552987,pingu,https://streamable.com/px9g9,453895,pool noodle,https://media.discordapp.net/attachments/395646588682240020/514909423324626947/unknown.png,365590,UltraV,https://cdn.discordapp.com/attachments/395646588682240020/450107512826626059/unknown.png,214510,moouse,https://cdn.discordapp.com/attachments/395646588682240020/467059270119194625/unknown.png
CellImage,Overlord,1133876,HZ6,https://cdn.discordapp.com/attachments/395646588682240020/551720668509503488/SPOILER_Overlord_WR.png,1022429,Mohsen Overlord,https://cdn.discordapp.com/attachments/461272544943538216/565167994108510210/unknown.png,1770000,Psychlow,https://cdn.discordapp.com/attachments/395646588682240020/449959122604130304/Screenshot_2018-05-26_at_11.36.39_AM.png,521060,CongratsIsTrash,https://cdn.discordapp.com/attachments/395646588682240020/464806537559408674/Screenshot_211.png
CellImage,Overtrapper,432892,pingu,https://streamable.com/cilbo,574390,Jimmy,https://cdn.discordapp.com/attachments/395646588682240020/445739918988279818/unknown.png,511250,AMagicalWizardPie,https://cdn.discordapp.com/attachments/399546657127268352/450735199710478348/unknown.png,269660,moouse,https://cdn.discordapp.com/attachments/395646588682240020/466751058413355017/unknown.png
CellImage,Penta Shot,716311,Denied,https://www.youtube.com/watch?v=i7bB_afx5dY&feature=youtu.be + https://cdn.discordapp.com/attachments/395646588682240020/536224250453819392/arras.io_-_Google_Chrome_19_01_2019_16_43_25.png,681002,literal cancer,https://cdn.discordapp.com/attachments/395646588682240020/443880823704256513/unknown.png,484070,Psychlow,https://cdn.discordapp.com/attachments/395646588682240020/449373782252060672/Screenshot_2018-05-24_at_8.50.36_PM.png,992320,Pewpew,https://cdn.discordapp.com/attachments/395646588682240020/466664848109862923/Untitled.jpg
CellImage,Poacher,310475,istiR,https://cdn.discordapp.com/attachments/395646588682240020/526409392804069386/unknown.png,655730,Candy!,https://cdn.discordapp.com/attachments/395646588682240020/442046850237726730/unknown.png,515500,S3CR3T,https://cdn.discordapp.com/attachments/395646588682240020/451761824472367114/Arras-Poacher_520k.png,538400,pedal,https://cdn.discordapp.com/attachments/395646588682240020/464501849035243520/unknown.png
CellImage,Predator,335736,simp,https://lh3.googleusercontent.com/DGxlQxr7KmpcIwfGTMydq2SaJ3mR0YxWTY5TiI5iQO6gEvE1FjBrlnFaYdzgkEbOTAw2TCXfA_HDb-4xfabazTL2ML6TuPnpkWqfX1XKkrgHwXxzs3TPZURCNj4OV13LRwQW7P0a,481540,Jackson,https://image.prntscr.com/image/0hccVQ7fQSunVIbcmextgg.png,489020,RUBIK,https://cdn.discordapp.com/attachments/395646588682240020/450259506279088141/unknown.png,128260,Jackson,https://cdn.discordapp.com/attachments/395646588682240020/465883219200442370/unknown.png
CellImage,Ranger,291301,LooOOooL,https://cdn.discordapp.com/attachments/497179241826222080/555915226814480385/arras.io_-_Google_Chrome_2019-03-14_5_47_25_PM.png,642371,pedal,https://cdn.discordapp.com/attachments/395646588682240020/440592968525676574/unknown.png,478360,RUBIK,https://cdn.discordapp.com/attachments/395646588682240020/450227937925660692/unknown.png,347140,CWWW,https://cdn.discordapp.com/attachments/395646588682240020/468037004878413825/Screen_Shot_2018-07-12_at_16.16.29.png
CellImage,Septa Trapper,226662,DragonFiire,https://ibb.co/LxS2Nvj,304112,!,https://cdn.discordapp.com/attachments/485859737762791434/489436000540557312/unknown.png,,,,,,
CellImage,Shotgun,197759,LooOOooL,https://cdn.discordapp.com/attachments/372305400638472200/547528806294880303/Screen_Shot_2019-02-19_at_1.20.34_PM.png,552060,Road,https://cdn.discordapp.com/attachments/395646588682240020/442102326988374017/unknown.png,323690,Stradpult,https://cdn.discordapp.com/attachments/395646588682240020/452526693500977175/unknown.png,,,
CellImage,Sidewinder,438216,simp,https://lh4.googleusercontent.com/KM50MhYtfqFeZDZ4XBMCqNPsHoG_JXMR4aqB95XwYdFOeBYJhFWBUhjoiEv6Th4qtrIEZA3EVC8VhqbM_45xI9w7v1Aeu4g07p3ibz2bs1cBP6twMD-oiZm86aL3jo3gkYtQI4en,403300,Jimmy,https://cdn.discordapp.com/attachments/395646588682240020/445801446102007818/unknown.png,327680,RUBIK,https://cdn.discordapp.com/attachments/395646588682240020/451797303204904970/unknown.png,101570,Sep.,https://cdn.discordapp.com/attachments/395646588682240020/464915282339692544/Screen_Shot_2018-07-06_at_5.07.08_PM.png
CellImage,Single,870011,someone :),https://www.youtube.com/watch?v=oBdpr2JJqyY,667160,Dark,https://cdn.discordapp.com/attachments/395646588682240020/446277550524727297/unknown.png,546110,Perfection!!!,https://cdn.discordapp.com/attachments/395646588682240020/451486987514281985/Screenshot_2018-05-30_at_4.42.35_PM.png,1030000,!,https://cdn.discordapp.com/attachments/395646588682240020/464846282373070878/unknown.png
CellImage,Skimmer,403326,simp,https://lh4.googleusercontent.com/8M5dnwKEiI9RVNcBxKS4xOxiT00lDfwxyjiAJi-H_q2Kz67LgC4KkjfIXb2_2wse4Xl1IliIf708n6H76tcnV1EcY0xlBacSD5KJalBHeG8u7O61F7jbI48SElOPeDXSazbJ-jtm,773065,KevinGHB,https://gyazo.com/81cc76148cd79670213ef51e0228130a,396770,Stradpult,https://cdn.discordapp.com/attachments/395646588682240020/452077542774407199/unknown.png,362410,Sep.,https://cdn.discordapp.com/attachments/395646588682240020/466745675808374798/Screen_Shot_2018-07-11_at_5.58.31_PM.png
CellImage,Spike,709287,[FBI] OPEN UP,https://cdn.discordapp.com/attachments/395646588682240020/539968134396772423/wr1.png,992956,Dark,https://cdn.discordapp.com/attachments/488204613753765909/502918641222680580/unknown.png,547600,Dark,https://cdn.discordapp.com/attachments/395646588682240020/452866166919004161/unknown.png,,,
CellImage,Sprayer,328143,LooOOooL,https://media.discordapp.net/attachments/395646588682240020/557347516094611478/arras.io_-_Google_Chrome_2019-03-18_4_39_34_PM.png,632150,Dark,https://cdn.discordapp.com/attachments/395646588682240020/446337607203553281/unknown.png,265980,Dark,https://cdn.discordapp.com/attachments/395646588682240020/448547202873163786/unknown.png,,,
CellImage,Spreadshot,229190,ÈºlÉ¢â‚rÉªTÊœm,https://cdn.discordapp.com/attachments/395646588682240020/563817894434308116/TBMS5Z72IUQAAAABJRU5ErkJggg.png,468521,ExC,https://cdn.discordapp.com/attachments/395646588682240020/487968143533146123/Screenshot_2018-09-08_at_8.50.57_AM.png,203230,Execute X,https://cdn.discordapp.com/attachments/395646588682240020/450475697513824288/unknown.png,318030,Sep.,https://cdn.discordapp.com/attachments/395646588682240020/466405026466758686/Screen_Shot_2018-07-10_at_7.46.11_PM.png
CellImage,Stalker,307885,Heavyhiterr,https://ibb.co/VDQMfGH,989267,Psychlow,https://media.discordapp.net/attachments/395646588682240020/560493237421473792/Screen_Shot_2019-03-27_at_11.59.51_AM.png?,1070000,Hurricane,https://cdn.discordapp.com/attachments/395646588682240020/452367911965949962/Screenshot_2018-06-02_at_3.04.34_PM.png,126630,Sep.,https://cdn.discordapp.com/attachments/395646588682240020/465273732378656768/Screen_Shot_2018-07-07_at_4.51.08_PM.png
CellImage,Streamliner,328225,simp,https://i.imgur.com/ni56ls3.png,512156,ExC,https://media.discordapp.net/attachments/395646588682240020/501489302132359188/Screenshot_2018-10-15_at_4.19.10_PM.png,474750,PokeSvorlds,https://cdn.discordapp.com/attachments/395646588682240020/451134364173074432/Screen_Shot_2018-05-29_at_2.19.28_PM.png,826660,PokeSvorlds,https://cdn.discordapp.com/attachments/395646588682240020/465008096658587649/Screen_Shot_2018-07-06_at_9.15.36_PM.png
CellImage,Surfer,320368,istiR,https://cdn.discordapp.com/attachments/395646588682240020/535798321663442945/unknown.png,1330000,Jackson,https://i.imgur.com/tverYnlh.jpg,1180000,Jackson,https://cdn.discordapp.com/attachments/395646588682240020/450676972461228032/unknown.png,1010000,CWWW,https://cdn.discordapp.com/attachments/395646588682240020/465219388908371998/Screenshot_1.png
CellImage,Swarmer,500504,pool noodle,https://cdn.discordapp.com/attachments/560253854160257045/577304465355571210/unknown.png,,,,,,,,,
CellImage,Triple Twin,294163,LooOOooL,https://cdn.discordapp.com/attachments/372305400638472200/548673555609419792/arras.io_-_Google_Chrome_2019-02-22_5_12_19_PM.png,415090,ã€”ð’ˆã€•Â»ð•†ð•šð•ð•žð•’ð•ŸÂ«,https://cdn.discordapp.com/attachments/395646588682240020/442040234109042698/Screenshot_2018-05-04_at_2.09.35_PM.png,349750,Denmark,https://cdn.discordapp.com/attachments/395646588682240020/449420183086432267/Screen_Shot_2018-05-24_at_8.54.10_PM.png,595210,CWWW,https://cdn.discordapp.com/attachments/395646588682240020/466763470348615680/Screen_Shot_2018-07-12_at_01.30.33.png
CellImage,Triplet,538100,HZ6,https://cdn.discordapp.com/attachments/395646588682240020/563038378711580682/tr.png,654962,Denied,https://youtu.be/sermd8CJDwg,343250,Road,https://cdn.discordapp.com/attachments/396378236705046529/452191607991566336/unknown.png,1060000,Nonknull,https://cdn.discordapp.com/attachments/395646588682240020/465808389814091796/Triplet.PNG
CellImage,Twister,218385,simp,https://lh6.googleusercontent.com/M_gJuJMIPsdfTT9rY4dQrCpY3n6tQ57c5o-wBsyswuAJRwnOyB4N8niRrQdfQvdtWrADMIG5N68CLz8oFZrZjyCMrQU-6V6YOIbYihOa-cN3iHg6eWc3D5ckjhbYV1ixO8yavtzp,370684,LooOOooL,https://cdn.discordapp.com/attachments/372305400638472200/559522613949366282/arras.io_-_Google_Chrome_2019-03-24_4_42_22_PM.png,,,,,,